Focal,Var,Importance,OOB,NumberBGCs
BGdh_OR,Eref_at,154.017357011743,0.137476777571356,40
BGdh_OR,PPT_sm,145.132806693846,0.137476777571356,40
BGdh_OR,TD,138.652248515715,0.137476777571356,40
BGdh_OR,PAS_wt,137.706189015125,0.137476777571356,40
BGdh_OR,PPT.dormant,136.978776396289,0.137476777571356,40
BGdh_OR,PPT_JAS,134.254467955726,0.137476777571356,40
BGdh_OR,MSP,132.211689749428,0.137476777571356,40
BGdh_OR,PPT_MJ,115.036804896831,0.137476777571356,40
BGdh_OR,CMD.total,112.341673336071,0.137476777571356,40
BGdh_OR,SHM,107.807443733042,0.137476777571356,40
BGdw_OR,MSP,71.6893605001909,0.124901806755695,17
BGdw_OR,TD,65.5506807561512,0.124901806755695,17
BGdw_OR,Eref_at,63.7975749413013,0.124901806755695,17
BGdw_OR,PPT_JAS,62.5338186710901,0.124901806755695,17
BGdw_OR,PAS_wt,59.3798564240786,0.124901806755695,17
BGdw_OR,CMD_at,58.6367340151255,0.124901806755695,17
BGdw_OR,PPT.dormant,57.8824535062709,0.124901806755695,17
BGdw_OR,PPT_sm,56.9235759079945,0.124901806755695,17
BGdw_OR,PPT_MJ,55.318304418688,0.124901806755695,17
BGdw_OR,SHM,47.6187197721713,0.124901806755695,17
BGdw_WA,CMD_at,45.0547606433484,0.0923248053392659,6
BGdw_WA,Eref_at,30.7071881348673,0.0923248053392659,6
BGdw_WA,PPT_MJ,28.4553391057744,0.0923248053392659,6
BGdw_WA,PPT_sm,28.1243817419858,0.0923248053392659,6
BGdw_WA,CMD,22.9298510862684,0.0923248053392659,6
BGdw_WA,MSP,22.7365142784308,0.0923248053392659,6
BGdw_WA,SHM,20.1550711544127,0.0923248053392659,6
BGdw_WA,PPT_JAS,17.2627277333688,0.0923248053392659,6
BGdw_WA,DD_0_sp,17.044613971273,0.0923248053392659,6
BGdw_WA,CMD.total,16.9920860666768,0.0923248053392659,6
BGmk_MT,PPT_JAS,124.890756361992,0.120668162552979,28
BGmk_MT,Eref_at,120.737409631265,0.120668162552979,28
BGmk_MT,PPT_MJ,112.637226491555,0.120668162552979,28
BGmk_MT,PAS_wt,100.216003215506,0.120668162552979,28
BGmk_MT,PPT_sm,91.7976433115975,0.120668162552979,28
BGmk_MT,SHM,80.7473242033345,0.120668162552979,28
BGmk_MT,NFFD_wt,76.3200849695939,0.120668162552979,28
BGmk_MT,Tmin_wt,73.1205704790486,0.120668162552979,28
BGmk_MT,MSP,71.7343052148964,0.120668162552979,28
BGmk_MT,CMD_at,70.4581770330019,0.120668162552979,28
BGmk_NV,Eref_at,153.018953250826,0.139677353481724,33
BGmk_NV,TD,138.36260722315,0.139677353481724,33
BGmk_NV,PPT_JAS,129.089926238906,0.139677353481724,33
BGmk_NV,PPT.dormant,112.740348162956,0.139677353481724,33
BGmk_NV,PPT_sm,109.592299316115,0.139677353481724,33
BGmk_NV,PAS_wt,109.505245752858,0.139677353481724,33
BGmk_NV,PPT_MJ,105.574583010861,0.139677353481724,33
BGmk_NV,Tmin_wt,90.5685992795024,0.139677353481724,33
BGmk_NV,TmaxJuly,89.047842734495,0.139677353481724,33
BGmk_NV,MSP,87.9044892385944,0.139677353481724,33
BGmm_MT,PPT_MJ,92.7121231250673,0.136090491339696,22
BGmm_MT,SHM,80.0820371307,0.136090491339696,22
BGmm_MT,Eref_at,75.4702169507878,0.136090491339696,22
BGmm_MT,MSP,60.8593376476858,0.136090491339696,22
BGmm_MT,EXT,57.1851875059344,0.136090491339696,22
BGmm_MT,PPT_JAS,54.1558022498133,0.136090491339696,22
BGmm_MT,MAP,48.518461702011,0.136090491339696,22
BGmm_MT,Tmin_wt,47.5101369094183,0.136090491339696,22
BGmm_MT,PPT.dormant,47.2631211074818,0.136090491339696,22
BGmm_MT,TD,45.3355298323602,0.136090491339696,22
BGmw_OR,Eref_at,71.8112808358353,0.0933119743692431,17
BGmw_OR,PPT_JAS,58.9780589379913,0.0933119743692431,17
BGmw_OR,DD_0_sp,58.2925493206806,0.0933119743692431,17
BGmw_OR,CMD_at,55.4499516581835,0.0933119743692431,17
BGmw_OR,PPT_MJ,55.1850205817915,0.0933119743692431,17
BGmw_OR,TD,54.0021742193989,0.0933119743692431,17
BGmw_OR,PPT_sm,52.806525547564,0.0933119743692431,17
BGmw_OR,SHM,52.3421289436582,0.0933119743692431,17
BGmw_OR,PPT.dormant,51.1735582295957,0.0933119743692431,17
BGmw_OR,NFFD_wt,51.0714617219262,0.0933119743692431,17
BGmw_WA,TD,58.0807950970059,0.110266159695818,15
BGmw_WA,PPT_JAS,53.81369229007,0.110266159695818,15
BGmw_WA,Eref_at,51.6609309585599,0.110266159695818,15
BGmw_WA,CMD.total,50.0221748155019,0.110266159695818,15
BGmw_WA,NFFD_sp,49.3434161210662,0.110266159695818,15
BGmw_WA,CMD_at,48.4626335304352,0.110266159695818,15
BGmw_WA,SHM,48.2388806169726,0.110266159695818,15
BGmw_WA,PPT_sm,46.5887084794024,0.110266159695818,15
BGmw_WA,PPT_MJ,44.1798459220023,0.110266159695818,15
BGmw_WA,MSP,43.5178149769116,0.110266159695818,15
BGwm_WA,CMD_at,53.2719516921794,0.111790878754171,12
BGwm_WA,SHM,49.9248982888196,0.111790878754171,12
BGwm_WA,TD,49.305058633637,0.111790878754171,12
BGwm_WA,PPT_sm,49.232895369566,0.111790878754171,12
BGwm_WA,Tmax_wt,47.540714084739,0.111790878754171,12
BGwm_WA,PPT_JAS,44.8739921085439,0.111790878754171,12
BGwm_WA,DD18_sp,40.20295590535,0.111790878754171,12
BGwm_WA,MSP,40.0352786779301,0.111790878754171,12
BGwm_WA,MAP,39.3593013210817,0.111790878754171,12
BGwm_WA,PPT_MJ,39.3138465448329,0.111790878754171,12
BGxh_WA,Eref_at,135.397386567007,0.103253907250833,28
BGxh_WA,PPT_sm,107.164887461955,0.103253907250833,28
BGxh_WA,MSP,101.507635607102,0.103253907250833,28
BGxh_WA,TD,97.1744701419843,0.103253907250833,28
BGxh_WA,CMD_at,89.4536141269148,0.103253907250833,28
BGxh_WA,PPT.dormant,87.0113658611677,0.103253907250833,28
BGxh_WA,Tmax_wt,86.932385736344,0.103253907250833,28
BGxh_WA,SHM,82.3374424481714,0.103253907250833,28
BGxh_WA,PPT_MJ,75.9449758401777,0.103253907250833,28
BGxh_WA,MCMT,75.9260940515972,0.103253907250833,28
BGxh1,CMD_at,33.3042614548442,0.0666666666666667,5
BGxh1,CMDMax,33.2177410089562,0.0666666666666667,5
BGxh1,CMD_sm,30.6440838456696,0.0666666666666667,5
BGxh1,PPT_JAS,25.8921026446787,0.0666666666666667,5
BGxh1,CMD.grow,25.5623848265476,0.0666666666666667,5
BGxh1,Tmax_at,21.4765362405416,0.0666666666666667,5
BGxh1,PAS_at,18.4097548628205,0.0666666666666667,5
BGxh1,Eref,17.9081959777664,0.0666666666666667,5
BGxh1,CMD.total,17.4873404455804,0.0666666666666667,5
BGxh1,PAS_sp,16.4162960949753,0.0666666666666667,5
BGxh2,PAS,12.5675651994761,0.157777777777778,3
BGxh2,TmaxJuly,12.3975520709206,0.157777777777778,3
BGxh2,Tmax_sm,11.9833848059013,0.157777777777778,3
BGxh2,TD,10.4139194281003,0.157777777777778,3
BGxh2,DD_18_sp,10.2408446057644,0.157777777777778,3
BGxh2,PAS_at,9.11159119167596,0.157777777777778,3
BGxh2,MWMT,7.76699877582243,0.157777777777778,3
BGxh2,PAS_wt,7.53724678948911,0.157777777777778,3
BGxh2,Tmax_sp,7.19323086424256,0.157777777777778,3
BGxh2,DD5_sm,6.85011436622841,0.157777777777778,3
BGxh3,CMI,24.1650046123555,0.142666666666667,5
BGxh3,PAS_wt,21.9022932698131,0.142666666666667,5
BGxh3,PPT,19.1137323063171,0.142666666666667,5
BGxh3,CMD.total,17.5336038144916,0.142666666666667,5
BGxh3,EMT,17.0462881407613,0.142666666666667,5
BGxh3,PPT.dormant,16.1646856071125,0.142666666666667,5
BGxh3,MCMT,14.4693954112758,0.142666666666667,5
BGxh3,Tmin_wt,13.7487960955564,0.142666666666667,5
BGxh3,Tmax_at,13.5212945487726,0.142666666666667,5
BGxh3,CMD_at,13.0981649260521,0.142666666666667,5
BGxw1,PAS,15.3643672863546,0.178333333333333,4
BGxw1,CMD_sp,14.9090421201017,0.178333333333333,4
BGxw1,DD18_at,13.6740838165348,0.178333333333333,4
BGxw1,CMD.total,10.2029386678869,0.178333333333333,4
BGxw1,CMD,9.96613526086493,0.178333333333333,4
BGxw1,PAS_wt,9.72529628259981,0.178333333333333,4
BGxw1,PAS_at,9.4486146706546,0.178333333333333,4
BGxw1,CMI,9.22985982815332,0.178333333333333,4
BGxw1,AHM,9.20476052113192,0.178333333333333,4
BGxw1,Tmax_sm,9.14884351978163,0.178333333333333,4
BGxw2,MCMT,17.0307005011166,0.113333333333333,4
BGxw2,DD_18_sp,13.070684806265,0.113333333333333,4
BGxw2,MSP,12.643449334438,0.113333333333333,4
BGxw2,PPT_JAS,12.2496179667479,0.113333333333333,4
BGxw2,Tave_sm,11.4180313514119,0.113333333333333,4
BGxw2,DD_0_sp,11.2253058133372,0.113333333333333,4
BGxw2,DD5_sm,10.839065660237,0.113333333333333,4
BGxw2,PPT_MJ,10.6179557107976,0.113333333333333,4
BGxw2,EMT,10.5564680388033,0.113333333333333,4
BGxw2,Tave_sp,10.1475515253098,0.113333333333333,4
BGxx_WY,PPT_JAS,87.3273209296835,0.148318042813456,19
BGxx_WY,Eref_at,75.9429105089486,0.148318042813456,19
BGxx_WY,SHM,73.9756904164767,0.148318042813456,19
BGxx_WY,PPT_MJ,70.040824103505,0.148318042813456,19
BGxx_WY,PPT_sm,66.3213721665427,0.148318042813456,19
BGxx_WY,TD,54.079154014247,0.148318042813456,19
BGxx_WY,Eref_sp,48.6010181401467,0.148318042813456,19
BGxx_WY,CMDMax,48.2360775385586,0.148318042813456,19
BGxx_WY,DD18_wt,47.1691892540188,0.148318042813456,19
BGxx_WY,Tmax_wt,47.0707656137028,0.148318042813456,19
BGxxx_WY,PPT_JAS,69.8769633229748,0.124764595103578,15
BGxxx_WY,PPT_MJ,59.2772549122716,0.124764595103578,15
BGxxx_WY,Eref_at,54.7113698528108,0.124764595103578,15
BGxxx_WY,PPT_sm,53.9601472122737,0.124764595103578,15
BGxxx_WY,MSP,47.2062494075315,0.124764595103578,15
BGxxx_WY,SHM,44.5929235420875,0.124764595103578,15
BGxxx_WY,PPT.dormant,44.2283874859464,0.124764595103578,15
BGxxx_WY,CMD.grow,42.505858497625,0.124764595103578,15
BGxxx_WY,PAS_wt,42.1277280316605,0.124764595103578,15
BGxxx_WY,MAP,38.4228798897046,0.124764595103578,15
BSJPap,CMDMax,22.6762704371709,0.068,5
BSJPap,NFFD_wt,21.6237181843111,0.068,5
BSJPap,PAS_wt,20.5608159938667,0.068,5
BSJPap,CMI,18.0768564015086,0.068,5
BSJPap,Tmin_wt,16.7836747242172,0.068,5
BSJPap,CMD_sm,15.9693557608855,0.068,5
BSJPap,EMT,14.9963131852732,0.068,5
BSJPap,DD_18_wt,14.8267946808467,0.068,5
BSJPap,Eref_at,13.4057504962292,0.068,5
BSJPap,DD_0,13.1701109084969,0.068,5
BSJPku,CMI,23.6556052685432,0.048,5
BSJPku,DD_0_at,21.5531444091969,0.048,5
BSJPku,CMDMax,19.9259198913141,0.048,5
BSJPku,Tmin,19.2713759819305,0.048,5
BSJPku,Tave_at,19.0476947487924,0.048,5
BSJPku,CMD.grow,18.8677007406184,0.048,5
BSJPku,Tmax_at,18.7484426357978,0.048,5
BSJPku,CMD_sm,16.8840367541034,0.048,5
BSJPku,FFP,14.0569796491291,0.048,5
BSJPku,PAS_wt,13.2357195437553,0.048,5
BSJPpa,PAS_wt,25.4480961578486,0.0653333333333333,5
BSJPpa,DD_0_at,24.3191855449034,0.0653333333333333,5
BSJPpa,PPT_JAS,23.4394623197746,0.0653333333333333,5
BSJPpa,CMI,21.4792633405878,0.0653333333333333,5
BSJPpa,DD_18_at,20.6811223652021,0.0653333333333333,5
BSJPpa,DD5_wt,19.5680831866371,0.0653333333333333,5
BSJPpa,Tmax_at,19.2556321000332,0.0653333333333333,5
BSJPpa,DD_0,16.3350973433704,0.0653333333333333,5
BSJPpa,EMT,15.984564913749,0.0653333333333333,5
BSJPpa,Tave_at,13.4238655574484,0.0653333333333333,5
BWBScm,DD5_sm,21.3467248850913,0.0133333333333333,3
BWBScm,FFP,18.6906283180747,0.0133333333333333,3
BWBScm,Tave_sm,16.2756340460148,0.0133333333333333,3
BWBScm,NFFD_sm,13.1969143108154,0.0133333333333333,3
BWBScm,DD_18_sm,12.8156654333811,0.0133333333333333,3
BWBScm,Tmin,11.9957654328946,0.0133333333333333,3
BWBScm,Tmin_sm,11.2679548062567,0.0133333333333333,3
BWBScm,DD18_sm,11.0550301723991,0.0133333333333333,3
BWBScm,NFFD,9.70664312569118,0.0133333333333333,3
BWBScm,DD18,9.6093697518104,0.0133333333333333,3
BWBScmC,PAS_wt,49.7404039055678,0.0953846153846154,13
BWBScmC,CMDMax,48.4122135916904,0.0953846153846154,13
BWBScmC,CMD_at,43.0129386333959,0.0953846153846154,13
BWBScmC,PPT_JAS,39.0150820488464,0.0953846153846154,13
BWBScmC,DD_0_at,38.9291716118819,0.0953846153846154,13
BWBScmC,MAP,38.316959072869,0.0953846153846154,13
BWBScmC,PPT,37.0667725709434,0.0953846153846154,13
BWBScmC,CMD_sm,35.6223734149447,0.0953846153846154,13
BWBScmC,Tmin,35.5612308552009,0.0953846153846154,13
BWBScmC,PPT_sm,35.5536414500351,0.0953846153846154,13
BWBScmE,EMT,31.7206378840185,0.0619047619047619,7
BWBScmE,DD_18_sm,30.1697901044947,0.0619047619047619,7
BWBScmE,Tmax,24.8743107473482,0.0619047619047619,7
BWBScmE,Tave_at,24.2911857392494,0.0619047619047619,7
BWBScmE,FFP,24.00882510196,0.0619047619047619,7
BWBScmE,NFFD_sm,23.6309594626163,0.0619047619047619,7
BWBScmE,Eref_at,22.8781862990796,0.0619047619047619,7
BWBScmE,DD_0,22.4959168222136,0.0619047619047619,7
BWBScmE,bFFP,21.2218547601452,0.0619047619047619,7
BWBScmE,DD5_wt,20.8682257077569,0.0619047619047619,7
BWBScmNW,PAS_at,25.2784269471397,0.0723809523809524,7
BWBScmNW,Tmax_sp,20.8009293196757,0.0723809523809524,7
BWBScmNW,CMDMax,20.2762337254476,0.0723809523809524,7
BWBScmNW,PAS_wt,20.1870795712285,0.0723809523809524,7
BWBScmNW,Tave_wt,19.720013170678,0.0723809523809524,7
BWBScmNW,AHM,19.6741715748456,0.0723809523809524,7
BWBScmNW,PPT_JAS,19.4149733741259,0.0723809523809524,7
BWBScmNW,Tmin_at,19.3082575205462,0.0723809523809524,7
BWBScmNW,DD18_sp,17.7510734311871,0.0723809523809524,7
BWBScmNW,Tave_at,17.3640790757975,0.0723809523809524,7
BWBScmW,DD_0_at,22.5826734924986,0.0866666666666667,6
BWBScmW,CMDMax,20.8641747970299,0.0866666666666667,6
BWBScmW,TD,19.3166738347136,0.0866666666666667,6
BWBScmW,CMD_at,18.7900992934641,0.0866666666666667,6
BWBScmW,MSP,18.5485051591978,0.0866666666666667,6
BWBScmW,SHM,18.5096369309301,0.0866666666666667,6
BWBScmW,PPT_JAS,16.3205054206293,0.0866666666666667,6
BWBScmW,DD18_sp,16.2813947007085,0.0866666666666667,6
BWBScmW,CMD.grow,16.043998483418,0.0866666666666667,6
BWBScmW,AHM,15.614184882018,0.0866666666666667,6
BWBSdk,Eref_at,89.8472949691274,0.158245614035088,19
BWBSdk,PPT_MJ,74.4280471550159,0.158245614035088,19
BWBSdk,TD,72.7251573661908,0.158245614035088,19
BWBSdk,PPT.dormant,62.5113061456155,0.158245614035088,19
BWBSdk,PPT_sm,61.1673185234386,0.158245614035088,19
BWBSdk,CMDMax,59.0090306536128,0.158245614035088,19
BWBSdk,PAS_at,56.033983211097,0.158245614035088,19
BWBSdk,PPT_JAS,55.1426885206172,0.158245614035088,19
BWBSdk,Tmin_sm,53.6088223929004,0.158245614035088,19
BWBSdk,PAS_wt,51.745318512326,0.158245614035088,19
BWBSdmN,PPT_JAS,34.9947649470148,0.0883333333333333,8
BWBSdmN,PPT_sm,29.7127675500589,0.0883333333333333,8
BWBSdmN,MSP,25.1122067250553,0.0883333333333333,8
BWBSdmN,SHM,23.9093182112831,0.0883333333333333,8
BWBSdmN,DD_18,23.7302792040829,0.0883333333333333,8
BWBSdmN,DD_0_sp,22.0481585929954,0.0883333333333333,8
BWBSdmN,DD5_sm,21.8788434085675,0.0883333333333333,8
BWBSdmN,Tave_sp,20.6816223611476,0.0883333333333333,8
BWBSdmN,PPT_MJ,20.6258759704544,0.0883333333333333,8
BWBSdmN,PAS_sm,20.5925331886566,0.0883333333333333,8
BWBSdmS,MAT,25.0560971708665,0.0857142857142857,7
BWBSdmS,PAS_wt,22.9865866840751,0.0857142857142857,7
BWBSdmS,Tave_wt,22.8011667568235,0.0857142857142857,7
BWBSdmS,DD5_wt,22.7562324645675,0.0857142857142857,7
BWBSdmS,DD_18,20.2321468229662,0.0857142857142857,7
BWBSdmS,DD_0,19.5364792310873,0.0857142857142857,7
BWBSdmS,DD_0_wt,19.2835326688684,0.0857142857142857,7
BWBSdmS,DD_18_wt,18.1789167390881,0.0857142857142857,7
BWBSdmS,CMD_at,17.9069550185964,0.0857142857142857,7
BWBSdmS,Tave,17.7858541980228,0.0857142857142857,7
BWBSlbE,DD5_sm,32.2997148523287,0.056,5
BWBSlbE,Tave_sm,31.7978638013817,0.056,5
BWBSlbE,DD18,26.1314604665948,0.056,5
BWBSlbE,DD_18_sm,24.1943866317912,0.056,5
BWBSlbE,DD5.grow,22.6287412596919,0.056,5
BWBSlbE,DD5,21.2533644842439,0.056,5
BWBSlbE,DD18_sm,20.1566167612431,0.056,5
BWBSlbE,PAS_wt,20.1164966219323,0.056,5
BWBSlbE,Tmin_sm,19.8695047316245,0.056,5
BWBSlbE,PPT_sm,17.9804679637113,0.056,5
BWBSlbN,Tmin_at,25.6114976509777,0.0611111111111111,6
BWBSlbN,Tave,23.8162133653127,0.0611111111111111,6
BWBSlbN,CMD_sp,23.4985495294815,0.0611111111111111,6
BWBSlbN,PAS_sp,22.2280109432008,0.0611111111111111,6
BWBSlbN,PAS,18.6859282284269,0.0611111111111111,6
BWBSlbN,DD_18_at,18.5578931191914,0.0611111111111111,6
BWBSlbN,MAT,16.4226021116522,0.0611111111111111,6
BWBSlbN,AHM,16.171578122927,0.0611111111111111,6
BWBSlbN,MAP,15.7647533946608,0.0611111111111111,6
BWBSlbN,DD_0_at,14.6952135488244,0.0611111111111111,6
BWBSlbW,DD5_sp,31.8001854825444,0.0790476190476191,7
BWBSlbW,DD18_sp,24.2227865459805,0.0790476190476191,7
BWBSlbW,CMDMax,24.1056711098723,0.0790476190476191,7
BWBSlbW,Tmin_at,22.451721393089,0.0790476190476191,7
BWBSlbW,DD_18_at,22.01354361008,0.0790476190476191,7
BWBSlbW,PPT_JAS,19.1266003291812,0.0790476190476191,7
BWBSlbW,DD_0_sp,18.9366341028195,0.0790476190476191,7
BWBSlbW,DD18,18.7500174439704,0.0790476190476191,7
BWBSlbW,Tave_at,18.0790706460251,0.0790476190476191,7
BWBSlbW,PAS_sp,17.9734392741717,0.0790476190476191,7
BWBSlf,Eref_at,65.2532480047876,0.1,12
BWBSlf,CMDMax,59.5175174813843,0.1,12
BWBSlf,PPT_sm,39.0851380378183,0.1,12
BWBSlf,PPT_MJ,37.2006723746382,0.1,12
BWBSlf,MSP,35.6845286604527,0.1,12
BWBSlf,Tmin_at,35.0587995266965,0.1,12
BWBSlf,DD_0_at,34.9129904613954,0.1,12
BWBSlf,PPT_JAS,34.1002117546687,0.1,12
BWBSlf,TD,32.8427060838423,0.1,12
BWBSlf,DD5_sp,30.71409349538,0.1,12
BWBSmk,PPT_MJ,54.406613018993,0.0861111111111111,12
BWBSmk,NFFD_sm,40.0475204275621,0.0861111111111111,12
BWBSmk,Tave_wt,39.4219019383184,0.0861111111111111,12
BWBSmk,DD_18_wt,39.4098458138314,0.0861111111111111,12
BWBSmk,CMD_sm,38.9274973225018,0.0861111111111111,12
BWBSmk,CMDMax,37.6172686496981,0.0861111111111111,12
BWBSmk,Tmin_sm,36.488045974614,0.0861111111111111,12
BWBSmk,Tmax_wt,34.9476125801251,0.0861111111111111,12
BWBSmk,CMD.grow,33.9155817158801,0.0861111111111111,12
BWBSmk,DD18_sm,33.835555424656,0.0861111111111111,12
BWBSmw,DD18_sp,53.6545739026093,0.0939393939393939,11
BWBSmw,DD5_sp,41.5219342465096,0.0939393939393939,11
BWBSmw,PAS_at,38.3235640892779,0.0939393939393939,11
BWBSmw,DD_0,34.4536715424921,0.0939393939393939,11
BWBSmw,DD18,33.089795399618,0.0939393939393939,11
BWBSmw,PPT.dormant,31.8000023691991,0.0939393939393939,11
BWBSmw,Tave_wt,31.2042227382907,0.0939393939393939,11
BWBSmw,CMD_sp,31.0427769291884,0.0939393939393939,11
BWBSmw,DD5,30.0730994705693,0.0939393939393939,11
BWBSmw,Eref_at,29.8147351893286,0.0939393939393939,11
BWBSnm,PAS_wt,47.5651161914782,0.0575,8
BWBSnm,AHM,31.419279846267,0.0575,8
BWBSnm,DD_0_at,27.5536521162565,0.0575,8
BWBSnm,PAS,26.5055894189094,0.0575,8
BWBSnm,PPT,25.6077568927443,0.0575,8
BWBSnm,MAP,23.3108771841072,0.0575,8
BWBSnm,NFFD_wt,22.8583435508557,0.0575,8
BWBSnm,DD_18_sm,21.4063071595347,0.0575,8
BWBSnm,Tave_at,21.3999447971355,0.0575,8
BWBSnm,Tmin_wt,20.6657463130319,0.0575,8
BWBSpp,CMD,19.9164871628453,0.0466666666666667,3
BWBSpp,SHM,14.8778523220817,0.0466666666666667,3
BWBSpp,CMD_sp,14.0165066029608,0.0466666666666667,3
BWBSpp,PPT_JAS,13.1279242950221,0.0466666666666667,3
BWBSpp,PPT_MJ,11.9081619156876,0.0466666666666667,3
BWBSpp,CMD.grow,10.4077332597972,0.0466666666666667,3
BWBSpp,MSP,9.45282886140244,0.0466666666666667,3
BWBSpp,Tave_at,9.11602359663334,0.0466666666666667,3
BWBSpp,CMDMax,8.70611097901795,0.0466666666666667,3
BWBSpp,CMD.total,8.3631394704158,0.0466666666666667,3
BWBSub,PPT_JAS,28.6086855013481,0.0533333333333333,4
BWBSub,CMD_at,22.3513504750655,0.0533333333333333,4
BWBSub,CMD_sp,20.3059004614335,0.0533333333333333,4
BWBSub,PAS_at,19.4502082537197,0.0533333333333333,4
BWBSub,DD_0_at,14.0940335267131,0.0533333333333333,4
BWBSub,CMDMax,11.1048749890062,0.0533333333333333,4
BWBSub,DD5.grow,10.5030997649407,0.0533333333333333,4
BWBSub,PAS,10.1962193015622,0.0533333333333333,4
BWBSub,DD5_sm,10.0959338283807,0.0533333333333333,4
BWBSub,CMD.total,9.78502855605826,0.0533333333333333,4
BWBSuf,Eref_at,62.0144372456683,0.136969696969697,11
BWBSuf,CMD,41.9226241311529,0.136969696969697,11
BWBSuf,CMDMax,41.138849858896,0.136969696969697,11
BWBSuf,TD,40.5124540072135,0.136969696969697,11
BWBSuf,Tmin_at,39.9825272891446,0.136969696969697,11
BWBSuf,CMD_sp,39.8681908825197,0.136969696969697,11
BWBSuf,CMD_sm,38.1077720299465,0.136969696969697,11
BWBSuf,PPT_MJ,36.3703153414388,0.136969696969697,11
BWBSuf,NFFD_at,29.8969187655283,0.136969696969697,11
BWBSuf,CMD.grow,28.763284832446,0.136969696969697,11
BWBSvk,PPT,19.6699221546193,0.13,4
BWBSvk,CMI,16.2875396063874,0.13,4
BWBSvk,DD18_at,12.8950626111522,0.13,4
BWBSvk,PPT_JAS,11.4980633208654,0.13,4
BWBSvk,DD5_at,11.0266980130727,0.13,4
BWBSvk,CMD.grow,10.9922421989608,0.13,4
BWBSvk,DD18_sp,10.9831509497807,0.13,4
BWBSvk,Tmax_sp,10.8403411429385,0.13,4
BWBSvk,PAS_wt,10.8103301765204,0.13,4
BWBSvk,CMD,10.7343347164403,0.13,4
BWBSwk1,PAS_wt,42.1830030095293,0.137142857142857,7
BWBSwk1,PPT.dormant,36.9089867791506,0.137142857142857,7
BWBSwk1,PAS_at,31.58864452507,0.137142857142857,7
BWBSwk1,CMD_sm,26.425998018055,0.137142857142857,7
BWBSwk1,CMDMax,26.3822252275044,0.137142857142857,7
BWBSwk1,DD_18_sm,25.695181443856,0.137142857142857,7
BWBSwk1,CMD.grow,24.6786116286379,0.137142857142857,7
BWBSwk1,CMD,24.0701894157531,0.137142857142857,7
BWBSwk1,DD5_sm,23.6102552215694,0.137142857142857,7
BWBSwk1,PPT_MJ,23.2992719638382,0.137142857142857,7
BWBSwk2,DD5_sp,28.4194446015836,0.103333333333333,6
BWBSwk2,PAS_wt,23.9878178358576,0.103333333333333,6
BWBSwk2,DD_0_at,23.2749991779568,0.103333333333333,6
BWBSwk2,DD_0,21.1881516587801,0.103333333333333,6
BWBSwk2,PPT.dormant,19.5734778250139,0.103333333333333,6
BWBSwk2,DD18_sm,18.5929700296191,0.103333333333333,6
BWBSwk2,NFFD_wt,18.3099866267231,0.103333333333333,6
BWBSwk2,DD18_wt,17.9156492659981,0.103333333333333,6
BWBSwk2,DD5,16.9975843218393,0.103333333333333,6
BWBSwk2,DD18_sp,16.3058256938007,0.103333333333333,6
BWBSwk3,TD,19.6947318674289,0.0666666666666667,3
BWBSwk3,NFFD_sm,14.252510785023,0.0666666666666667,3
BWBSwk3,DD5,13.7483224406492,0.0666666666666667,3
BWBSwk3,DD18_sm,13.5550415090778,0.0666666666666667,3
BWBSwk3,CMD.total,13.2803986314254,0.0666666666666667,3
BWBSwk3,DD_18_sm,11.8896670320074,0.0666666666666667,3
BWBSwk3,Tave_sm,11.7358554394256,0.0666666666666667,3
BWBSwk3,MWMT,10.7147062564408,0.0666666666666667,3
BWBSwk3,DD18,10.6005348350445,0.0666666666666667,3
BWBSwk3,Tmin_sm,10.0932546287985,0.0666666666666667,3
CDFmm,PAS_sm,31.2976044347609,0.06,4
CDFmm,Eref_wt,24.9086846638574,0.06,4
CDFmm,CMI,23.1757851185871,0.06,4
CDFmm,Tmin_sm,19.6758777370567,0.06,4
CDFmm,MAP,18.5387260635437,0.06,4
CDFmm,DD_0_at,15.7930346442211,0.06,4
CDFmm,AHM,14.9719980830744,0.06,4
CDFmm,Eref_at,13.9447898512656,0.06,4
CDFmm,PPT,13.8186699013003,0.06,4
CDFmm,PPT_sp,13.6416865856788,0.06,4
CDFmm_OR,Eref_wt,52.0393592222471,0.0836445108289769,9
CDFmm_OR,Eref_at,43.3967720960318,0.0836445108289769,9
CDFmm_OR,Tmax_wt,35.1740729908771,0.0836445108289769,9
CDFmm_OR,DD18_wt,33.9302580943419,0.0836445108289769,9
CDFmm_OR,MCMT,32.7972731390884,0.0836445108289769,9
CDFmm_OR,DD_0_wt,29.9011214147615,0.0836445108289769,9
CDFmm_OR,Tave_wt,29.3977948650831,0.0836445108289769,9
CDFmm_OR,DD_18_wt,26.8710553075888,0.0836445108289769,9
CDFmm_OR,CMDMax,24.6516256729624,0.0836445108289769,9
CDFmm_OR,DD_18_at,23.5004709189393,0.0836445108289769,9
CDFmm_WA,Eref_wt,17.0146186686173,0.0634390651085142,4
CDFmm_WA,Eref,15.935617000481,0.0634390651085142,4
CDFmm_WA,Tmax,14.3805018629435,0.0634390651085142,4
CDFmm_WA,PAS_sp,14.3748666018626,0.0634390651085142,4
CDFmm_WA,PPT.dormant,14.3073699418234,0.0634390651085142,4
CDFmm_WA,Eref_at,14.2376016454398,0.0634390651085142,4
CDFmm_WA,Eref_sm,13.1885753760257,0.0634390651085142,4
CDFmm_WA,MSP,13.0229299864774,0.0634390651085142,4
CDFmm_WA,CMI,12.9499075592828,0.0634390651085142,4
CDFmm_WA,SHM,12.5687371037167,0.0634390651085142,4
CDFxm_CA,PPT,63.8084793909437,0.133113828786453,16
CDFxm_CA,PPT.dormant,62.7624112133226,0.133113828786453,16
CDFxm_CA,AHM,56.7473219762064,0.133113828786453,16
CDFxm_CA,MAP,55.0322599146364,0.133113828786453,16
CDFxm_CA,TD,53.5248331506164,0.133113828786453,16
CDFxm_CA,CMI,43.8193986315926,0.133113828786453,16
CDFxm_CA,Tmin_wt,43.3500337661642,0.133113828786453,16
CDFxm_CA,CMD_at,36.5350318643467,0.133113828786453,16
CDFxm_CA,DD18_wt,36.5286157816034,0.133113828786453,16
CDFxm_CA,DD_0,36.1457860107735,0.133113828786453,16
CMAun,MCMT,66.7364822549132,0.248421052631579,19
CMAun,Eref_at,57.5018576478824,0.248421052631579,19
CMAun,DD18_wt,57.1732123697,0.248421052631579,19
CMAun,PPT.dormant,55.4885239437061,0.248421052631579,19
CMAun,Tmin_wt,54.9047797741694,0.248421052631579,19
CMAun,NFFD_wt,54.7946916164267,0.248421052631579,19
CMAun,PAS_at,54.1115099156644,0.248421052631579,19
CMAun,TD,52.6821370046094,0.248421052631579,19
CMAun,EMT,51.0620061103516,0.248421052631579,19
CMAun,Eref_sm,49.6408310794654,0.248421052631579,19
CMAwh,EMT,31.4404281922476,0.0911111111111111,3
CMAwh,NFFD_wt,24.0296131943942,0.0911111111111111,3
CMAwh,NFFD,18.0588646885106,0.0911111111111111,3
CMAwh,Tmin_wt,17.1512514945489,0.0911111111111111,3
CMAwh,TD,14.5602343023901,0.0911111111111111,3
CMAwh,DD18_wt,14.270831678039,0.0911111111111111,3
CMAwh,MCMT,11.9607204726387,0.0911111111111111,3
CMAwh,Tmin,11.0315655789408,0.0911111111111111,3
CMAwh,Tmin_at,9.80815680488523,0.0911111111111111,3
CMAwh,Tave_wt,9.05102209026905,0.0911111111111111,3
CMXdm_OR,PPT.dormant,103.634930054872,0.12912019826518,30
CMXdm_OR,AHM,92.6272104652601,0.12912019826518,30
CMXdm_OR,TD,91.4991192405258,0.12912019826518,30
CMXdm_OR,PAS_sp,90.2968571689595,0.12912019826518,30
CMXdm_OR,Eref_at,86.8928826467757,0.12912019826518,30
CMXdm_OR,CMI,85.9558121290703,0.12912019826518,30
CMXdm_OR,PPT,84.6279601405612,0.12912019826518,30
CMXdm_OR,Eref_wt,82.1151658768644,0.12912019826518,30
CMXdm_OR,MAP,79.524367960988,0.12912019826518,30
CMXdm_OR,NFFD_sp,79.0954312225299,0.12912019826518,30
CMXmm_OR,TD,59.9213939006237,0.117342536669543,18
CMXmm_OR,Eref_at,46.018653107065,0.117342536669543,18
CMXmm_OR,DD_0_at,44.7119749363735,0.117342536669543,18
CMXmm_OR,DD_0_wt,43.9936764184949,0.117342536669543,18
CMXmm_OR,Eref_wt,42.0483101123902,0.117342536669543,18
CMXmm_OR,TmaxJuly,40.1308433108646,0.117342536669543,18
CMXmm_OR,Tave_wt,40.0593598357052,0.117342536669543,18
CMXmm_OR,Tmax_wt,39.1683821342976,0.117342536669543,18
CMXmm_OR,CMDMax,38.6862983198178,0.117342536669543,18
CMXmm_OR,DD_0,38.1738252751282,0.117342536669543,18
CMXwm_OR,Tmax_wt,40.6209984753205,0.122549019607843,13
CMXwm_OR,TD,34.1180798156611,0.122549019607843,13
CMXwm_OR,DD_0_wt,33.0165083312472,0.122549019607843,13
CMXwm_OR,PPT_sm,32.4738874196735,0.122549019607843,13
CMXwm_OR,DD_18_sp,32.3108224492442,0.122549019607843,13
CMXwm_OR,Eref_wt,31.4369464609176,0.122549019607843,13
CMXwm_OR,CMD_sp,31.298481622064,0.122549019607843,13
CMXwm_OR,Tave_sp,30.9512995451635,0.122549019607843,13
CMXwm_OR,Tmax_sp,30.5403875903932,0.122549019607843,13
CMXwm_OR,MCMT,29.8676158413956,0.122549019607843,13
CMXxm_CA,DD5_wt,35.4471077721117,0.104545454545455,12
CMXxm_CA,TD,30.3422008868306,0.104545454545455,12
CMXxm_CA,Tave_wt,29.4465902941046,0.104545454545455,12
CMXxm_CA,MWMT,27.4421862267211,0.104545454545455,12
CMXxm_CA,DD_0,27.396209948276,0.104545454545455,12
CMXxm_CA,PAS_sp,27.3788260749024,0.104545454545455,12
CMXxm_CA,MCMT,23.8397108557805,0.104545454545455,12
CMXxm_CA,DD_18_wt,23.636732335066,0.104545454545455,12
CMXxm_CA,MAT,22.8678130707072,0.104545454545455,12
CMXxm_CA,DD18_wt,22.3705002093797,0.104545454545455,12
CRFdh_CA,TD,40.3122024979516,0.0673635307781649,7
CRFdh_CA,Tave_sp,23.5101114206136,0.0673635307781649,7
CRFdh_CA,DD18_sm,22.5194769633073,0.0673635307781649,7
CRFdh_CA,DD_18_sp,20.3770869076489,0.0673635307781649,7
CRFdh_CA,MAT,20.3443628250801,0.0673635307781649,7
CRFdh_CA,Tave,18.9233504342652,0.0673635307781649,7
CRFdh_CA,DD_0_sp,18.5750900142954,0.0673635307781649,7
CRFdh_CA,Tave_sm,17.5277751950601,0.0673635307781649,7
CRFdh_CA,MWMT,16.8734235741093,0.0673635307781649,7
CRFdh_CA,CMDMax,15.876733035445,0.0673635307781649,7
CVGdm_CA,PPT_sm,21.3707465231095,0.0504385964912281,7
CVGdm_CA,PPT.dormant,15.6094985671302,0.0504385964912281,7
CVGdm_CA,DD_0_wt,15.2819865084637,0.0504385964912281,7
CVGdm_CA,AHM,12.6654397613168,0.0504385964912281,7
CVGdm_CA,DD_0,12.4280286875368,0.0504385964912281,7
CVGdm_CA,DD18_wt,10.8224771885339,0.0504385964912281,7
CVGdm_CA,TD,10.7676794942092,0.0504385964912281,7
CVGdm_CA,PPT,10.5967807336744,0.0504385964912281,7
CVGdm_CA,MAP,10.5366786954555,0.0504385964912281,7
CVGdm_CA,DD_18_wt,10.5208458012823,0.0504385964912281,7
CWFdm_OR,PPT.dormant,83.4414588114179,0.115027829313544,24
CWFdm_OR,AHM,82.4928218127749,0.115027829313544,24
CWFdm_OR,TD,81.5018657839,0.115027829313544,24
CWFdm_OR,CMI,80.4204941040927,0.115027829313544,24
CWFdm_OR,Eref_at,72.586902721025,0.115027829313544,24
CWFdm_OR,PPT,71.3805485597978,0.115027829313544,24
CWFdm_OR,MAP,70.3498123366568,0.115027829313544,24
CWFdm_OR,PAS_sp,67.7654510590414,0.115027829313544,24
CWFdm_OR,Eref_wt,66.4529624387317,0.115027829313544,24
CWFdm_OR,PPT_sp,65.4704504422315,0.115027829313544,24
CWFds_CA,PPT.dormant,81.3102895989804,0.116974169741697,20
CWFds_CA,AHM,78.8802291552463,0.116974169741697,20
CWFds_CA,CMI,77.7538612172333,0.116974169741697,20
CWFds_CA,PPT,68.8121759200347,0.116974169741697,20
CWFds_CA,MAP,63.1565065742622,0.116974169741697,20
CWFds_CA,Tmin_sm,52.7713929441805,0.116974169741697,20
CWFds_CA,TD,52.0086490843549,0.116974169741697,20
CWFds_CA,PPT_MJ,50.5186460777023,0.116974169741697,20
CWFds_CA,DD_0_sp,48.6258666412092,0.116974169741697,20
CWFds_CA,PPT_sp,47.6299567010896,0.116974169741697,20
CWFmm_OR,MSP,53.0528361052663,0.139819004524887,15
CWFmm_OR,SHM,51.5995311713823,0.139819004524887,15
CWFmm_OR,PPT.dormant,51.3534932164157,0.139819004524887,15
CWFmm_OR,PPT_MJ,47.0297864146898,0.139819004524887,15
CWFmm_OR,CMD_at,46.6856478861067,0.139819004524887,15
CWFmm_OR,PAS_sp,46.0350550723337,0.139819004524887,15
CWFmm_OR,PPT,46.0336579341871,0.139819004524887,15
CWFmm_OR,CMI,44.9446399002481,0.139819004524887,15
CWFmm_OR,PPT_sm,43.1945828890094,0.139819004524887,15
CWFmm_OR,PPT_sp,42.0071230680129,0.139819004524887,15
CWFwm_OR,PPT_sp,44.6030697125197,0.125265392781316,13
CWFwm_OR,AHM,41.8445963569128,0.125265392781316,13
CWFwm_OR,CMD.total,40.2352889980257,0.125265392781316,13
CWFwm_OR,CMI,39.9062337184372,0.125265392781316,13
CWFwm_OR,MAP,39.3142100034936,0.125265392781316,13
CWFwm_OR,PPT.dormant,36.8001047767404,0.125265392781316,13
CWFwm_OR,PPT,36.6088292156791,0.125265392781316,13
CWFwm_OR,PAS_sp,35.9799275026692,0.125265392781316,13
CWFwm_OR,SHM,35.3149345509653,0.125265392781316,13
CWFwm_OR,PPT_sm,35.0421342585143,0.125265392781316,13
CWHdm,TD,33.4183457514303,0.196666666666667,8
CWHdm,PPT,26.8556346889178,0.196666666666667,8
CWHdm,Eref_at,25.7942726670097,0.196666666666667,8
CWHdm,PPT_sp,24.3239295867696,0.196666666666667,8
CWHdm,CMD_sm,22.4865199018284,0.196666666666667,8
CWHdm,AHM,22.4803135737174,0.196666666666667,8
CWHdm,PPT_MJ,21.5873214418952,0.196666666666667,8
CWHdm,PPT_JAS,21.4450417247582,0.196666666666667,8
CWHdm,CMI,20.9461153698433,0.196666666666667,8
CWHdm,Eref_sm,19.8714166502932,0.196666666666667,8
CWHdm_OC,Eref_wt,91.0343550717886,0.106536284096758,13
CWHdm_OC,Eref_at,60.5718772540058,0.106536284096758,13
CWHdm_OC,TD,57.5440986550253,0.106536284096758,13
CWHdm_OC,CMDMax,44.8163921720384,0.106536284096758,13
CWHdm_OC,DD_0,33.5172251081877,0.106536284096758,13
CWHdm_OC,Eref,33.4736915730595,0.106536284096758,13
CWHdm_OC,Tmax_wt,32.7104721828455,0.106536284096758,13
CWHdm_OC,bFFP,32.5198259063473,0.106536284096758,13
CWHdm_OC,CMD.total,31.5639549438943,0.106536284096758,13
CWHdm_OC,EXT,30.958484368504,0.106536284096758,13
CWHdm_OR,TD,81.0294100573751,0.124504119621605,22
CWHdm_OR,CMDMax,77.1073850909061,0.124504119621605,22
CWHdm_OR,Eref_wt,72.8734545829937,0.124504119621605,22
CWHdm_OR,CMD_sm,68.4763787522938,0.124504119621605,22
CWHdm_OR,Eref_at,64.807182193193,0.124504119621605,22
CWHdm_OR,PAS_sp,60.910831814457,0.124504119621605,22
CWHdm_OR,DD_18_sp,60.1080933252502,0.124504119621605,22
CWHdm_OR,PPT_sm,57.1069225065874,0.124504119621605,22
CWHdm_OR,PPT_JAS,55.1026347699345,0.124504119621605,22
CWHdm_OR,CMD,53.1200191431163,0.124504119621605,22
CWHdm_WA,Eref_wt,97.3348420697939,0.117460317460317,21
CWHdm_WA,Eref_at,85.0910565304573,0.117460317460317,21
CWHdm_WA,CMDMax,77.5450646320683,0.117460317460317,21
CWHdm_WA,TD,75.230360778406,0.117460317460317,21
CWHdm_WA,Tmax_wt,67.7110258864446,0.117460317460317,21
CWHdm_WA,Eref_sm,61.5652448627885,0.117460317460317,21
CWHdm_WA,PPT_JAS,57.6953761263689,0.117460317460317,21
CWHdm_WA,Eref,56.6384390833285,0.117460317460317,21
CWHdm_WA,MAP,56.2054577776552,0.117460317460317,21
CWHdm_WA,CMI,55.6008515526867,0.117460317460317,21
CWHdm_WC,Eref_wt,63.8641136501073,0.114666666666667,10
CWHdm_WC,TD,55.9232082724365,0.114666666666667,10
CWHdm_WC,Eref_at,50.3024596639773,0.114666666666667,10
CWHdm_WC,bFFP,33.1323471190053,0.114666666666667,10
CWHdm_WC,Eref_sm,30.6348057076762,0.114666666666667,10
CWHdm_WC,CMDMax,28.5712279360367,0.114666666666667,10
CWHdm_WC,CMD.grow,27.337098520658,0.114666666666667,10
CWHdm_WC,TmaxJuly,26.7839778918279,0.114666666666667,10
CWHdm_WC,EXT,26.3029955125423,0.114666666666667,10
CWHdm_WC,Eref,25.3026171267492,0.114666666666667,10
CWHds_WA,CMDMax,68.5066693324992,0.109670248240089,18
CWHds_WA,Tmax_wt,57.6568273572079,0.109670248240089,18
CWHds_WA,TD,52.4871671994705,0.109670248240089,18
CWHds_WA,Eref_at,50.8718970306928,0.109670248240089,18
CWHds_WA,PPT_sm,50.5949535223962,0.109670248240089,18
CWHds_WA,MCMT,50.5556338545963,0.109670248240089,18
CWHds_WA,PPT_sp,50.0408898506701,0.109670248240089,18
CWHds_WA,PPT_JAS,49.2575976552665,0.109670248240089,18
CWHds_WA,CMD,47.1221715866921,0.109670248240089,18
CWHds_WA,PAS_sp,46.717348370225,0.109670248240089,18
CWHds1,CMI,50.7531688477215,0.19025641025641,13
CWHds1,PPT.dormant,44.2227567034129,0.19025641025641,13
CWHds1,PPT_JAS,43.8185530551357,0.19025641025641,13
CWHds1,PPT,40.7377786270784,0.19025641025641,13
CWHds1,CMD_sp,38.6845438122318,0.19025641025641,13
CWHds1,DD_0_sp,36.0800243417924,0.19025641025641,13
CWHds1,MAP,36.0416447176481,0.19025641025641,13
CWHds1,Tmin_wt,34.7374918546251,0.19025641025641,13
CWHds1,DD_18_sp,34.3625096433517,0.19025641025641,13
CWHds1,TD,33.4645819821297,0.19025641025641,13
CWHds2,DD18_wt,30.1182995360673,0.138518518518519,9
CWHds2,CMDMax,28.4180712884949,0.138518518518519,9
CWHds2,PPT.dormant,28.1675338170458,0.138518518518519,9
CWHds2,PPT_sp,27.6145721887683,0.138518518518519,9
CWHds2,PPT_JAS,26.5530793300207,0.138518518518519,9
CWHds2,Eref_at,26.5283697765228,0.138518518518519,9
CWHds2,CMI,25.5228223469935,0.138518518518519,9
CWHds2,CMD_sm,25.0871914948352,0.138518518518519,9
CWHds2,DD_0_wt,24.6763156081014,0.138518518518519,9
CWHds2,PPT,23.006180077956,0.138518518518519,9
CWHmh_OR,Eref_wt,40.7212892134995,0.0837487537387837,7
CWHmh_OR,Eref_at,38.1815717264973,0.0837487537387837,7
CWHmh_OR,CMDMax,24.979116028586,0.0837487537387837,7
CWHmh_OR,MCMT,22.9255178535255,0.0837487537387837,7
CWHmh_OR,TD,22.6185537936934,0.0837487537387837,7
CWHmh_OR,TmaxJuly,21.783680231554,0.0837487537387837,7
CWHmh_OR,Tave_wt,21.4943790283528,0.0837487537387837,7
CWHmh_OR,DD_0,20.5567560614784,0.0837487537387837,7
CWHmh_OR,MWMT,20.5133877405028,0.0837487537387837,7
CWHmh_OR,DD_18_wt,20.2569837211048,0.0837487537387837,7
CWHmm1,DD5_sp,31.4120855244017,0.25,6
CWHmm1,DD18_sp,30.6342476223769,0.25,6
CWHmm1,Tave_sp,29.5320862234529,0.25,6
CWHmm1,CMD_sm,24.7611795098787,0.25,6
CWHmm1,DD_18_sp,23.9511641756871,0.25,6
CWHmm1,CMD.total,20.5848928847001,0.25,6
CWHmm1,PPT_JAS,19.6624383147523,0.25,6
CWHmm1,Tmax_sp,18.9546899221579,0.25,6
CWHmm1,CMDMax,18.8794759759499,0.25,6
CWHmm1,MSP,18.0994257902894,0.25,6
CWHmm2,DD5_sp,28.2181042792914,0.262222222222222,6
CWHmm2,Tave_sp,24.536839346108,0.262222222222222,6
CWHmm2,DD18_sp,24.1145916901675,0.262222222222222,6
CWHmm2,SHM,23.1076682576504,0.262222222222222,6
CWHmm2,CMD_sm,21.4634145564242,0.262222222222222,6
CWHmm2,DD_18_sp,20.8494031811012,0.262222222222222,6
CWHmm2,CMD,19.9209734698332,0.262222222222222,6
CWHmm2,CMD.grow,18.7458672925966,0.262222222222222,6
CWHmm2,CMD.total,17.6543800264265,0.262222222222222,6
CWHmm2,PAS_sm,17.1923769406605,0.262222222222222,6
CWHms_OR,CMDMax,70.8970628080837,0.124705882352941,17
CWHms_OR,Eref_at,66.8905804457511,0.124705882352941,17
CWHms_OR,PPT_MJ,57.7810224326716,0.124705882352941,17
CWHms_OR,Tmax_wt,57.670204233669,0.124705882352941,17
CWHms_OR,CMD.grow,54.5884579663212,0.124705882352941,17
CWHms_OR,PPT_sp,53.9621167716139,0.124705882352941,17
CWHms_OR,CMD_sm,51.8100688235603,0.124705882352941,17
CWHms_OR,CMD,50.5080907416494,0.124705882352941,17
CWHms_OR,CMD.total,50.3323521417422,0.124705882352941,17
CWHms_OR,MSP,49.8581112935132,0.124705882352941,17
CWHms_WA,TD,87.3343295791775,0.123921568627451,17
CWHms_WA,PPT_MJ,69.6987512170811,0.123921568627451,17
CWHms_WA,PPT_JAS,66.8282757557372,0.123921568627451,17
CWHms_WA,MSP,59.9181861933379,0.123921568627451,17
CWHms_WA,CMDMax,54.3185847942427,0.123921568627451,17
CWHms_WA,CMD.total,52.6455951168317,0.123921568627451,17
CWHms_WA,PPT_sm,52.2542466981614,0.123921568627451,17
CWHms_WA,CMD.grow,51.3138762272564,0.123921568627451,17
CWHms_WA,SHM,49.1513044870841,0.123921568627451,17
CWHms_WA,CMI,48.7352910192618,0.123921568627451,17
CWHms1,Eref_at,105.931379962173,0.19,22
CWHms1,CMDMax,90.6915569695925,0.19,22
CWHms1,PPT_JAS,71.8031693191222,0.19,22
CWHms1,TD,62.3791941254796,0.19,22
CWHms1,PAS_sp,58.1892334106707,0.19,22
CWHms1,CMD_sm,56.7121780935324,0.19,22
CWHms1,Tmin_wt,56.2021662791642,0.19,22
CWHms1,EMT,55.6217740027348,0.19,22
CWHms1,Eref_sm,55.3340109666309,0.19,22
CWHms1,NFFD_wt,53.7897883925731,0.19,22
CWHms2,PPT_sp,23.4376114451811,0.12,5
CWHms2,NFFD_wt,20.4042300471942,0.12,5
CWHms2,CMDMax,19.5481428880372,0.12,5
CWHms2,CMI,18.9798287275427,0.12,5
CWHms2,Eref_at,17.9599273939515,0.12,5
CWHms2,DD5_sp,17.7237885995225,0.12,5
CWHms2,PPT_MJ,15.2610984413648,0.12,5
CWHms2,EMT,14.6079241422049,0.12,5
CWHms2,Tmax_sp,14.2514557002448,0.12,5
CWHms2,Tmin_wt,14.1556738945195,0.12,5
CWHvh_WA,Eref_wt,33.6010654163849,0.088,5
CWHvh_WA,bFFP,30.5448791953207,0.088,5
CWHvh_WA,Eref_at,27.0506594780781,0.088,5
CWHvh_WA,TD,21.7985591150688,0.088,5
CWHvh_WA,EXT,20.8058350510213,0.088,5
CWHvh_WA,FFP,17.1889039958017,0.088,5
CWHvh_WA,Eref,15.8792647632058,0.088,5
CWHvh_WA,Tmax_wt,15.5159466286148,0.088,5
CWHvh_WA,Eref_sm,14.2509514194401,0.088,5
CWHvh_WA,Tave_wt,14.133561089511,0.088,5
CWHvh1,TD,19.8630467223282,0.131111111111111,3
CWHvh1,DD_18_sp,13.9832209373018,0.131111111111111,3
CWHvh1,NFFD_sp,13.6638065797519,0.131111111111111,3
CWHvh1,EXT,12.4051029359941,0.131111111111111,3
CWHvh1,Tave_sp,11.0890102208254,0.131111111111111,3
CWHvh1,FFP,10.4586358362654,0.131111111111111,3
CWHvh1,MCMT,9.82328254022292,0.131111111111111,3
CWHvh1,Tmin_sp,8.80499697551239,0.131111111111111,3
CWHvh1,DD5_sp,7.90312671916695,0.131111111111111,3
CWHvh1,DD18_sp,7.50045735588398,0.131111111111111,3
CWHvh2,Eref_sm,33.6126409509623,0.198333333333333,8
CWHvh2,Tave_sp,32.6584845840053,0.198333333333333,8
CWHvh2,Eref,30.2779067059104,0.198333333333333,8
CWHvh2,DD18_sp,29.1405698515876,0.198333333333333,8
CWHvh2,Eref_at,28.7455617615398,0.198333333333333,8
CWHvh2,DD_0_sp,28.7329481916547,0.198333333333333,8
CWHvh2,Tmin_sp,27.8460830123138,0.198333333333333,8
CWHvh2,DD_18_sp,27.4205226978722,0.198333333333333,8
CWHvh2,PPT_JAS,26.0034939676057,0.198333333333333,8
CWHvh2,Eref_sp,25.4469497933154,0.198333333333333,8
CWHvh3,Tmin,18.2908360036031,0.180240320427236,5
CWHvh3,EMT,17.8805438436505,0.180240320427236,5
CWHvh3,PAS_at,17.4034946698703,0.180240320427236,5
CWHvh3,NFFD_wt,16.3569188222051,0.180240320427236,5
CWHvh3,NFFD_at,15.3840978841897,0.180240320427236,5
CWHvh3,DD_18_at,14.733130122611,0.180240320427236,5
CWHvh3,CMD.total,14.250257078431,0.180240320427236,5
CWHvh3,CMD_sm,14.1116341892254,0.180240320427236,5
CWHvh3,Tave_wt,13.9537574968965,0.180240320427236,5
CWHvh3,Tave_at,13.7935432396307,0.180240320427236,5
CWHvm_OR,CMDMax,79.7769836960954,0.103923205342237,16
CWHvm_OR,Eref_at,62.8599451618244,0.103923205342237,16
CWHvm_OR,CMD_sm,59.2503472750908,0.103923205342237,16
CWHvm_OR,CMD.total,53.1367296555021,0.103923205342237,16
CWHvm_OR,CMD.grow,51.1641015450542,0.103923205342237,16
CWHvm_OR,CMI,48.9547963551141,0.103923205342237,16
CWHvm_OR,CMD,46.6195415026503,0.103923205342237,16
CWHvm_OR,PPT_JAS,42.6655471885188,0.103923205342237,16
CWHvm_OR,PPT_sp,41.7434585893539,0.103923205342237,16
CWHvm_OR,TD,40.414471956777,0.103923205342237,16
CWHvm_WA,TD,124.722585241899,0.130833333333333,24
CWHvm_WA,CMDMax,102.094563821716,0.130833333333333,24
CWHvm_WA,Eref_at,77.9714481332557,0.130833333333333,24
CWHvm_WA,Eref,72.2130024083496,0.130833333333333,24
CWHvm_WA,MCMT,70.8148112454567,0.130833333333333,24
CWHvm_WA,Tmax_wt,70.7209382026561,0.130833333333333,24
CWHvm_WA,EXT,64.0019573173736,0.130833333333333,24
CWHvm_WA,Eref_wt,62.1413007617836,0.130833333333333,24
CWHvm_WA,SHM,61.6256858329014,0.130833333333333,24
CWHvm_WA,PPT_JAS,60.6804826922756,0.130833333333333,24
CWHvm1,Eref_at,113.915902412167,0.216078431372549,17
CWHvm1,TD,74.3824721831365,0.216078431372549,17
CWHvm1,Eref,61.9092932594292,0.216078431372549,17
CWHvm1,Eref_sm,59.5137255294145,0.216078431372549,17
CWHvm1,CMDMax,46.2140977796955,0.216078431372549,17
CWHvm1,Tmax_sp,45.8208919618479,0.216078431372549,17
CWHvm1,MCMT,45.6943555176158,0.216078431372549,17
CWHvm1,PPT_JAS,45.5071446421752,0.216078431372549,17
CWHvm1,DD_18_sp,45.3177935963634,0.216078431372549,17
CWHvm1,DD5_sp,44.2651787043648,0.216078431372549,17
CWHvm2,Eref_at,170.818172281068,0.230909090909091,22
CWHvm2,TD,106.911203144456,0.230909090909091,22
CWHvm2,Eref,95.8035697443198,0.230909090909091,22
CWHvm2,Eref_sm,90.9425178812086,0.230909090909091,22
CWHvm2,Tmax_at,69.7631473017406,0.230909090909091,22
CWHvm2,PPT_JAS,66.1292522669433,0.230909090909091,22
CWHvm2,DD18_sp,58.2095666331026,0.230909090909091,22
CWHvm2,NFFD_sm,56.4127105758314,0.230909090909091,22
CWHvm2,DD_18_sp,55.7539410078891,0.230909090909091,22
CWHvm2,DD5_sp,55.6357311738217,0.230909090909091,22
CWHwh_OR,Eref_wt,61.34994356536,0.0982620320855615,10
CWHwh_OR,TD,60.6690419715976,0.0982620320855615,10
CWHwh_OR,bFFP,41.8333412302878,0.0982620320855615,10
CWHwh_OR,Eref_at,37.5749908936237,0.0982620320855615,10
CWHwh_OR,Tmax_wt,37.2203109588602,0.0982620320855615,10
CWHwh_OR,EXT,33.6606076822144,0.0982620320855615,10
CWHwh_OR,DD18_at,32.7657456473383,0.0982620320855615,10
CWHwh_OR,DD5_wt,30.5123901524097,0.0982620320855615,10
CWHwh_OR,DD18_wt,29.0810103216361,0.0982620320855615,10
CWHwh_OR,Tmax_at,27.5996954466913,0.0982620320855615,10
CWHwh_WA,Eref_wt,66.6801605436364,0.0980653769179453,10
CWHwh_WA,TD,63.884206209126,0.0980653769179453,10
CWHwh_WA,Eref_at,43.2562411864547,0.0980653769179453,10
CWHwh_WA,bFFP,38.4968268149865,0.0980653769179453,10
CWHwh_WA,CMDMax,33.6779051859772,0.0980653769179453,10
CWHwh_WA,TmaxJuly,31.440996523069,0.0980653769179453,10
CWHwh_WA,Tmax_wt,29.9903372285108,0.0980653769179453,10
CWHwh_WA,Tave_at,29.549496724661,0.0980653769179453,10
CWHwh_WA,Eref,28.5212196653675,0.0980653769179453,10
CWHwh_WA,EXT,28.4728432113609,0.0980653769179453,10
CWHwh1,CMDMax,13.951340619023,0.124444444444444,3
CWHwh1,eFFP,11.9146257579521,0.124444444444444,3
CWHwh1,CMD.total,11.3554577710664,0.124444444444444,3
CWHwh1,FFP,10.9103277961029,0.124444444444444,3
CWHwh1,DD_0_sp,10.8657952386839,0.124444444444444,3
CWHwh1,PPT_JAS,10.1846538384673,0.124444444444444,3
CWHwh1,PPT_sm,9.10699909055468,0.124444444444444,3
CWHwh1,NFFD,8.70034533063356,0.124444444444444,3
CWHwh1,CMD.grow,8.54795597537377,0.124444444444444,3
CWHwh1,DD_18_sp,7.47537209021751,0.124444444444444,3
CWHwh2,eFFP,30.4099007746758,0.160213618157543,5
CWHwh2,NFFD,24.3091082823859,0.160213618157543,5
CWHwh2,Tmin_at,21.2599101324,0.160213618157543,5
CWHwh2,Tmin,20.4993311726478,0.160213618157543,5
CWHwh2,FFP,19.0980720946905,0.160213618157543,5
CWHwh2,Tmin_sp,16.7285296706768,0.160213618157543,5
CWHwh2,CMD,16.6887332347489,0.160213618157543,5
CWHwh2,bFFP,14.3237684335656,0.160213618157543,5
CWHwh2,CMD.total,14.2339929599348,0.160213618157543,5
CWHwh2,NFFD_wt,13.8964696715292,0.160213618157543,5
CWHwm,Eref_at,66.3949069792627,0.204859456884231,14
CWHwm,Eref_sm,65.088953131224,0.204859456884231,14
CWHwm,TD,64.2484262867369,0.204859456884231,14
CWHwm,EXT,47.9185946482376,0.204859456884231,14
CWHwm,Eref_sp,44.8299700773862,0.204859456884231,14
CWHwm,Tave_wt,43.1575255266683,0.204859456884231,14
CWHwm,DD5_wt,40.0965578757258,0.204859456884231,14
CWHwm,Eref,39.475362468279,0.204859456884231,14
CWHwm,DD18_wt,38.7204386191294,0.204859456884231,14
CWHwm,PPT_JAS,38.4746895132763,0.204859456884231,14
CWHws1,Eref_at,33.1308904807692,0.131111111111111,6
CWHws1,TD,25.2711553243715,0.131111111111111,6
CWHws1,PPT_sp,23.2479761623345,0.131111111111111,6
CWHws1,AHM,22.6510761240856,0.131111111111111,6
CWHws1,Tmax_wt,20.4292229567356,0.131111111111111,6
CWHws1,PAS_sp,20.1520294490113,0.131111111111111,6
CWHws1,DD_18_wt,19.2969239659284,0.131111111111111,6
CWHws1,PPT,19.0305667191488,0.131111111111111,6
CWHws1,MAP,17.0465498393834,0.131111111111111,6
CWHws1,PPT.dormant,16.8479401958338,0.131111111111111,6
CWHws2,Eref_at,85.0191652231017,0.19859649122807,19
CWHws2,PAS_wt,61.8991062109974,0.19859649122807,19
CWHws2,PPT.dormant,60.9292556803167,0.19859649122807,19
CWHws2,Tmax_wt,60.2664072387218,0.19859649122807,19
CWHws2,CMDMax,58.234847098837,0.19859649122807,19
CWHws2,PPT_sp,56.0017824300981,0.19859649122807,19
CWHws2,PAS_sp,53.4657529402879,0.19859649122807,19
CWHws2,TD,52.1912226893705,0.19859649122807,19
CWHws2,PPT_JAS,49.92997090708,0.19859649122807,19
CWHws2,MAP,49.7497644400414,0.19859649122807,19
CWHxm_OR,Eref_wt,46.7994636422294,0.0895249695493301,11
CWHxm_OR,CMDMax,46.1403411322564,0.0895249695493301,11
CWHxm_OR,Eref_at,42.3814676108752,0.0895249695493301,11
CWHxm_OR,CMD_sm,39.743941393327,0.0895249695493301,11
CWHxm_OR,PPT.dormant,34.6315944487025,0.0895249695493301,11
CWHxm_OR,CMD,33.4239330233676,0.0895249695493301,11
CWHxm_OR,CMI,33.105568564317,0.0895249695493301,11
CWHxm_OR,DD_0_wt,32.8136261547285,0.0895249695493301,11
CWHxm_OR,CMD.grow,31.5758509442955,0.0895249695493301,11
CWHxm_OR,NFFD_sp,31.1206222944908,0.0895249695493301,11
CWHxm_WA,TD,70.5956978917831,0.0957282552753474,13
CWHxm_WA,Eref_wt,69.0928853758486,0.0957282552753474,13
CWHxm_WA,PAS_sp,48.015785002763,0.0957282552753474,13
CWHxm_WA,SHM,46.5721866531195,0.0957282552753474,13
CWHxm_WA,Eref_at,46.1434090772291,0.0957282552753474,13
CWHxm_WA,CMDMax,45.282596054528,0.0957282552753474,13
CWHxm_WA,PPT_sp,38.583020468991,0.0957282552753474,13
CWHxm_WA,AHM,37.165980485906,0.0957282552753474,13
CWHxm_WA,Tmax_wt,35.2995779299315,0.0957282552753474,13
CWHxm_WA,MCMT,33.2316479243007,0.0957282552753474,13
CWHxm1,Eref_at,39.739467257556,0.130666666666667,5
CWHxm1,Eref_wt,29.9813731561609,0.130666666666667,5
CWHxm1,PPT_MJ,26.366528060687,0.130666666666667,5
CWHxm1,PAS_sm,21.5478062247099,0.130666666666667,5
CWHxm1,Eref_sm,21.1635808722629,0.130666666666667,5
CWHxm1,PPT_sp,19.5312059642408,0.130666666666667,5
CWHxm1,AHM,18.5008487912039,0.130666666666667,5
CWHxm1,Eref,17.7530839866654,0.130666666666667,5
CWHxm1,MAP,16.8596795648324,0.130666666666667,5
CWHxm1,CMDMax,15.1341019535532,0.130666666666667,5
CWHxm2,CMD_sm,31.3775077359057,0.252380952380952,7
CWHxm2,SHM,29.2380159340974,0.252380952380952,7
CWHxm2,PAS_sm,27.2491596102634,0.252380952380952,7
CWHxm2,CMDMax,25.7516466696278,0.252380952380952,7
CWHxm2,DD18_sp,24.7637632225306,0.252380952380952,7
CWHxm2,CMD.total,23.8937955679596,0.252380952380952,7
CWHxm2,CMD,23.5038608527296,0.252380952380952,7
CWHxm2,PPT_JAS,21.6071259322215,0.252380952380952,7
CWHxm2,DD5_sp,20.5333284965354,0.252380952380952,7
CWHxm2,CMD.grow,20.3629768241544,0.252380952380952,7
ESSFabC,PAS_wt,64.4108630785161,0.293333333333333,17
ESSFabC,Eref_at,63.4890896989212,0.293333333333333,17
ESSFabC,Eref_sm,57.9898124169587,0.293333333333333,17
ESSFabC,NFFD_wt,54.3506282991537,0.293333333333333,17
ESSFabC,Tmin_wt,53.362236276271,0.293333333333333,17
ESSFabC,Tmax_sp,53.2081061285778,0.293333333333333,17
ESSFabC,PPT.dormant,53.016002098701,0.293333333333333,17
ESSFabC,EMT,52.6906237587596,0.293333333333333,17
ESSFabC,PAS_at,50.4491518412095,0.293333333333333,17
ESSFabC,PPT_sp,44.936693925393,0.293333333333333,17
ESSFabE,DD5,21.2461971131259,0.145333333333333,5
ESSFabE,Eref_sm,20.669677775561,0.145333333333333,5
ESSFabE,DD5_sp,20.663426816977,0.145333333333333,5
ESSFabE,CMD_sm,19.176193261286,0.145333333333333,5
ESSFabE,Eref_at,18.9807245627109,0.145333333333333,5
ESSFabE,PPT_JAS,17.6071161930823,0.145333333333333,5
ESSFabE,DD18_sp,17.3458332376551,0.145333333333333,5
ESSFabE,CMD.grow,15.5543604192142,0.145333333333333,5
ESSFabE,CMDMax,15.5047943826437,0.145333333333333,5
ESSFabE,DD_18,14.7440248832792,0.145333333333333,5
ESSFabN,Eref_at,86.0647262255001,0.245833333333333,16
ESSFabN,PAS_wt,62.1347659953368,0.245833333333333,16
ESSFabN,NFFD_wt,55.3685506263862,0.245833333333333,16
ESSFabN,PPT.dormant,51.8281380755381,0.245833333333333,16
ESSFabN,EMT,49.9173751476784,0.245833333333333,16
ESSFabN,Tmin_wt,47.6516130794337,0.245833333333333,16
ESSFabN,PAS_at,46.389147822932,0.245833333333333,16
ESSFabN,Tmin_at,45.8585208572835,0.245833333333333,16
ESSFabN,PAS,44.2884703451485,0.245833333333333,16
ESSFabN,NFFD_at,41.6708766584075,0.245833333333333,16
ESSFabS,EMT,68.64130554712,0.188717948717949,13
ESSFabS,NFFD_wt,55.832256975218,0.188717948717949,13
ESSFabS,Tmin_wt,54.7647212194755,0.188717948717949,13
ESSFabS,PPT.dormant,44.6914422603839,0.188717948717949,13
ESSFabS,PAS_wt,44.4839369067091,0.188717948717949,13
ESSFabS,Eref_sm,42.051853832585,0.188717948717949,13
ESSFabS,MCMT,39.9848388369214,0.188717948717949,13
ESSFabS,Tmax_sp,39.5693771328831,0.188717948717949,13
ESSFabS,DD5_sp,37.034471447399,0.188717948717949,13
ESSFabS,PAS_at,34.809075687803,0.188717948717949,13
ESSFdc1,CMI,47.0483936211614,0.172,10
ESSFdc1,MAP,46.6691106280182,0.172,10
ESSFdc1,PPT,43.3803493274802,0.172,10
ESSFdc1,PPT.dormant,40.8014134516232,0.172,10
ESSFdc1,PAS_wt,38.2148881956305,0.172,10
ESSFdc1,PAS_at,36.1423535536284,0.172,10
ESSFdc1,PAS,32.6209140020098,0.172,10
ESSFdc1,AHM,31.5151476365192,0.172,10
ESSFdc1,Tave_sm,28.5545799990841,0.172,10
ESSFdc1,Tmax_sm,28.5266032240684,0.172,10
ESSFdc2,CMDMax,65.4147268138869,0.167916666666667,16
ESSFdc2,TD,62.8362924047938,0.167916666666667,16
ESSFdc2,PAS_wt,62.2736596447561,0.167916666666667,16
ESSFdc2,PPT_sp,50.2491477879182,0.167916666666667,16
ESSFdc2,CMI,50.2042529221126,0.167916666666667,16
ESSFdc2,PPT.dormant,49.675417610954,0.167916666666667,16
ESSFdc2,PPT_sm,48.3510028017184,0.167916666666667,16
ESSFdc2,PPT_JAS,46.8052163708073,0.167916666666667,16
ESSFdc2,Tmax_wt,44.5875467601713,0.167916666666667,16
ESSFdc2,MAP,43.6350834808461,0.167916666666667,16
ESSFdc3,PPT,64.6064654874108,0.185714285714286,14
ESSFdc3,CMI,60.3822767810009,0.185714285714286,14
ESSFdc3,PPT.dormant,58.7392000508078,0.185714285714286,14
ESSFdc3,MAP,54.3800682080614,0.185714285714286,14
ESSFdc3,PAS_wt,50.2098232848648,0.185714285714286,14
ESSFdc3,PAS_at,47.483878506618,0.185714285714286,14
ESSFdc3,TD,40.1868426164432,0.185714285714286,14
ESSFdc3,Tmax_sm,38.6324239836032,0.185714285714286,14
ESSFdc3,PPT_sm,37.6337221482837,0.185714285714286,14
ESSFdc3,DD5_sp,36.991978246582,0.185714285714286,14
ESSFdcp,TD,25.4169194425125,0.205714285714286,7
ESSFdcp,Tave,22.9222505725235,0.205714285714286,7
ESSFdcp,DD18_wt,22.6148613294794,0.205714285714286,7
ESSFdcp,Tmax_wt,21.9428528658352,0.205714285714286,7
ESSFdcp,DD_0_sp,20.4803297610206,0.205714285714286,7
ESSFdcp,DD_18,19.0035167546498,0.205714285714286,7
ESSFdcp,DD_18_wt,18.5014563150133,0.205714285714286,7
ESSFdcp,MCMT,18.16751618975,0.205714285714286,7
ESSFdcp,PAS_at,17.9796465200489,0.205714285714286,7
ESSFdcp,Tave_wt,17.6714789091472,0.205714285714286,7
ESSFdcw,TD,69.0099440531979,0.184761904761905,14
ESSFdcw,CMDMax,66.4028381286178,0.184761904761905,14
ESSFdcw,MCMT,44.0931262967079,0.184761904761905,14
ESSFdcw,MAP,40.8216099550149,0.184761904761905,14
ESSFdcw,DD18_wt,40.6187139177466,0.184761904761905,14
ESSFdcw,PPT,40.4848523516611,0.184761904761905,14
ESSFdcw,DD_0_wt,38.8360501073907,0.184761904761905,14
ESSFdcw,Tave_wt,38.6731861278634,0.184761904761905,14
ESSFdcw,PPT_sm,36.4953161165275,0.184761904761905,14
ESSFdcw,PAS_wt,35.8177611143608,0.184761904761905,14
ESSFdh_WA,MAP,74.0231228222595,0.128677912907022,17
ESSFdh_WA,PPT,63.3003016928772,0.128677912907022,17
ESSFdh_WA,TD,57.8058161477432,0.128677912907022,17
ESSFdh_WA,PPT.dormant,54.9946012506601,0.128677912907022,17
ESSFdh_WA,PPT_sp,53.6406813019215,0.128677912907022,17
ESSFdh_WA,PPT_MJ,53.0837603615287,0.128677912907022,17
ESSFdh_WA,CMDMax,51.7161392416661,0.128677912907022,17
ESSFdh_WA,PPT_JAS,47.7131008172796,0.128677912907022,17
ESSFdh_WA,CMI,47.7106399203565,0.128677912907022,17
ESSFdh_WA,MCMT,46.7533476349885,0.128677912907022,17
ESSFdh1,TD,53.496730995402,0.112,10
ESSFdh1,CMDMax,44.8313761383893,0.112,10
ESSFdh1,PPT_JAS,43.1092494837253,0.112,10
ESSFdh1,PPT_sm,37.3670387851407,0.112,10
ESSFdh1,PAS_wt,36.2746440881954,0.112,10
ESSFdh1,PPT.dormant,35.9627148782366,0.112,10
ESSFdh1,Eref_at,34.3864984323082,0.112,10
ESSFdh1,CMD_sm,32.8148395604373,0.112,10
ESSFdh1,PAS,30.52442121527,0.112,10
ESSFdh1,Eref,29.5138132302929,0.112,10
ESSFdh2,Tmax_wt,50.7135013728049,0.222222222222222,12
ESSFdh2,DD18_wt,40.1588586630517,0.222222222222222,12
ESSFdh2,PPT.dormant,39.065364213908,0.222222222222222,12
ESSFdh2,DD_0_wt,37.7374909191464,0.222222222222222,12
ESSFdh2,MCMT,37.1956045325,0.222222222222222,12
ESSFdh2,DD5_wt,36.745735126538,0.222222222222222,12
ESSFdh2,DD_0,34.972743794657,0.222222222222222,12
ESSFdh2,TD,34.8409265596639,0.222222222222222,12
ESSFdh2,PPT_sp,34.2012716532413,0.222222222222222,12
ESSFdh2,Tave_wt,33.4621595176813,0.222222222222222,12
ESSFdk_MT,Eref_sm,80.0289323011999,0.140333333333333,20
ESSFdk_MT,Tmin_sp,67.2216837473544,0.140333333333333,20
ESSFdk_MT,Eref_at,63.0040892890718,0.140333333333333,20
ESSFdk_MT,TmaxJuly,61.9877267772886,0.140333333333333,20
ESSFdk_MT,TD,61.5243125428753,0.140333333333333,20
ESSFdk_MT,PAS_at,60.5514862255344,0.140333333333333,20
ESSFdk_MT,EMT,60.5196778445126,0.140333333333333,20
ESSFdk_MT,NFFD_wt,59.0777572395136,0.140333333333333,20
ESSFdk_MT,Tmin_wt,59.0536321010902,0.140333333333333,20
ESSFdk_MT,DD_18_sp,58.5195087619617,0.140333333333333,20
ESSFdk1,NFFD_wt,82.2646935984863,0.243508771929825,19
ESSFdk1,Tmin_wt,81.7889051778164,0.243508771929825,19
ESSFdk1,EMT,78.1090672144533,0.243508771929825,19
ESSFdk1,Eref_sm,66.5477257040085,0.243508771929825,19
ESSFdk1,MCMT,60.3385704108249,0.243508771929825,19
ESSFdk1,Tmax_sp,58.740701814609,0.243508771929825,19
ESSFdk1,PPT.dormant,55.8597202663993,0.243508771929825,19
ESSFdk1,PAS_wt,54.8098496783338,0.243508771929825,19
ESSFdk1,PAS_at,54.18948698913,0.243508771929825,19
ESSFdk1,Tmin_sm,52.3835239089415,0.243508771929825,19
ESSFdk2,EMT,60.0463692597197,0.293333333333333,16
ESSFdk2,Tmin_wt,58.663359365511,0.293333333333333,16
ESSFdk2,Tmax_sp,58.0441067540079,0.293333333333333,16
ESSFdk2,PAS_wt,57.0155625922318,0.293333333333333,16
ESSFdk2,TD,56.68674111373,0.293333333333333,16
ESSFdk2,NFFD_wt,52.1911252398819,0.293333333333333,16
ESSFdk2,Eref_at,51.3982635972475,0.293333333333333,16
ESSFdk2,MCMT,48.8370784428845,0.293333333333333,16
ESSFdk2,PPT.dormant,47.8800916189536,0.293333333333333,16
ESSFdk2,DD18_wt,43.7927068401533,0.293333333333333,16
ESSFdkp,NFFD_wt,55.3463452550484,0.283589743589744,13
ESSFdkp,Tmin_wt,52.785678962087,0.283589743589744,13
ESSFdkp,Eref_sm,51.2217646072505,0.283589743589744,13
ESSFdkp,TD,44.1384425369985,0.283589743589744,13
ESSFdkp,PAS_wt,43.7928268181893,0.283589743589744,13
ESSFdkp,DD18_wt,43.0589947234617,0.283589743589744,13
ESSFdkp,EMT,41.4331367324245,0.283589743589744,13
ESSFdkp,Eref,39.6674821118959,0.283589743589744,13
ESSFdkp,Tmin_sm,38.12306520026,0.283589743589744,13
ESSFdkp,TmaxJuly,37.8030807217445,0.283589743589744,13
ESSFdkw,Eref_sm,81.7669269402857,0.281052631578947,19
ESSFdkw,EMT,77.3436149786144,0.281052631578947,19
ESSFdkw,Tmin_wt,76.1188531743969,0.281052631578947,19
ESSFdkw,TD,64.163075815404,0.281052631578947,19
ESSFdkw,Eref_at,62.5134198270132,0.281052631578947,19
ESSFdkw,TmaxJuly,62.4323810652668,0.281052631578947,19
ESSFdkw,PAS_wt,62.1416992399456,0.281052631578947,19
ESSFdkw,NFFD_wt,62.1217294705517,0.281052631578947,19
ESSFdkw,Eref,58.1947274343673,0.281052631578947,19
ESSFdkw,PPT.dormant,55.7381563438387,0.281052631578947,19
ESSFdm_ID,Eref_at,124.47713928372,0.13970235237638,28
ESSFdm_ID,PPT_MJ,109.598234106474,0.13970235237638,28
ESSFdm_ID,Tmin_wt,98.5585181185231,0.13970235237638,28
ESSFdm_ID,NFFD_wt,93.6272450076846,0.13970235237638,28
ESSFdm_ID,Tmax_wt,90.382748409593,0.13970235237638,28
ESSFdm_ID,TD,85.8662127863468,0.13970235237638,28
ESSFdm_ID,EXT,84.8391598238397,0.13970235237638,28
ESSFdm_ID,TmaxJuly,84.5295051577788,0.13970235237638,28
ESSFdm_ID,DD18_sp,80.6144757231266,0.13970235237638,28
ESSFdm_ID,Tmax_sm,77.6834092995017,0.13970235237638,28
ESSFdv1,DD5_wt,27.3006354695512,0.269673704414587,7
ESSFdv1,MCMT,26.6295930052127,0.269673704414587,7
ESSFdv1,Tmax_wt,25.5037246969339,0.269673704414587,7
ESSFdv1,DD_18_wt,24.7572469686603,0.269673704414587,7
ESSFdv1,DD_0_wt,24.1367540959286,0.269673704414587,7
ESSFdv1,DD18_wt,22.4690801177527,0.269673704414587,7
ESSFdv1,PAS_wt,22.2369845551937,0.269673704414587,7
ESSFdv1,PPT_sp,20.228882424739,0.269673704414587,7
ESSFdv1,Tave_wt,18.7685837581678,0.269673704414587,7
ESSFdv1,DD5_sp,18.2720538003985,0.269673704414587,7
ESSFdv2,PAS_wt,40.1524865115967,0.210909090909091,11
ESSFdv2,CMI,38.2029509848956,0.210909090909091,11
ESSFdv2,Eref_sm,35.6126875200037,0.210909090909091,11
ESSFdv2,PPT.dormant,33.9078226857673,0.210909090909091,11
ESSFdv2,Tmax_sp,33.4102199540411,0.210909090909091,11
ESSFdv2,MCMT,32.7684955581595,0.210909090909091,11
ESSFdv2,PPT,32.6016166323372,0.210909090909091,11
ESSFdv2,DD_18_wt,32.4178967950588,0.210909090909091,11
ESSFdv2,Eref,32.3267820293932,0.210909090909091,11
ESSFdv2,Eref_sp,31.5484821058145,0.210909090909091,11
ESSFdvp,Tmax_wt,55.8888660516118,0.241333333333333,15
ESSFdvp,EMT,52.1161495942154,0.241333333333333,15
ESSFdvp,DD_18_wt,52.0847196201511,0.241333333333333,15
ESSFdvp,PPT_JAS,51.7484428339528,0.241333333333333,15
ESSFdvp,DD18_wt,51.6030995633449,0.241333333333333,15
ESSFdvp,PAS_wt,46.6887509880926,0.241333333333333,15
ESSFdvp,Eref_at,45.3245831246587,0.241333333333333,15
ESSFdvp,MCMT,44.3875881676081,0.241333333333333,15
ESSFdvp,NFFD_wt,43.4134179175729,0.241333333333333,15
ESSFdvp,DD5_wt,42.7447390427579,0.241333333333333,15
ESSFdvw,PAS_wt,55.8911438267084,0.279583333333333,16
ESSFdvw,TD,54.7887674365816,0.279583333333333,16
ESSFdvw,PPT.dormant,49.4324645162053,0.279583333333333,16
ESSFdvw,DD18_wt,47.5650595854077,0.279583333333333,16
ESSFdvw,EMT,47.4146085135429,0.279583333333333,16
ESSFdvw,MCMT,44.0943702455218,0.279583333333333,16
ESSFdvw,DD5_sp,43.4395226469767,0.279583333333333,16
ESSFdvw,CMI,43.0619726496851,0.279583333333333,16
ESSFdvw,MAP,42.4565243359462,0.279583333333333,16
ESSFdvw,DD_0_wt,42.1954492180332,0.279583333333333,16
ESSFdw_ID,Eref_at,56.2026148264572,0.108589230084557,15
ESSFdw_ID,PPT.dormant,55.97793693147,0.108589230084557,15
ESSFdw_ID,CMD,55.4891907017411,0.108589230084557,15
ESSFdw_ID,TD,51.229091720865,0.108589230084557,15
ESSFdw_ID,PPT,45.3108546530887,0.108589230084557,15
ESSFdw_ID,PAS_at,45.2512220921784,0.108589230084557,15
ESSFdw_ID,Tmin_sp,44.4722584704109,0.108589230084557,15
ESSFdw_ID,CMD.total,44.1185026402186,0.108589230084557,15
ESSFdw_ID,Eref_sm,43.887662105858,0.108589230084557,15
ESSFdw_ID,PAS,42.5586015426224,0.108589230084557,15
ESSFmc,Eref_at,93.7897147998501,0.203636363636364,22
ESSFmc,Tmax_wt,81.9790544278453,0.203636363636364,22
ESSFmc,CMDMax,78.5374203972554,0.203636363636364,22
ESSFmc,PAS_wt,68.9336486879708,0.203636363636364,22
ESSFmc,DD18_wt,66.4791050825081,0.203636363636364,22
ESSFmc,TD,62.4839977080643,0.203636363636364,22
ESSFmc,Tmin,61.922092435793,0.203636363636364,22
ESSFmc,Eref,56.1896308709378,0.203636363636364,22
ESSFmc,Tmax_sp,55.782200747123,0.203636363636364,22
ESSFmc,Tave_wt,55.4054120233975,0.203636363636364,22
ESSFmcp,CMDMax,50.3374175926233,0.211282051282051,13
ESSFmcp,Eref_at,45.4843621959172,0.211282051282051,13
ESSFmcp,Tmin_wt,41.322633562422,0.211282051282051,13
ESSFmcp,Eref_sp,39.115142399716,0.211282051282051,13
ESSFmcp,Eref,38.4516528566698,0.211282051282051,13
ESSFmcp,Tmax_sm,37.2533003910415,0.211282051282051,13
ESSFmcp,DD18_wt,35.1129445765105,0.211282051282051,13
ESSFmcp,Eref_sm,34.9582706108258,0.211282051282051,13
ESSFmcp,Tmax_sp,33.9575007759883,0.211282051282051,13
ESSFmcp,PAS_wt,33.9173442065416,0.211282051282051,13
ESSFmcw,CMDMax,65.4628798856117,0.238666666666667,15
ESSFmcw,Eref,48.0713110682579,0.238666666666667,15
ESSFmcw,DD18_wt,47.0899514651056,0.238666666666667,15
ESSFmcw,Tmax_sp,45.7268069854645,0.238666666666667,15
ESSFmcw,Eref_at,44.1704592528086,0.238666666666667,15
ESSFmcw,TD,42.0412698583078,0.238666666666667,15
ESSFmcw,Tmax_sm,41.7739063500633,0.238666666666667,15
ESSFmcw,Eref_sp,40.6555227312423,0.238666666666667,15
ESSFmcw,Eref_sm,39.7108811523389,0.238666666666667,15
ESSFmcw,NFFD_wt,39.3950872771399,0.238666666666667,15
ESSFmh,MAP,42.0062243287849,0.20326409495549,9
ESSFmh,PPT,41.7500315553989,0.20326409495549,9
ESSFmh,PPT.dormant,35.2822334131704,0.20326409495549,9
ESSFmh,PAS_wt,34.2599161150164,0.20326409495549,9
ESSFmh,CMI,32.6079521333848,0.20326409495549,9
ESSFmh,PPT_sm,30.2592904534121,0.20326409495549,9
ESSFmh,CMD.total,29.7544271013001,0.20326409495549,9
ESSFmh,PPT_JAS,28.9838010571612,0.20326409495549,9
ESSFmh,PAS_at,27.0402394282998,0.20326409495549,9
ESSFmh,MSP,26.3412616535499,0.20326409495549,9
ESSFmk,PPT.dormant,41.6611069805925,0.208,10
ESSFmk,Tmax_sm,32.2022011099182,0.208,10
ESSFmk,NFFD_sm,31.8203055564525,0.208,10
ESSFmk,PAS_wt,31.7978687166955,0.208,10
ESSFmk,bFFP,31.1272401588625,0.208,10
ESSFmk,FFP,29.1812509172891,0.208,10
ESSFmk,Tmin,28.8227102316217,0.208,10
ESSFmk,NFFD_at,27.5612521268096,0.208,10
ESSFmk,CMDMax,27.5355924926052,0.208,10
ESSFmk,Eref_sm,26.6976503513837,0.208,10
ESSFmkp,PPT.dormant,32.6809111430179,0.217575757575758,11
ESSFmkp,Tmin_sp,32.524989996427,0.217575757575758,11
ESSFmkp,Tmax_wt,31.6087239163262,0.217575757575758,11
ESSFmkp,PAS_wt,31.0456546133423,0.217575757575758,11
ESSFmkp,MCMT,30.5418132208333,0.217575757575758,11
ESSFmkp,CMDMax,30.3425520091387,0.217575757575758,11
ESSFmkp,Eref_at,28.7484541822809,0.217575757575758,11
ESSFmkp,Eref_sm,27.7234880105015,0.217575757575758,11
ESSFmkp,DD18_wt,27.5582896922848,0.217575757575758,11
ESSFmkp,Eref_sp,27.5204370054787,0.217575757575758,11
ESSFmkw,PPT.dormant,39.1558564822791,0.236969696969697,11
ESSFmkw,Eref,35.7957443767199,0.236969696969697,11
ESSFmkw,CMDMax,32.1681880816385,0.236969696969697,11
ESSFmkw,Tmin_sp,31.9656703408634,0.236969696969697,11
ESSFmkw,MAP,29.4412903597583,0.236969696969697,11
ESSFmkw,PAS_wt,29.1105652666985,0.236969696969697,11
ESSFmkw,Tmin,29.0859772210354,0.236969696969697,11
ESSFmkw,DD_18_sp,28.9095812813841,0.236969696969697,11
ESSFmkw,NFFD_sp,28.2606003568312,0.236969696969697,11
ESSFmkw,Tmax_sp,27.9047749482659,0.236969696969697,11
ESSFmm1,PAS_wt,85.6729110097268,0.267666666666667,20
ESSFmm1,EMT,72.9870999742472,0.267666666666667,20
ESSFmm1,NFFD_wt,67.2793174674007,0.267666666666667,20
ESSFmm1,Tmin_wt,67.2247199043881,0.267666666666667,20
ESSFmm1,Tmin_at,65.8769948802659,0.267666666666667,20
ESSFmm1,PPT.dormant,65.628401666941,0.267666666666667,20
ESSFmm1,MCMT,65.085070931684,0.267666666666667,20
ESSFmm1,TD,62.7601668843112,0.267666666666667,20
ESSFmm1,Eref_at,61.4377002739728,0.267666666666667,20
ESSFmm1,Tmax_wt,59.8493212624436,0.267666666666667,20
ESSFmm2,PPT.dormant,50.9098292908239,0.203030303030303,11
ESSFmm2,Tmin_wt,44.9280303651188,0.203030303030303,11
ESSFmm2,NFFD_wt,43.8085873003868,0.203030303030303,11
ESSFmm2,PAS_wt,42.283658240609,0.203030303030303,11
ESSFmm2,MCMT,38.8593805742532,0.203030303030303,11
ESSFmm2,TD,38.2606631076995,0.203030303030303,11
ESSFmm2,DD18_wt,36.0582175582022,0.203030303030303,11
ESSFmm2,PAS,32.5166526317486,0.203030303030303,11
ESSFmm2,Eref_sm,32.3650980070528,0.203030303030303,11
ESSFmm2,EMT,32.1992297612219,0.203030303030303,11
ESSFmm3,PAS_wt,67.2074996192485,0.302857142857143,14
ESSFmm3,PPT.dormant,60.1603124037374,0.302857142857143,14
ESSFmm3,Tmin_wt,59.0270291262436,0.302857142857143,14
ESSFmm3,NFFD_wt,51.0564789764394,0.302857142857143,14
ESSFmm3,Eref_sm,47.2904332724033,0.302857142857143,14
ESSFmm3,DD18_wt,44.6864759758538,0.302857142857143,14
ESSFmm3,Eref_at,42.619715199212,0.302857142857143,14
ESSFmm3,PAS_at,42.5971354026119,0.302857142857143,14
ESSFmm3,EMT,42.4952241321121,0.302857142857143,14
ESSFmm3,TD,41.946305439907,0.302857142857143,14
ESSFmmp,PAS_wt,88.716995185832,0.3175,16
ESSFmmp,PPT.dormant,69.0123646058775,0.3175,16
ESSFmmp,Eref_at,68.3056339472064,0.3175,16
ESSFmmp,Tmin_wt,51.3505815863192,0.3175,16
ESSFmmp,PAS_at,49.8859329081373,0.3175,16
ESSFmmp,NFFD_wt,48.8687597011385,0.3175,16
ESSFmmp,EMT,48.5281247489186,0.3175,16
ESSFmmp,TD,47.1907528404359,0.3175,16
ESSFmmp,Eref_sm,39.5632700134056,0.3175,16
ESSFmmp,PAS,38.2042271700905,0.3175,16
ESSFmmw,PAS_wt,90.9202597691814,0.328888888888889,18
ESSFmmw,PPT.dormant,63.570336543624,0.328888888888889,18
ESSFmmw,Eref_at,62.4362611199559,0.328888888888889,18
ESSFmmw,NFFD_wt,58.0031851794289,0.328888888888889,18
ESSFmmw,Tmin_wt,56.0271055514318,0.328888888888889,18
ESSFmmw,PAS_at,55.6479880218079,0.328888888888889,18
ESSFmmw,Eref_sm,54.6679111075414,0.328888888888889,18
ESSFmmw,EMT,54.411942894599,0.328888888888889,18
ESSFmmw,MCMT,54.3414007619762,0.328888888888889,18
ESSFmmw,TD,49.9730012327906,0.328888888888889,18
ESSFmv1,Tmin,38.7512727933704,0.0611111111111111,6
ESSFmv1,Eref_sm,27.6516827095102,0.0611111111111111,6
ESSFmv1,DD_18,25.5997989026404,0.0611111111111111,6
ESSFmv1,DD_18_sp,23.6050097471539,0.0611111111111111,6
ESSFmv1,Tave_sp,23.3777193242374,0.0611111111111111,6
ESSFmv1,CMD.grow,21.7513820150266,0.0611111111111111,6
ESSFmv1,DD_0_sp,20.0067647944814,0.0611111111111111,6
ESSFmv1,MAT,17.1670385731096,0.0611111111111111,6
ESSFmv1,Tmax,15.6574504446514,0.0611111111111111,6
ESSFmv1,CMD_sm,15.4781198454976,0.0611111111111111,6
ESSFmv2,PAS_wt,44.5431487706368,0.190909090909091,11
ESSFmv2,PPT.dormant,44.4120917446568,0.190909090909091,11
ESSFmv2,Eref_at,40.1637903365119,0.190909090909091,11
ESSFmv2,PPT_MJ,39.6156322649105,0.190909090909091,11
ESSFmv2,Tmax_sm,33.9029921781475,0.190909090909091,11
ESSFmv2,PAS_sp,33.1128173762354,0.190909090909091,11
ESSFmv2,EXT,32.8940576326143,0.190909090909091,11
ESSFmv2,PAS,32.8162347076868,0.190909090909091,11
ESSFmv2,SHM,30.4074964411435,0.190909090909091,11
ESSFmv2,CMD.grow,29.3304459213696,0.190909090909091,11
ESSFmv3,TD,61.7295575048626,0.190079199666528,16
ESSFmv3,CMDMax,56.0855777227162,0.190079199666528,16
ESSFmv3,DD18_wt,52.399136290175,0.190079199666528,16
ESSFmv3,PPT_JAS,51.7656893247912,0.190079199666528,16
ESSFmv3,DD_18_wt,50.8195704150695,0.190079199666528,16
ESSFmv3,NFFD_wt,47.6741225664188,0.190079199666528,16
ESSFmv3,MCMT,47.169110692053,0.190079199666528,16
ESSFmv3,DD_0_wt,46.5030822836712,0.190079199666528,16
ESSFmv3,DD18_sp,45.2060051674037,0.190079199666528,16
ESSFmv3,DD5_wt,44.4435732906503,0.190079199666528,16
ESSFmv4,PAS_wt,50.9099247803844,0.201428571428571,14
ESSFmv4,Tave_sm,46.9611212902702,0.201428571428571,14
ESSFmv4,DD18_sp,43.7087711636381,0.201428571428571,14
ESSFmv4,Eref_at,43.0856955688555,0.201428571428571,14
ESSFmv4,Eref,42.5372660776269,0.201428571428571,14
ESSFmv4,DD5_sp,42.3048368856181,0.201428571428571,14
ESSFmv4,PPT.dormant,40.7452664232251,0.201428571428571,14
ESSFmv4,NFFD_sm,37.772017897026,0.201428571428571,14
ESSFmv4,CMDMax,37.0492650423455,0.201428571428571,14
ESSFmv4,TD,36.3186325217323,0.201428571428571,14
ESSFmvp,PPT.dormant,39.0867208609884,0.204207285787583,13
ESSFmvp,CMDMax,39.0798262427343,0.204207285787583,13
ESSFmvp,Eref_at,38.2169791112081,0.204207285787583,13
ESSFmvp,PAS_wt,37.229879409566,0.204207285787583,13
ESSFmvp,MCMT,35.9254156992309,0.204207285787583,13
ESSFmvp,Tmin_wt,35.3971066734402,0.204207285787583,13
ESSFmvp,NFFD_wt,34.1591530113936,0.204207285787583,13
ESSFmvp,Eref,33.907310518781,0.204207285787583,13
ESSFmvp,TD,33.3994625512097,0.204207285787583,13
ESSFmvp,Tmin_at,32.9130460751157,0.204207285787583,13
ESSFmw,Eref_at,78.1491657420605,0.221851851851852,18
ESSFmw,TD,62.3059488451501,0.221851851851852,18
ESSFmw,Tmax_wt,55.8711599538807,0.221851851851852,18
ESSFmw,PPT_JAS,55.2469961153934,0.221851851851852,18
ESSFmw,EMT,52.3346905848944,0.221851851851852,18
ESSFmw,NFFD_wt,49.7246993069993,0.221851851851852,18
ESSFmw,Eref_sm,49.6562841157198,0.221851851851852,18
ESSFmw,Eref,47.7238654507181,0.221851851851852,18
ESSFmw,Tmin_wt,47.1763992949759,0.221851851851852,18
ESSFmw,Tmax,45.8071849854413,0.221851851851852,18
ESSFmw_WA,CMDMax,97.7590227138066,0.124164810690423,24
ESSFmw_WA,TD,84.0960456308273,0.124164810690423,24
ESSFmw_WA,PPT,81.1352263621283,0.124164810690423,24
ESSFmw_WA,PAS_sp,75.8335262831343,0.124164810690423,24
ESSFmw_WA,AHM,75.776633086082,0.124164810690423,24
ESSFmw_WA,PPT.dormant,72.3838797397242,0.124164810690423,24
ESSFmw_WA,Tmax_wt,70.3978967390923,0.124164810690423,24
ESSFmw_WA,MAP,69.4057196096402,0.124164810690423,24
ESSFmw_WA,CMD.grow,67.4110743281672,0.124164810690423,24
ESSFmw_WA,DD_18_wt,65.4989037309669,0.124164810690423,24
ESSFmw1,CMDMax,61.3110928217345,0.184285714285714,14
ESSFmw1,PPT_JAS,53.7212064163249,0.184285714285714,14
ESSFmw1,TD,45.9685618308663,0.184285714285714,14
ESSFmw1,CMD_sm,41.7132241204822,0.184285714285714,14
ESSFmw1,Tmax_sp,39.6792102845209,0.184285714285714,14
ESSFmw1,PPT.dormant,39.0037970922143,0.184285714285714,14
ESSFmw1,CMI,38.2073922014539,0.184285714285714,14
ESSFmw1,Eref,38.2039618313002,0.184285714285714,14
ESSFmw1,DD18_sp,37.6913655419801,0.184285714285714,14
ESSFmw1,CMD.grow,35.8893465197871,0.184285714285714,14
ESSFmw2,PPT_JAS,47.4550961436491,0.307619047619048,14
ESSFmw2,Tmax_sp,41.917586078812,0.307619047619048,14
ESSFmw2,DD5_sp,39.2722515123019,0.307619047619048,14
ESSFmw2,PPT_sp,36.5825794585056,0.307619047619048,14
ESSFmw2,DD18_sp,36.439927788871,0.307619047619048,14
ESSFmw2,CMI,35.5802245529119,0.307619047619048,14
ESSFmw2,CMD,35.4113099623119,0.307619047619048,14
ESSFmw2,MSP,35.0311340258503,0.307619047619048,14
ESSFmw2,Tmax_sm,34.9265207358914,0.307619047619048,14
ESSFmw2,PAS_sp,34.539896789475,0.307619047619048,14
ESSFmwp,Eref_at,85.0348287734127,0.272666666666667,20
ESSFmwp,PPT_JAS,68.4683972565653,0.272666666666667,20
ESSFmwp,EMT,65.1630103197605,0.272666666666667,20
ESSFmwp,MCMT,62.0574345022848,0.272666666666667,20
ESSFmwp,MSP,56.889621936675,0.272666666666667,20
ESSFmwp,DD18_wt,56.8427963591518,0.272666666666667,20
ESSFmwp,TD,56.4868040939885,0.272666666666667,20
ESSFmwp,PAS_at,54.0872730109824,0.272666666666667,20
ESSFmwp,Tmax_wt,53.3383495396789,0.272666666666667,20
ESSFmwp,DD_0_wt,52.3046011154744,0.272666666666667,20
ESSFmww,CMDMax,66.1273034086176,0.244166666666667,16
ESSFmww,TD,58.111499920276,0.244166666666667,16
ESSFmww,Eref_at,53.8707545265804,0.244166666666667,16
ESSFmww,Tmax_wt,51.4955113735359,0.244166666666667,16
ESSFmww,PPT_JAS,49.3668632628187,0.244166666666667,16
ESSFmww,EMT,47.1433345108582,0.244166666666667,16
ESSFmww,DD_0_wt,47.0017518223928,0.244166666666667,16
ESSFmww,MCMT,46.1309878921928,0.244166666666667,16
ESSFmww,DD5_wt,45.4171008788577,0.244166666666667,16
ESSFmww,DD18_wt,42.3287545473202,0.244166666666667,16
ESSFun,PPT.dormant,65.6204330512849,0.22,18
ESSFun,Tmax_sm,59.4403105932228,0.22,18
ESSFun,PPT_MJ,58.1834511172782,0.22,18
ESSFun,PAS_at,56.2314873759109,0.22,18
ESSFun,TD,55.4162893550728,0.22,18
ESSFun,PAS_wt,52.5652803953081,0.22,18
ESSFun,PPT_sp,51.7646972818384,0.22,18
ESSFun,DD18_wt,50.2647313615915,0.22,18
ESSFun,Tmin_wt,49.0651472732636,0.22,18
ESSFun,NFFD_wt,48.6912631714377,0.22,18
ESSFvc,Tmin_wt,35.2475166737427,0.328666666666667,10
ESSFvc,DD18_sp,35.2458677178681,0.328666666666667,10
ESSFvc,DD5_sp,30.5079593067787,0.328666666666667,10
ESSFvc,NFFD_wt,29.7081122545625,0.328666666666667,10
ESSFvc,DD18_wt,28.2262378525134,0.328666666666667,10
ESSFvc,DD_18_wt,27.7995578572509,0.328666666666667,10
ESSFvc,PAS_wt,27.5982108003625,0.328666666666667,10
ESSFvc,MCMT,27.3609439909395,0.328666666666667,10
ESSFvc,Tmax_sp,26.7452916340541,0.328666666666667,10
ESSFvc,DD_18_sp,26.0612613379633,0.328666666666667,10
ESSFvcp,PAS_wt,30.2629130044626,0.305714285714286,7
ESSFvcp,Eref_sm,24.101334100167,0.305714285714286,7
ESSFvcp,Tmin_sp,23.2977277614408,0.305714285714286,7
ESSFvcp,PPT.dormant,22.2265812328537,0.305714285714286,7
ESSFvcp,Tmin,19.8890614016099,0.305714285714286,7
ESSFvcp,Tmin_wt,17.8607124989567,0.305714285714286,7
ESSFvcp,EMT,16.9193552935401,0.305714285714286,7
ESSFvcp,PPT_JAS,16.6820724644367,0.305714285714286,7
ESSFvcp,TmaxJuly,16.1997364009102,0.305714285714286,7
ESSFvcp,DD18_sp,16.0687342404571,0.305714285714286,7
ESSFvcw,PAS_wt,49.3502076848983,0.32,10
ESSFvcw,Eref_sm,34.536293888532,0.32,10
ESSFvcw,PPT.dormant,33.3650820310187,0.32,10
ESSFvcw,Eref,29.9906578141507,0.32,10
ESSFvcw,Eref_at,28.6804521270245,0.32,10
ESSFvcw,EMT,27.1788431386843,0.32,10
ESSFvcw,NFFD_wt,26.3137813766621,0.32,10
ESSFvcw,Tmin_wt,26.2451785893363,0.32,10
ESSFvcw,Tmin_sp,25.1765331876298,0.32,10
ESSFvcw,DD18_wt,24.2222879931399,0.32,10
ESSFwc2,PAS_wt,104.988480016366,0.273333333333333,23
ESSFwc2,PPT.dormant,92.322024742032,0.273333333333333,23
ESSFwc2,PAS_at,69.6102192026534,0.273333333333333,23
ESSFwc2,TD,67.588958362199,0.273333333333333,23
ESSFwc2,MCMT,66.7632030208968,0.273333333333333,23
ESSFwc2,Tmax_wt,63.8892043887313,0.273333333333333,23
ESSFwc2,PPT_JAS,63.4909809347253,0.273333333333333,23
ESSFwc2,Tmin_wt,63.3951992049437,0.273333333333333,23
ESSFwc2,Tmax_at,62.7855813049104,0.273333333333333,23
ESSFwc2,Eref_sm,61.1499506654421,0.273333333333333,23
ESSFwc3,PAS_wt,62.515822335697,0.227111111111111,15
ESSFwc3,EMT,51.4957880819587,0.227111111111111,15
ESSFwc3,PPT.dormant,51.3761945230137,0.227111111111111,15
ESSFwc3,Eref_at,50.0991428313875,0.227111111111111,15
ESSFwc3,MCMT,49.6225309895913,0.227111111111111,15
ESSFwc3,NFFD_wt,43.4463203403295,0.227111111111111,15
ESSFwc3,Tmin_wt,42.8434520832346,0.227111111111111,15
ESSFwc3,DD_0_at,40.8558543590742,0.227111111111111,15
ESSFwc3,Eref,39.2072183372627,0.227111111111111,15
ESSFwc3,DD18_wt,38.2104270616935,0.227111111111111,15
ESSFwc4,Tmin_wt,53.7084985440945,0.244583333333333,16
ESSFwc4,Tmax_sp,47.9494906494535,0.244583333333333,16
ESSFwc4,PAS_at,47.1561426930696,0.244583333333333,16
ESSFwc4,PPT_sp,46.5736611796547,0.244583333333333,16
ESSFwc4,NFFD_wt,45.5041349996037,0.244583333333333,16
ESSFwc4,MAP,44.8489813949192,0.244583333333333,16
ESSFwc4,EMT,44.4758721567453,0.244583333333333,16
ESSFwc4,Tave_sp,43.1325171631533,0.244583333333333,16
ESSFwc4,PPT.dormant,42.9604000778706,0.244583333333333,16
ESSFwc4,PAS_wt,42.8418589614934,0.244583333333333,16
ESSFwcp,Eref_at,99.0446122912992,0.281388888888889,24
ESSFwcp,PAS_wt,98.2487361309174,0.281388888888889,24
ESSFwcp,EMT,75.1617624148631,0.281388888888889,24
ESSFwcp,NFFD_wt,74.0799508054703,0.281388888888889,24
ESSFwcp,PPT.dormant,72.9353960669779,0.281388888888889,24
ESSFwcp,Tmin_wt,70.3331322427077,0.281388888888889,24
ESSFwcp,PAS_sp,66.8627471560273,0.281388888888889,24
ESSFwcp,TD,66.6256142584676,0.281388888888889,24
ESSFwcp,Tmin_at,64.2200576954197,0.281388888888889,24
ESSFwcp,CMI,63.8858176761765,0.281388888888889,24
ESSFwcw,PAS_wt,101.354961133824,0.262666666666667,25
ESSFwcw,Eref_at,93.2436307989451,0.262666666666667,25
ESSFwcw,PPT.dormant,86.7180320108228,0.262666666666667,25
ESSFwcw,PAS_at,79.4508257405543,0.262666666666667,25
ESSFwcw,CMI,78.6640095828247,0.262666666666667,25
ESSFwcw,NFFD_wt,76.286013609842,0.262666666666667,25
ESSFwcw,Tmin_wt,75.9519959749119,0.262666666666667,25
ESSFwcw,PAS_sp,74.6508932709063,0.262666666666667,25
ESSFwcw,MCMT,73.8873398847357,0.262666666666667,25
ESSFwcw,PPT_sp,70.8517041797797,0.262666666666667,25
ESSFwh_MT,Tmin_sp,73.8109507179098,0.118333333333333,16
ESSFwh_MT,AHM,48.9957847247196,0.118333333333333,16
ESSFwh_MT,Tmax_sm,46.5798798854384,0.118333333333333,16
ESSFwh_MT,MAP,45.2340078606843,0.118333333333333,16
ESSFwh_MT,CMI,45.0955180117164,0.118333333333333,16
ESSFwh_MT,NFFD_sp,44.9528117713346,0.118333333333333,16
ESSFwh_MT,TmaxJuly,44.8854921611252,0.118333333333333,16
ESSFwh_MT,PAS_wt,44.1042143718669,0.118333333333333,16
ESSFwh_MT,PPT.dormant,43.5607070868542,0.118333333333333,16
ESSFwh_MT,DD_18_wt,41.9217589496952,0.118333333333333,16
ESSFwh1,Tmax_sp,55.3605022451573,0.274761904761905,14
ESSFwh1,PPT_sp,50.9607427712204,0.274761904761905,14
ESSFwh1,PPT_MJ,47.9308767808179,0.274761904761905,14
ESSFwh1,CMI,44.7867960223357,0.274761904761905,14
ESSFwh1,PPT.dormant,43.8309987837617,0.274761904761905,14
ESSFwh1,PAS_sp,43.3470285042711,0.274761904761905,14
ESSFwh1,MAP,42.497265400122,0.274761904761905,14
ESSFwh1,DD_0_wt,42.1600892309597,0.274761904761905,14
ESSFwh1,TD,40.6090007318687,0.274761904761905,14
ESSFwh1,PPT_JAS,40.5424454344263,0.274761904761905,14
ESSFwh2,NFFD_wt,42.5753273638604,0.174814814814815,9
ESSFwh2,EMT,39.2229057009122,0.174814814814815,9
ESSFwh2,Tmin_wt,36.8257394342993,0.174814814814815,9
ESSFwh2,PPT_JAS,36.8064544257544,0.174814814814815,9
ESSFwh2,MCMT,34.3984432366298,0.174814814814815,9
ESSFwh2,CMDMax,32.8521924990376,0.174814814814815,9
ESSFwh2,DD18_sp,30.5074468654133,0.174814814814815,9
ESSFwh2,DD_0_wt,28.4402863469951,0.174814814814815,9
ESSFwh2,Tmax_sp,28.1376379570544,0.174814814814815,9
ESSFwh2,DD_18_sp,25.1913119178353,0.174814814814815,9
ESSFwh3,CMDMax,42.131777623383,0.177037037037037,9
ESSFwh3,PPT_JAS,35.9360509136268,0.177037037037037,9
ESSFwh3,PPT_sp,34.3737018713603,0.177037037037037,9
ESSFwh3,PAS_sp,33.4995608327662,0.177037037037037,9
ESSFwh3,DD_0_at,28.8184924420524,0.177037037037037,9
ESSFwh3,PPT_MJ,28.4531909373996,0.177037037037037,9
ESSFwh3,CMD_sp,28.3103134522547,0.177037037037037,9
ESSFwh3,Tmax_sp,27.9257233692683,0.177037037037037,9
ESSFwh3,Tave_sp,25.9728105368453,0.177037037037037,9
ESSFwh3,DD_0_sp,24.7427085537876,0.177037037037037,9
ESSFwk1,EMT,81.2525634219019,0.205964912280702,19
ESSFwk1,MCMT,75.0409908594701,0.205964912280702,19
ESSFwk1,Tmin_wt,71.3403310834524,0.205964912280702,19
ESSFwk1,NFFD_wt,64.8010618131066,0.205964912280702,19
ESSFwk1,PPT_JAS,63.7512131053934,0.205964912280702,19
ESSFwk1,MSP,59.6877227781857,0.205964912280702,19
ESSFwk1,PPT_sm,57.4327546529828,0.205964912280702,19
ESSFwk1,DD_0_wt,56.3599553780566,0.205964912280702,19
ESSFwk1,DD18_wt,55.5423686640978,0.205964912280702,19
ESSFwk1,eFFP,53.7852018154259,0.205964912280702,19
ESSFwk2,Tmin_wt,70.05583456115,0.188444444444444,15
ESSFwk2,MCMT,66.1335151060591,0.188444444444444,15
ESSFwk2,DD18_wt,56.6955760014702,0.188444444444444,15
ESSFwk2,NFFD_wt,55.5565478939971,0.188444444444444,15
ESSFwk2,EMT,55.1564444886253,0.188444444444444,15
ESSFwk2,PPT_sm,53.2583483081586,0.188444444444444,15
ESSFwk2,PPT_JAS,50.8172040199474,0.188444444444444,15
ESSFwk2,TD,48.2910724506226,0.188444444444444,15
ESSFwk2,Tmin_at,42.7005618564428,0.188444444444444,15
ESSFwk2,MSP,42.6856749844453,0.188444444444444,15
ESSFwm_MT,Tmin_wt,111.903120692777,0.152413793103448,29
ESSFwm_MT,Tmin_sp,101.702315939252,0.152413793103448,29
ESSFwm_MT,NFFD_wt,96.243972524386,0.152413793103448,29
ESSFwm_MT,Eref_at,91.9802499985474,0.152413793103448,29
ESSFwm_MT,NFFD_sp,87.0364076102123,0.152413793103448,29
ESSFwm_MT,EMT,80.9805827580903,0.152413793103448,29
ESSFwm_MT,PPT.dormant,79.6418103972157,0.152413793103448,29
ESSFwm_MT,Eref_sm,77.6637568015581,0.152413793103448,29
ESSFwm_MT,CMDMax,75.0347039058183,0.152413793103448,29
ESSFwm_MT,TD,73.2736053445275,0.152413793103448,29
ESSFwm1,Tmin_wt,53.9557012586576,0.251333333333333,10
ESSFwm1,EMT,52.7492417621285,0.251333333333333,10
ESSFwm1,TD,52.7374031597668,0.251333333333333,10
ESSFwm1,NFFD_wt,46.8884049642473,0.251333333333333,10
ESSFwm1,MCMT,36.3010592896146,0.251333333333333,10
ESSFwm1,Eref,35.5934701153067,0.251333333333333,10
ESSFwm1,Eref_sm,35.3405941075315,0.251333333333333,10
ESSFwm1,Tmax_sm,34.432760140413,0.251333333333333,10
ESSFwm1,Eref_sp,31.6795317543841,0.251333333333333,10
ESSFwm1,Tmax_sp,30.1930293207531,0.251333333333333,10
ESSFwm2,NFFD_wt,47.5946504174129,0.269090909090909,11
ESSFwm2,CMDMax,46.4279437560404,0.269090909090909,11
ESSFwm2,Tmin_wt,43.1596758175628,0.269090909090909,11
ESSFwm2,EMT,37.7243836242827,0.269090909090909,11
ESSFwm2,Eref,35.4306354617667,0.269090909090909,11
ESSFwm2,Tmax_sp,34.348483083056,0.269090909090909,11
ESSFwm2,Eref_at,33.8976649124768,0.269090909090909,11
ESSFwm2,DD_0_sp,32.3327467747665,0.269090909090909,11
ESSFwm2,PPT_JAS,31.7907760352036,0.269090909090909,11
ESSFwm2,PPT.dormant,28.1719540462483,0.269090909090909,11
ESSFwm3,CMDMax,39.6146639550828,0.193333333333333,8
ESSFwm3,Tmax_sp,32.484145401514,0.193333333333333,8
ESSFwm3,PPT_MJ,31.1733512561752,0.193333333333333,8
ESSFwm3,PPT_JAS,30.1995447012915,0.193333333333333,8
ESSFwm3,PPT_sp,28.2089954584028,0.193333333333333,8
ESSFwm3,Eref_sm,26.259440443613,0.193333333333333,8
ESSFwm3,PAS_sp,24.6654547734862,0.193333333333333,8
ESSFwm3,TmaxJuly,24.5048909189922,0.193333333333333,8
ESSFwm3,Eref,21.3698644805102,0.193333333333333,8
ESSFwm3,Eref_sp,21.3232174393161,0.193333333333333,8
ESSFwm4,Eref_sm,61.0165734168457,0.22047619047619,14
ESSFwm4,Tmin_wt,54.6013725814088,0.22047619047619,14
ESSFwm4,EMT,52.4011214158975,0.22047619047619,14
ESSFwm4,NFFD_wt,50.0022803650333,0.22047619047619,14
ESSFwm4,TmaxJuly,43.8243600232616,0.22047619047619,14
ESSFwm4,DD_0_at,40.4756599995803,0.22047619047619,14
ESSFwm4,PPT_MJ,39.8401113136873,0.22047619047619,14
ESSFwm4,Tmin_sp,38.7052841353129,0.22047619047619,14
ESSFwm4,PPT_sp,37.8531544350359,0.22047619047619,14
ESSFwm4,Tmin,36.2842989956208,0.22047619047619,14
ESSFwmp,Eref_sm,32.622392501659,0.301666666666667,8
ESSFwmp,TmaxJuly,27.6243095174651,0.301666666666667,8
ESSFwmp,Tmax_sm,26.6392278938015,0.301666666666667,8
ESSFwmp,PPT_JAS,24.5482110756215,0.301666666666667,8
ESSFwmp,Eref,23.8998556083848,0.301666666666667,8
ESSFwmp,EMT,20.9424501357903,0.301666666666667,8
ESSFwmp,MWMT,20.0039151745775,0.301666666666667,8
ESSFwmp,CMDMax,19.0885069767526,0.301666666666667,8
ESSFwmp,Tmax_sp,19.034819162981,0.301666666666667,8
ESSFwmp,Tmin_wt,18.9555013724843,0.301666666666667,8
ESSFwmw,Tmin_wt,48.3106301785324,0.306666666666667,14
ESSFwmw,NFFD_wt,48.250468208013,0.306666666666667,14
ESSFwmw,EMT,46.9907247032683,0.306666666666667,14
ESSFwmw,PPT_sp,45.1419593386347,0.306666666666667,14
ESSFwmw,PPT_JAS,42.9777132844427,0.306666666666667,14
ESSFwmw,Eref_sm,40.0165128427459,0.306666666666667,14
ESSFwmw,TmaxJuly,38.1358659748253,0.306666666666667,14
ESSFwmw,CMDMax,35.9233581254089,0.306666666666667,14
ESSFwmw,Tmax_sp,35.7242433411942,0.306666666666667,14
ESSFwmw,Eref_at,35.4955818911782,0.306666666666667,14
ESSFwv,Tmin_wt,54.3663775167384,0.251904761904762,14
ESSFwv,PAS_at,46.5510437875347,0.251904761904762,14
ESSFwv,NFFD_wt,44.1231020390131,0.251904761904762,14
ESSFwv,Tmax_sp,43.2301789539924,0.251904761904762,14
ESSFwv,Eref_at,42.7871785093823,0.251904761904762,14
ESSFwv,PAS,42.5896609657068,0.251904761904762,14
ESSFwv,PPT.dormant,41.3520169642134,0.251904761904762,14
ESSFwv,PAS_wt,39.2931231939972,0.251904761904762,14
ESSFwv,Tmax_sm,37.343206068041,0.251904761904762,14
ESSFwv,DD18_sp,37.1998774487409,0.251904761904762,14
ESSFwvp,PAS_at,50.059037479814,0.258181818181818,11
ESSFwvp,NFFD_sp,36.0988426417205,0.258181818181818,11
ESSFwvp,PPT.dormant,35.0570299094636,0.258181818181818,11
ESSFwvp,Eref,33.2513776994339,0.258181818181818,11
ESSFwvp,Tmax_sp,32.3799105896659,0.258181818181818,11
ESSFwvp,PAS_wt,30.0251709467305,0.258181818181818,11
ESSFwvp,Tmin_sp,29.5887010719015,0.258181818181818,11
ESSFwvp,Tmax_wt,27.9821684817005,0.258181818181818,11
ESSFwvp,Tave_sp,27.5072791658557,0.258181818181818,11
ESSFwvp,Eref_sm,26.6414699933452,0.258181818181818,11
ESSFwvw,Eref_sm,43.9236125686891,0.277222222222222,12
ESSFwvw,PPT.dormant,40.4980518929735,0.277222222222222,12
ESSFwvw,Eref,40.4111293753974,0.277222222222222,12
ESSFwvw,PAS_at,40.0096098425056,0.277222222222222,12
ESSFwvw,Tmax_sm,34.9995233456562,0.277222222222222,12
ESSFwvw,PAS,32.2807159506715,0.277222222222222,12
ESSFwvw,PAS_wt,31.4495028435395,0.277222222222222,12
ESSFwvw,NFFD_wt,31.3658588955939,0.277222222222222,12
ESSFwvw,TD,31.0895236080805,0.277222222222222,12
ESSFwvw,DD5_sp,29.8207551674199,0.277222222222222,12
ESSFxc_CO,Eref_at,88.8821333329168,0.12565963060686,21
ESSFxc_CO,PPT_MJ,88.6810071397383,0.12565963060686,21
ESSFxc_CO,Tmin_wt,78.4352318042768,0.12565963060686,21
ESSFxc_CO,TmaxJuly,70.812531353535,0.12565963060686,21
ESSFxc_CO,NFFD_wt,66.2216277987944,0.12565963060686,21
ESSFxc_CO,Tmax_wt,65.9878434419641,0.12565963060686,21
ESSFxc_CO,EXT,64.06820155509,0.12565963060686,21
ESSFxc_CO,PPT.dormant,60.6791169353923,0.12565963060686,21
ESSFxc_CO,CMD.total,59.9004791882301,0.12565963060686,21
ESSFxc_CO,EMT,58.6451348584908,0.12565963060686,21
ESSFxc_WA,Eref_at,139.846933198135,0.123944742900998,35
ESSFxc_WA,PPT_MJ,125.374853438098,0.123944742900998,35
ESSFxc_WA,TD,109.599537839874,0.123944742900998,35
ESSFxc_WA,Tmin_wt,107.704212695527,0.123944742900998,35
ESSFxc_WA,NFFD_wt,106.240576182559,0.123944742900998,35
ESSFxc_WA,Eref_sm,104.487946240954,0.123944742900998,35
ESSFxc_WA,PPT_JAS,103.81096227949,0.123944742900998,35
ESSFxc_WA,CMDMax,102.263336455455,0.123944742900998,35
ESSFxc_WA,Tmin_sp,101.95258938005,0.123944742900998,35
ESSFxc_WA,PPT.dormant,98.8272107833279,0.123944742900998,35
ESSFxc1,Tmax_sp,23.1629776457543,0.125555555555556,6
ESSFxc1,Eref_sm,23.1447090098595,0.125555555555556,6
ESSFxc1,DD5_sp,22.8394114912551,0.125555555555556,6
ESSFxc1,Eref_sp,22.7976904489464,0.125555555555556,6
ESSFxc1,CMDMax,22.0401537253948,0.125555555555556,6
ESSFxc1,PAS_sp,21.7492829812514,0.125555555555556,6
ESSFxc1,DD_18_sp,20.4850907974319,0.125555555555556,6
ESSFxc1,PPT_sp,19.5121396448053,0.125555555555556,6
ESSFxc1,PPT_JAS,19.1498580742199,0.125555555555556,6
ESSFxc1,Tmax_sm,17.9297567661007,0.125555555555556,6
ESSFxc2,CMI,41.5735304885337,0.121818181818182,11
ESSFxc2,PPT_sm,39.0215490174217,0.121818181818182,11
ESSFxc2,PPT_JAS,38.5920906982892,0.121818181818182,11
ESSFxc2,PPT.dormant,37.7753392911767,0.121818181818182,11
ESSFxc2,PPT_sp,37.1914977836485,0.121818181818182,11
ESSFxc2,PAS_wt,36.3681582930741,0.121818181818182,11
ESSFxc2,CMD.total,35.4344444613591,0.121818181818182,11
ESSFxc2,PAS_sp,35.0031514294842,0.121818181818182,11
ESSFxc2,MAP,34.3376468258186,0.121818181818182,11
ESSFxc2,DD18_sp,32.7461554875766,0.121818181818182,11
ESSFxc3,PPT.dormant,43.0558231557682,0.173939393939394,11
ESSFxc3,PAS_at,41.3266765174312,0.173939393939394,11
ESSFxc3,Tmax_sp,37.978907380079,0.173939393939394,11
ESSFxc3,EMT,37.1372354949059,0.173939393939394,11
ESSFxc3,Eref_sp,34.6259346492402,0.173939393939394,11
ESSFxc3,PAS_wt,32.4432971062414,0.173939393939394,11
ESSFxc3,eFFP,31.9748553333635,0.173939393939394,11
ESSFxc3,MAP,30.3274853852395,0.173939393939394,11
ESSFxc3,bFFP,30.2859141828574,0.173939393939394,11
ESSFxc3,DD18_sp,29.7845823561774,0.173939393939394,11
ESSFxcp,PAS_wt,40.4323398117039,0.178888888888889,12
ESSFxcp,Tave_wt,40.1467545369908,0.178888888888889,12
ESSFxcp,CMDMax,38.7909843902647,0.178888888888889,12
ESSFxcp,Eref_at,38.7352225184701,0.178888888888889,12
ESSFxcp,DD_18_wt,38.6222427847024,0.178888888888889,12
ESSFxcp,Tmax_wt,35.705549840009,0.178888888888889,12
ESSFxcp,DD5_wt,34.4231766113467,0.178888888888889,12
ESSFxcp,EMT,33.8314870040349,0.178888888888889,12
ESSFxcp,DD_0_wt,33.5013422769361,0.178888888888889,12
ESSFxcp,NFFD_wt,33.1544641666555,0.178888888888889,12
ESSFxcw,PAS_wt,54.2328552918116,0.18,14
ESSFxcw,PPT_JAS,53.7515459658809,0.18,14
ESSFxcw,CMD_at,49.8326351191482,0.18,14
ESSFxcw,CMDMax,46.5699553448809,0.18,14
ESSFxcw,EMT,45.9178558838975,0.18,14
ESSFxcw,TD,43.5804963084679,0.18,14
ESSFxcw,PAS_sp,43.3146547801042,0.18,14
ESSFxcw,PPT.dormant,42.6135052515066,0.18,14
ESSFxcw,Eref_sm,42.3295715442075,0.18,14
ESSFxcw,PAS_at,40.9827533545749,0.18,14
ESSFxh_WA,Eref_at,83.8549119598461,0.109550561797753,19
ESSFxh_WA,PPT_MJ,81.3851575482834,0.109550561797753,19
ESSFxh_WA,PAS_wt,67.6686767772418,0.109550561797753,19
ESSFxh_WA,NFFD_wt,63.9701621800272,0.109550561797753,19
ESSFxh_WA,PPT.dormant,61.0901671421023,0.109550561797753,19
ESSFxh_WA,TD,55.8812157427586,0.109550561797753,19
ESSFxh_WA,Tmin_wt,55.7668348658743,0.109550561797753,19
ESSFxh_WA,CMD.total,55.2026869887081,0.109550561797753,19
ESSFxh_WA,MSP,52.1983620589615,0.109550561797753,19
ESSFxh_WA,EMT,49.1362348025014,0.109550561797753,19
ESSFxk_MT,Eref_at,93.3380555681597,0.133085501858736,27
ESSFxk_MT,PPT_JAS,88.2053214038946,0.133085501858736,27
ESSFxk_MT,PPT.dormant,87.1499709074997,0.133085501858736,27
ESSFxk_MT,Tmin_sp,86.456196678829,0.133085501858736,27
ESSFxk_MT,TD,79.1179030115696,0.133085501858736,27
ESSFxk_MT,NFFD_wt,78.8965742247345,0.133085501858736,27
ESSFxk_MT,DD5_sp,76.8620599948273,0.133085501858736,27
ESSFxk_MT,DD18_sp,75.7294163397009,0.133085501858736,27
ESSFxk_MT,Tmin_wt,75.5997367448437,0.133085501858736,27
ESSFxk_MT,DD_0_sp,74.6641349594625,0.133085501858736,27
ESSFxk_UT,Eref_at,126.875037560459,0.131152048391532,25
ESSFxk_UT,PPT_MJ,98.7915563784936,0.131152048391532,25
ESSFxk_UT,TmaxJuly,81.645340492804,0.131152048391532,25
ESSFxk_UT,PPT_JAS,78.6039599996161,0.131152048391532,25
ESSFxk_UT,PPT.dormant,74.9024401572997,0.131152048391532,25
ESSFxk_UT,Eref,72.0290099027733,0.131152048391532,25
ESSFxk_UT,PAS_wt,71.7501722399639,0.131152048391532,25
ESSFxk_UT,Eref_sp,70.0089640565303,0.131152048391532,25
ESSFxk_UT,EXT,68.2310548502298,0.131152048391532,25
ESSFxk_UT,Eref_sm,67.815734335886,0.131152048391532,25
ESSFxk_WY,TD,100.162752200043,0.146271758898415,26
ESSFxk_WY,Eref_at,96.0441972203159,0.146271758898415,26
ESSFxk_WY,EXT,92.399476821865,0.146271758898415,26
ESSFxk_WY,PAS_wt,89.7288309999271,0.146271758898415,26
ESSFxk_WY,TmaxJuly,89.0116034491889,0.146271758898415,26
ESSFxk_WY,Tmin_wt,87.1300910052055,0.146271758898415,26
ESSFxk_WY,Tmax_sm,85.4005307721221,0.146271758898415,26
ESSFxk_WY,PPT_MJ,84.9730102756757,0.146271758898415,26
ESSFxk_WY,CMDMax,81.4385508417871,0.146271758898415,26
ESSFxk_WY,Tmax_wt,77.1976609344701,0.146271758898415,26
ESSFxv1,Eref_at,82.5103502203519,0.176666666666667,18
ESSFxv1,PPT_JAS,75.4987254722064,0.176666666666667,18
ESSFxv1,TD,62.4547974181346,0.176666666666667,18
ESSFxv1,Tmax_wt,55.5167304179223,0.176666666666667,18
ESSFxv1,MSP,51.9496913736125,0.176666666666667,18
ESSFxv1,eFFP,51.0100395616438,0.176666666666667,18
ESSFxv1,Eref,50.6389571006851,0.176666666666667,18
ESSFxv1,DD18_wt,48.857353091871,0.176666666666667,18
ESSFxv1,EMT,47.763568077258,0.176666666666667,18
ESSFxv1,NFFD_wt,46.0118227851238,0.176666666666667,18
ESSFxv2,EMT,56.0471081970905,0.176111111111111,12
ESSFxv2,PAS_at,45.7989670376865,0.176111111111111,12
ESSFxv2,Tmax_sp,43.2020574292165,0.176111111111111,12
ESSFxv2,PPT.dormant,38.6848830287097,0.176111111111111,12
ESSFxv2,Tmin_wt,37.4767763062145,0.176111111111111,12
ESSFxv2,eFFP,37.3942885639506,0.176111111111111,12
ESSFxv2,PAS_wt,35.1536176324978,0.176111111111111,12
ESSFxv2,Tmin_at,33.7579087477017,0.176111111111111,12
ESSFxv2,NFFD_wt,33.3407042353298,0.176111111111111,12
ESSFxv2,Tmin,31.5543365242595,0.176111111111111,12
ESSFxvp,PPT_JAS,73.477225372028,0.249824561403509,19
ESSFxvp,PAS_wt,71.8358777993718,0.249824561403509,19
ESSFxvp,PPT.dormant,66.6505010923894,0.249824561403509,19
ESSFxvp,Tmax_wt,64.111259148785,0.249824561403509,19
ESSFxvp,Eref_at,63.5026748559459,0.249824561403509,19
ESSFxvp,TD,62.1026130453573,0.249824561403509,19
ESSFxvp,PAS_at,61.8709355091658,0.249824561403509,19
ESSFxvp,EMT,57.5004084985374,0.249824561403509,19
ESSFxvp,CMI,56.1580063460126,0.249824561403509,19
ESSFxvp,PPT_sp,52.2990877471746,0.249824561403509,19
ESSFxvw,PAS_wt,38.1192460611622,0.145833333333333,8
ESSFxvw,PPT.dormant,31.572486147082,0.145833333333333,8
ESSFxvw,PAS_at,28.1642979170693,0.145833333333333,8
ESSFxvw,NFFD_wt,27.0517924883883,0.145833333333333,8
ESSFxvw,Eref_sp,24.8043752109749,0.145833333333333,8
ESSFxvw,Eref,24.0226022815221,0.145833333333333,8
ESSFxvw,EMT,23.947207264015,0.145833333333333,8
ESSFxvw,Eref_sm,22.8673887457919,0.145833333333333,8
ESSFxvw,TD,21.2512280818678,0.145833333333333,8
ESSFxvw,DD5_sp,20.4507596067181,0.145833333333333,8
ESSFxw_OR,Eref_at,159.671683965934,0.113575682891764,33
ESSFxw_OR,TD,148.761799037135,0.113575682891764,33
ESSFxw_OR,PPT_JAS,108.034532166799,0.113575682891764,33
ESSFxw_OR,Tmax_wt,107.389864555408,0.113575682891764,33
ESSFxw_OR,PPT_MJ,106.88846789558,0.113575682891764,33
ESSFxw_OR,TmaxJuly,101.760504534573,0.113575682891764,33
ESSFxw_OR,PPT.dormant,95.9815134759788,0.113575682891764,33
ESSFxw_OR,Tmin_wt,94.107555181786,0.113575682891764,33
ESSFxw_OR,EXT,92.7935071302083,0.113575682891764,33
ESSFxw_OR,PAS_wt,88.9004541089621,0.113575682891764,33
ESSFxx_WY,EXT,29.8859256657654,0.0900900900900901,6
ESSFxx_WY,Eref_at,26.9864104027566,0.0900900900900901,6
ESSFxx_WY,Eref_sp,25.8235545572655,0.0900900900900901,6
ESSFxx_WY,Tmax_sm,24.6279639929233,0.0900900900900901,6
ESSFxx_WY,TmaxJuly,24.0198304726273,0.0900900900900901,6
ESSFxx_WY,Tmax_wt,22.876759938909,0.0900900900900901,6
ESSFxx_WY,Eref,22.5536403043096,0.0900900900900901,6
ESSFxx_WY,PPT_MJ,20.1454491064207,0.0900900900900901,6
ESSFxx_WY,PAS_wt,18.6312804533453,0.0900900900900901,6
ESSFxx_WY,CMD.total,18.3472335332637,0.0900900900900901,6
FGff,CMD_sm,49.1013321177655,0.133272478320402,15
FGff,CMDMax,47.8901282468437,0.133272478320402,15
FGff,AHM,47.658364416685,0.133272478320402,15
FGff,MCMT,45.5850076600195,0.133272478320402,15
FGff,DD18_sp,45.0015202042089,0.133272478320402,15
FGff,Tmin_wt,42.5440728322834,0.133272478320402,15
FGff,DD5_sp,41.5618133300565,0.133272478320402,15
FGff,PPT_sm,40.6798062128686,0.133272478320402,15
FGff,Eref_at,40.1342327416971,0.133272478320402,15
FGff,NFFD_wt,39.5285174900223,0.133272478320402,15
FGnf,CMDMax,29.9642427048271,0.061415220293725,5
FGnf,PPT_sm,27.5361470159274,0.061415220293725,5
FGnf,PAS_sm,21.2747837370364,0.061415220293725,5
FGnf,PPT_MJ,20.25745128162,0.061415220293725,5
FGnf,SHM,19.8435335542631,0.061415220293725,5
FGnf,MSP,19.7432352832957,0.061415220293725,5
FGnf,CMD_sm,16.3981883551725,0.061415220293725,5
FGnf,PAS_sp,15.9982604352284,0.061415220293725,5
FGnf,Eref_at,13.7792332088405,0.061415220293725,5
FGnf,DD_0_at,13.5111840643812,0.061415220293725,5
GBDdw_UT,PPT_JAS,35.2604797040695,0.110726643598616,6
GBDdw_UT,TD,29.3263006784585,0.110726643598616,6
GBDdw_UT,EXT,22.6913564892952,0.110726643598616,6
GBDdw_UT,CMD_at,19.8300440681097,0.110726643598616,6
GBDdw_UT,DD5_wt,18.0121840740909,0.110726643598616,6
GBDdw_UT,Eref_at,17.3128989080949,0.110726643598616,6
GBDdw_UT,PPT_sm,16.7475235842011,0.110726643598616,6
GBDdw_UT,Tmax_sm,16.4575292957704,0.110726643598616,6
GBDdw_UT,CMD.total,15.3620057993189,0.110726643598616,6
GBDdw_UT,MWMT,15.2527450658141,0.110726643598616,6
GBDxh_NV,TD,75.6899064887064,0.118705035971223,20
GBDxh_NV,PPT_sm,67.4673350277974,0.118705035971223,20
GBDxh_NV,PPT_JAS,65.8285983888683,0.118705035971223,20
GBDxh_NV,PPT.dormant,62.6615455608768,0.118705035971223,20
GBDxh_NV,MAP,58.9156934086786,0.118705035971223,20
GBDxh_NV,CMD.total,57.7723960897333,0.118705035971223,20
GBDxh_NV,EXT,50.5336824735874,0.118705035971223,20
GBDxh_NV,MSP,50.2796865336968,0.118705035971223,20
GBDxh_NV,SHM,50.1363955687403,0.118705035971223,20
GBDxh_NV,AHM,48.7860787050753,0.118705035971223,20
GBDxx_UT,TD,34.3868714958935,0.0904109589041096,6
GBDxx_UT,DD5_wt,25.1232446447196,0.0904109589041096,6
GBDxx_UT,MSP,19.2942960313759,0.0904109589041096,6
GBDxx_UT,MWMT,18.2536252679765,0.0904109589041096,6
GBDxx_UT,MCMT,17.740287604521,0.0904109589041096,6
GBDxx_UT,DD_18_wt,17.3184329355575,0.0904109589041096,6
GBDxx_UT,DD18_sm,14.6116146322531,0.0904109589041096,6
GBDxx_UT,Tave_wt,14.331386283204,0.0904109589041096,6
GBDxx_UT,DD5_sm,13.7850303830007,0.0904109589041096,6
GBDxx_UT,Tave_sm,13.6871612017232,0.0904109589041096,6
ICHdh_ID,PPT_MJ,68.1706888063681,0.130666666666667,20
ICHdh_ID,DD5_wt,65.146627673174,0.130666666666667,20
ICHdh_ID,PAS,59.5298827263927,0.130666666666667,20
ICHdh_ID,Tmax_wt,59.260532967201,0.130666666666667,20
ICHdh_ID,PPT_sm,57.337714678344,0.130666666666667,20
ICHdh_ID,PAS_at,57.1273219154394,0.130666666666667,20
ICHdh_ID,SHM,56.7878392624626,0.130666666666667,20
ICHdh_ID,PPT.dormant,56.4244294532885,0.130666666666667,20
ICHdh_ID,DD_18_wt,55.7275631156493,0.130666666666667,20
ICHdh_ID,MCMT,53.7114569920856,0.130666666666667,20
ICHdk,CMD_sm,36.4363939067447,0.0971428571428571,7
ICHdk,EMT,35.6615095496691,0.0971428571428571,7
ICHdk,NFFD_wt,32.2445584398693,0.0971428571428571,7
ICHdk,Tmin_wt,28.025363879559,0.0971428571428571,7
ICHdk,CMDMax,25.2513462094407,0.0971428571428571,7
ICHdk,CMD,22.9208834685841,0.0971428571428571,7
ICHdk,SHM,21.5445424515762,0.0971428571428571,7
ICHdk,CMD_at,20.7925223116772,0.0971428571428571,7
ICHdk,Tmax_sm,20.5017902489257,0.0971428571428571,7
ICHdk,CMI,20.0098734629026,0.0971428571428571,7
ICHdm,EMT,60.5134255310836,0.196190476190476,14
ICHdm,Tmin_wt,59.8775895184024,0.196190476190476,14
ICHdm,NFFD_wt,56.2101716283201,0.196190476190476,14
ICHdm,PPT_JAS,46.6908060942133,0.196190476190476,14
ICHdm,Tmin_sm,42.8261201309633,0.196190476190476,14
ICHdm,PAS_sp,41.6911494239394,0.196190476190476,14
ICHdm,TD,40.5970015146537,0.196190476190476,14
ICHdm,PPT_MJ,39.0693256219973,0.196190476190476,14
ICHdm,PPT_sp,38.8473744442072,0.196190476190476,14
ICHdm,Eref_sm,37.7455955321041,0.196190476190476,14
ICHdw_ID,PPT_MJ,161.394728196451,0.146666666666667,45
ICHdw_ID,Eref_at,156.739429704784,0.146666666666667,45
ICHdw_ID,MSP,151.940579951339,0.146666666666667,45
ICHdw_ID,TD,145.291809854638,0.146666666666667,45
ICHdw_ID,PPT.dormant,142.765749827948,0.146666666666667,45
ICHdw_ID,PPT_sm,138.670313283578,0.146666666666667,45
ICHdw_ID,Tmax_wt,132.029811345803,0.146666666666667,45
ICHdw_ID,PPT_sp,124.907838448811,0.146666666666667,45
ICHdw_ID,PPT,122.813745028254,0.146666666666667,45
ICHdw_ID,SHM,121.170744191408,0.146666666666667,45
ICHdw1,CMDMax,49.6809174173591,0.198666666666667,10
ICHdw1,PPT_MJ,38.7683967203829,0.198666666666667,10
ICHdw1,PPT.dormant,36.5853654032621,0.198666666666667,10
ICHdw1,CMD_sp,35.4398593275342,0.198666666666667,10
ICHdw1,PPT_JAS,35.029361232298,0.198666666666667,10
ICHdw1,PPT_sm,31.173817993708,0.198666666666667,10
ICHdw1,CMI,28.678057871792,0.198666666666667,10
ICHdw1,PPT_sp,28.1973656990144,0.198666666666667,10
ICHdw1,PAS_wt,26.4250547644596,0.198666666666667,10
ICHdw1,CMD_sm,25.6574756294316,0.198666666666667,10
ICHdw3,PPT.dormant,44.2583548503839,0.239259259259259,9
ICHdw3,Tmax_sm,38.9454570459375,0.239259259259259,9
ICHdw3,TmaxJuly,35.8643309786038,0.239259259259259,9
ICHdw3,PAS_wt,32.6017278903202,0.239259259259259,9
ICHdw3,PAS_at,31.784578911571,0.239259259259259,9
ICHdw3,CMI,30.6898293388296,0.239259259259259,9
ICHdw3,Tmax_sp,30.1113275782789,0.239259259259259,9
ICHdw3,PAS,29.8219863682111,0.239259259259259,9
ICHdw3,PPT,27.4763726471303,0.239259259259259,9
ICHdw3,PPT_JAS,25.8581601684983,0.239259259259259,9
ICHdw4,PAS_wt,40.1651523338234,0.228053435114504,7
ICHdw4,TD,34.8766565907609,0.228053435114504,7
ICHdw4,PPT.dormant,33.4967813409725,0.228053435114504,7
ICHdw4,CMI,28.4377484278713,0.228053435114504,7
ICHdw4,PPT_sp,28.2413856291563,0.228053435114504,7
ICHdw4,PPT_JAS,25.8676463759804,0.228053435114504,7
ICHdw4,MCMT,25.6798309519451,0.228053435114504,7
ICHdw4,PPT,24.1691409749717,0.228053435114504,7
ICHdw4,DD18_wt,21.7461480519558,0.228053435114504,7
ICHdw4,MAP,21.6431151440353,0.228053435114504,7
ICHmc1,PPT.dormant,48.5913677751674,0.184666666666667,10
ICHmc1,CMI,43.3915100227336,0.184666666666667,10
ICHmc1,PPT_JAS,38.1575121641281,0.184666666666667,10
ICHmc1,MAP,32.8702414118184,0.184666666666667,10
ICHmc1,AHM,31.1691118681502,0.184666666666667,10
ICHmc1,CMD.total,30.8042115338965,0.184666666666667,10
ICHmc1,NFFD_wt,30.3786032433439,0.184666666666667,10
ICHmc1,DD5_wt,30.1490841023811,0.184666666666667,10
ICHmc1,Eref_at,30.0666934861215,0.184666666666667,10
ICHmc1,PPT,29.8012622569774,0.184666666666667,10
ICHmc1a,TD,30.4312516036603,0.144,5
ICHmc1a,PPT.dormant,23.8295321112991,0.144,5
ICHmc1a,PAS_wt,23.5747587882265,0.144,5
ICHmc1a,Tmax_wt,22.1807890112557,0.144,5
ICHmc1a,PAS,19.3721634782538,0.144,5
ICHmc1a,CMI,17.9326491798209,0.144,5
ICHmc1a,DD5_wt,16.1571066277614,0.144,5
ICHmc1a,MAP,14.6122611251647,0.144,5
ICHmc1a,DD_18_wt,14.2066516632487,0.144,5
ICHmc1a,PAS_at,13.2824192185357,0.144,5
ICHmc2,CMI,47.6901815833536,0.111111111111111,6
ICHmc2,MAP,31.2741452220176,0.111111111111111,6
ICHmc2,PPT_JAS,28.3970737469286,0.111111111111111,6
ICHmc2,PPT,26.8868209460688,0.111111111111111,6
ICHmc2,CMD_at,25.4338253694687,0.111111111111111,6
ICHmc2,PPT.dormant,17.9889933513368,0.111111111111111,6
ICHmc2,MAT,17.3033057488411,0.111111111111111,6
ICHmc2,DD_18,15.8702309012617,0.111111111111111,6
ICHmc2,MSP,15.1138442176791,0.111111111111111,6
ICHmc2,DD_0_sp,14.9656267320369,0.111111111111111,6
ICHmh_MT,PPT_MJ,34.3559087959386,0.0952380952380952,7
ICHmh_MT,Tave_sp,26.9322864825256,0.0952380952380952,7
ICHmh_MT,MSP,26.6016500106937,0.0952380952380952,7
ICHmh_MT,MAP,26.5151673712339,0.0952380952380952,7
ICHmh_MT,PPT,26.3030768386141,0.0952380952380952,7
ICHmh_MT,DD_0_sp,25.0488998847594,0.0952380952380952,7
ICHmh_MT,Tmin_sp,25.0215248881955,0.0952380952380952,7
ICHmh_MT,PPT.dormant,22.7611919514492,0.0952380952380952,7
ICHmh_MT,Tmin_wt,22.054343327425,0.0952380952380952,7
ICHmh_MT,DD_18_sp,21.7871874005465,0.0952380952380952,7
ICHmk1,CMD_at,71.4460428854514,0.211372549019608,17
ICHmk1,PPT_MJ,69.9397276350763,0.211372549019608,17
ICHmk1,CMDMax,68.6337053958188,0.211372549019608,17
ICHmk1,PPT_JAS,64.1053359168207,0.211372549019608,17
ICHmk1,PPT_sm,59.6787607202752,0.211372549019608,17
ICHmk1,MSP,57.6300238940089,0.211372549019608,17
ICHmk1,PPT_sp,56.6775607889059,0.211372549019608,17
ICHmk1,CMD.total,53.8332219235285,0.211372549019608,17
ICHmk1,Eref_at,51.5528082781647,0.211372549019608,17
ICHmk1,CMD_sm,51.0233326714531,0.211372549019608,17
ICHmk2,TD,61.6516422361998,0.175714285714286,14
ICHmk2,PPT_sp,60.2622838762822,0.175714285714286,14
ICHmk2,PPT.dormant,57.8700378034191,0.175714285714286,14
ICHmk2,PPT_JAS,56.5910570715545,0.175714285714286,14
ICHmk2,PPT,56.4403739771934,0.175714285714286,14
ICHmk2,MAP,49.9516378189666,0.175714285714286,14
ICHmk2,PAS_at,48.4087209176929,0.175714285714286,14
ICHmk2,PAS_wt,48.0703197816382,0.175714285714286,14
ICHmk2,PPT_sm,45.3531274980884,0.175714285714286,14
ICHmk2,AHM,43.7682242301922,0.175714285714286,14
ICHmk3,PPT_MJ,42.7841942960115,0.136969696969697,11
ICHmk3,EMT,41.9958655125675,0.136969696969697,11
ICHmk3,NFFD_wt,41.1488829034712,0.136969696969697,11
ICHmk3,Tmin_sm,38.3197104791319,0.136969696969697,11
ICHmk3,PPT_JAS,38.1856722753015,0.136969696969697,11
ICHmk3,Tmin_wt,37.3494016138407,0.136969696969697,11
ICHmk3,PPT_sm,35.5309473242362,0.136969696969697,11
ICHmk3,Tmax_sm,34.2994898471298,0.136969696969697,11
ICHmk3,CMD_sm,31.2554720634973,0.136969696969697,11
ICHmk3,MSP,30.3973241362061,0.136969696969697,11
ICHmk4,NFFD_wt,45.3757280637136,0.19,8
ICHmk4,EMT,39.7216432393598,0.19,8
ICHmk4,Tmin_wt,34.7028274953996,0.19,8
ICHmk4,DD18_wt,31.5167482409643,0.19,8
ICHmk4,TD,29.0568711795592,0.19,8
ICHmk4,MCMT,27.4133497285863,0.19,8
ICHmk4,TmaxJuly,24.9899900148777,0.19,8
ICHmk4,Tave_sm,22.1662645970212,0.19,8
ICHmk4,PPT_JAS,20.9235985212246,0.19,8
ICHmk4,DD_0_wt,18.5678175776778,0.19,8
ICHmk5,Eref_at,41.5683753722162,0.215,8
ICHmk5,MCMT,36.1805595034262,0.215,8
ICHmk5,Tmax_sp,32.9501761424208,0.215,8
ICHmk5,TD,31.9257147015914,0.215,8
ICHmk5,Eref_sp,29.2226206749142,0.215,8
ICHmk5,PAS_wt,28.464491963212,0.215,8
ICHmk5,DD5_sp,28.2767894682598,0.215,8
ICHmk5,PPT.dormant,26.2162409890741,0.215,8
ICHmk5,DD18_wt,25.6005547764556,0.215,8
ICHmk5,Tmax_sm,23.4650979522515,0.215,8
ICHmm,EMT,58.993241155692,0.196363636363636,11
ICHmm,MCMT,51.7703899501381,0.196363636363636,11
ICHmm,Tmin_wt,50.334193139758,0.196363636363636,11
ICHmm,DD18_wt,49.5812841510462,0.196363636363636,11
ICHmm,NFFD_wt,44.5657026242753,0.196363636363636,11
ICHmm,TD,35.6734327935837,0.196363636363636,11
ICHmm,DD_0_wt,34.1175801254185,0.196363636363636,11
ICHmm,PAS_wt,30.4590365249438,0.196363636363636,11
ICHmm,Tmin_sm,30.1962162777398,0.196363636363636,11
ICHmm,Tave_wt,29.3698409867184,0.196363636363636,11
ICHmw_MT,PPT_MJ,72.1359639795364,0.13037037037037,18
ICHmw_MT,PPT_sp,65.9090624402521,0.13037037037037,18
ICHmw_MT,Eref_at,59.6105978257443,0.13037037037037,18
ICHmw_MT,PPT.dormant,56.25687843279,0.13037037037037,18
ICHmw_MT,MSP,54.7393967035366,0.13037037037037,18
ICHmw_MT,PAS_sp,52.8277898196831,0.13037037037037,18
ICHmw_MT,Tmax_at,52.2784018699588,0.13037037037037,18
ICHmw_MT,Tmin_sp,50.8970980571347,0.13037037037037,18
ICHmw_MT,Tmax,50.7532902584734,0.13037037037037,18
ICHmw_MT,MAP,49.7875630391479,0.13037037037037,18
ICHmw1,PAS_wt,39.485206843837,0.26962962962963,9
ICHmw1,PPT.dormant,37.8334595108466,0.26962962962963,9
ICHmw1,Tmin_wt,35.8935627227731,0.26962962962963,9
ICHmw1,EMT,34.4684523023553,0.26962962962963,9
ICHmw1,NFFD_wt,33.284911138786,0.26962962962963,9
ICHmw1,PAS_at,30.7252999462393,0.26962962962963,9
ICHmw1,Eref_at,29.1670761431865,0.26962962962963,9
ICHmw1,Eref_sm,27.5240637079758,0.26962962962963,9
ICHmw1,Tmax_sm,25.4215720040076,0.26962962962963,9
ICHmw1,eFFP,24.6610840316962,0.26962962962963,9
ICHmw2,PPT_JAS,63.1616043554737,0.251428571428571,14
ICHmw2,PPT_sp,51.5140978583616,0.251428571428571,14
ICHmw2,CMDMax,45.4389764007305,0.251428571428571,14
ICHmw2,PPT_MJ,43.8271220354994,0.251428571428571,14
ICHmw2,PPT.dormant,42.7084813428702,0.251428571428571,14
ICHmw2,CMD_sp,42.6869734504305,0.251428571428571,14
ICHmw2,PAS_wt,41.6713256881,0.251428571428571,14
ICHmw2,PAS_at,40.9483552299826,0.251428571428571,14
ICHmw2,TD,40.9389959576595,0.251428571428571,14
ICHmw2,MCMT,40.7841730810452,0.251428571428571,14
ICHmw3,CMI,57.6416532569909,0.217777777777778,15
ICHmw3,PPT.dormant,57.6188558168811,0.217777777777778,15
ICHmw3,PPT_MJ,52.1114889561548,0.217777777777778,15
ICHmw3,MAP,49.36364236079,0.217777777777778,15
ICHmw3,PPT,48.5111635198029,0.217777777777778,15
ICHmw3,MCMT,48.0884439468999,0.217777777777778,15
ICHmw3,PPT_sm,47.7909625852556,0.217777777777778,15
ICHmw3,PPT_JAS,47.1569051421991,0.217777777777778,15
ICHmw3,PAS_wt,46.1000580835619,0.217777777777778,15
ICHmw3,PAS_at,45.1192279194592,0.217777777777778,15
ICHmw4,CMDMax,50.1403603960345,0.140833333333333,8
ICHmw4,PPT_sp,33.0742876386773,0.140833333333333,8
ICHmw4,PPT_JAS,31.7822866746982,0.140833333333333,8
ICHmw4,PAS_sp,28.7884958726684,0.140833333333333,8
ICHmw4,DD_18_sp,26.7863034618627,0.140833333333333,8
ICHmw4,CMD_sp,26.6909198807078,0.140833333333333,8
ICHmw4,PPT_MJ,26.0363139142408,0.140833333333333,8
ICHmw4,Tave_sp,23.8912010406933,0.140833333333333,8
ICHmw4,DD_0_sp,22.1676939970205,0.140833333333333,8
ICHmw4,NFFD_sm,20.6630480350251,0.140833333333333,8
ICHmw5,PPT.dormant,48.8509635099232,0.206060606060606,11
ICHmw5,CMDMax,47.132745168719,0.206060606060606,11
ICHmw5,PPT_JAS,44.2899222351989,0.206060606060606,11
ICHmw5,PPT_sp,42.1933875330932,0.206060606060606,11
ICHmw5,AHM,42.0510416168044,0.206060606060606,11
ICHmw5,PAS_wt,41.2654896053298,0.206060606060606,11
ICHmw5,PAS,37.4834575254028,0.206060606060606,11
ICHmw5,CMD_at,36.9294108703991,0.206060606060606,11
ICHmw5,PPT,36.4415249591583,0.206060606060606,11
ICHmw5,PAS_sp,33.0019050565149,0.206060606060606,11
ICHvc,TD,47.2839805594755,0.132380952380952,7
ICHvc,DD18_wt,33.7245901223921,0.132380952380952,7
ICHvc,Tmax_wt,32.8617865685313,0.132380952380952,7
ICHvc,MCMT,32.5811723904174,0.132380952380952,7
ICHvc,Tave_wt,31.7570980750289,0.132380952380952,7
ICHvc,DD_18_wt,27.1973717064376,0.132380952380952,7
ICHvc,PPT_MJ,25.0034487472193,0.132380952380952,7
ICHvc,DD_0_wt,23.1794819680949,0.132380952380952,7
ICHvc,NFFD_wt,22.8296327521668,0.132380952380952,7
ICHvc,DD5_wt,22.4794214262933,0.132380952380952,7
ICHvk1,PAS_wt,53.3079462594492,0.263636363636364,11
ICHvk1,MCMT,39.9868338834083,0.263636363636364,11
ICHvk1,TD,36.9324435613834,0.263636363636364,11
ICHvk1,DD18_wt,36.8191466912922,0.263636363636364,11
ICHvk1,PPT.dormant,35.5768816890749,0.263636363636364,11
ICHvk1,NFFD_wt,33.2460060101106,0.263636363636364,11
ICHvk1,Tmax_wt,32.9799726010085,0.263636363636364,11
ICHvk1,Tmin_wt,31.3342258437872,0.263636363636364,11
ICHvk1,CMI,28.9202052031943,0.263636363636364,11
ICHvk1,DD_18_wt,28.3614987364509,0.263636363636364,11
ICHvk2,MCMT,36.9880073441209,0.205714285714286,7
ICHvk2,Tmin_wt,33.0380526017485,0.205714285714286,7
ICHvk2,EMT,32.9185451847455,0.205714285714286,7
ICHvk2,DD18_wt,31.489831878356,0.205714285714286,7
ICHvk2,NFFD_wt,27.0720935867675,0.205714285714286,7
ICHvk2,DD_0_wt,26.3783474091442,0.205714285714286,7
ICHvk2,PPT_sm,24.6464468632907,0.205714285714286,7
ICHvk2,DD_18_wt,23.7373870132751,0.205714285714286,7
ICHvk2,bFFP,21.8690724743827,0.205714285714286,7
ICHvk2,Tmin_sp,21.0614410449081,0.205714285714286,7
ICHwc,TD,36.9654131975497,0.168148148148148,9
ICHwc,EXT,34.6971713564075,0.168148148148148,9
ICHwc,PPT.dormant,33.7977772066418,0.168148148148148,9
ICHwc,PAS_wt,32.3149532487327,0.168148148148148,9
ICHwc,MAP,26.5292137267457,0.168148148148148,9
ICHwc,Tave_wt,26.4591399444982,0.168148148148148,9
ICHwc,CMI,26.4579980756283,0.168148148148148,9
ICHwc,TmaxJuly,25.2522157180048,0.168148148148148,9
ICHwc,Eref_sm,25.0122170648806,0.168148148148148,9
ICHwc,Tmax_wt,24.0554787148834,0.168148148148148,9
ICHwk1,PAS_wt,70.1039442467245,0.242916666666667,16
ICHwk1,MCMT,69.0199786465326,0.242916666666667,16
ICHwk1,TD,57.4543431077313,0.242916666666667,16
ICHwk1,PPT.dormant,56.8965445288853,0.242916666666667,16
ICHwk1,EMT,50.8069886913039,0.242916666666667,16
ICHwk1,Tmin_wt,50.7597800098457,0.242916666666667,16
ICHwk1,DD18_wt,49.3081112995937,0.242916666666667,16
ICHwk1,Tmax_wt,48.9439434054624,0.242916666666667,16
ICHwk1,CMDMax,47.5435113488083,0.242916666666667,16
ICHwk1,Tmin_sm,43.8958120026349,0.242916666666667,16
ICHwk2,DD18_sp,36.9512355844617,0.114285714285714,7
ICHwk2,CMI,28.2936346593656,0.114285714285714,7
ICHwk2,PAS_wt,23.0938819215851,0.114285714285714,7
ICHwk2,DD5_sp,22.6306233608015,0.114285714285714,7
ICHwk2,CMD_sp,21.8575910813937,0.114285714285714,7
ICHwk2,PAS_sm,20.7911695402549,0.114285714285714,7
ICHwk2,SHM,20.382504238156,0.114285714285714,7
ICHwk2,Tmin_sm,20.381026022073,0.114285714285714,7
ICHwk2,PAS_sp,19.9344849276282,0.114285714285714,7
ICHwk2,PPT_sp,19.555495011104,0.114285714285714,7
ICHwk3,MCMT,38.1097168431122,0.204166666666667,8
ICHwk3,EMT,30.5672837443285,0.204166666666667,8
ICHwk3,DD18_wt,29.1520918397683,0.204166666666667,8
ICHwk3,TD,28.0901598561011,0.204166666666667,8
ICHwk3,DD_0_wt,27.123054830252,0.204166666666667,8
ICHwk3,Tmin_wt,26.7772051904075,0.204166666666667,8
ICHwk3,DD5_wt,25.6864593445673,0.204166666666667,8
ICHwk3,Tmin_at,25.4127950467289,0.204166666666667,8
ICHwk3,NFFD_sm,24.8591429338983,0.204166666666667,8
ICHwk3,DD_18_wt,24.716951376696,0.204166666666667,8
ICHwk4,PPT_sp,30.8012024141374,0.16,7
ICHwk4,PPT_sm,26.9267883861037,0.16,7
ICHwk4,Tmin_wt,26.4873401017802,0.16,7
ICHwk4,MCMT,26.4038960598856,0.16,7
ICHwk4,EMT,24.9424384494779,0.16,7
ICHwk4,PPT_JAS,23.9076467651215,0.16,7
ICHwk4,MSP,23.8198888175062,0.16,7
ICHwk4,DD_0_wt,23.4425068268756,0.16,7
ICHwk4,PAS,22.5257279529674,0.16,7
ICHwk4,NFFD_wt,20.638734479107,0.16,7
ICHxh_ID,Eref_at,78.8938194820517,0.13211743772242,15
ICHxh_ID,PPT_MJ,56.1715635823757,0.13211743772242,15
ICHxh_ID,CMD.total,54.3380458709782,0.13211743772242,15
ICHxh_ID,CMD.grow,52.3675717195477,0.13211743772242,15
ICHxh_ID,Tmax_wt,52.0309732996748,0.13211743772242,15
ICHxh_ID,PPT,43.7797813300938,0.13211743772242,15
ICHxh_ID,PPT.dormant,42.6831558629944,0.13211743772242,15
ICHxh_ID,Tmin_wt,42.0782272589538,0.13211743772242,15
ICHxh_ID,CMD_sp,41.0538236626715,0.13211743772242,15
ICHxh_ID,NFFD_wt,41.0532497510366,0.13211743772242,15
ICHxm1,PPT_MJ,76.7984854843438,0.21948717948718,13
ICHxm1,PPT_sp,69.095119541753,0.21948717948718,13
ICHxm1,MSP,61.9597565088076,0.21948717948718,13
ICHxm1,PPT_sm,58.9322116570543,0.21948717948718,13
ICHxm1,PPT_JAS,56.3811824014629,0.21948717948718,13
ICHxm1,PAS_sp,46.5564680149527,0.21948717948718,13
ICHxm1,CMD_at,45.9132754821857,0.21948717948718,13
ICHxm1,TD,45.5018773970978,0.21948717948718,13
ICHxm1,MAP,42.138528342061,0.21948717948718,13
ICHxm1,PPT.dormant,40.1640146751842,0.21948717948718,13
ICHxw,PPT_JAS,41.5805901259583,0.188666666666667,10
ICHxw,PPT.dormant,39.7852668848649,0.188666666666667,10
ICHxw,Tmax_wt,39.7454411236123,0.188666666666667,10
ICHxw,PPT,38.381698197613,0.188666666666667,10
ICHxw,PPT_sm,38.2164708334819,0.188666666666667,10
ICHxw,MAP,34.2974629780348,0.188666666666667,10
ICHxw,CMDMax,31.8333828829233,0.188666666666667,10
ICHxw,CMD.total,28.7947723179159,0.188666666666667,10
ICHxw,PAS,28.3780483533929,0.188666666666667,10
ICHxw,PPT_MJ,27.0016040352253,0.188666666666667,10
ICHxw_ID,Tmax_wt,51.1992302400824,0.117222222222222,12
ICHxw_ID,PPT.dormant,44.7880299154214,0.117222222222222,12
ICHxw_ID,DD_0_at,42.2171390244907,0.117222222222222,12
ICHxw_ID,PAS_wt,40.1415624691942,0.117222222222222,12
ICHxw_ID,Eref_at,38.3182877992376,0.117222222222222,12
ICHxw_ID,DD18_sp,35.6768112079612,0.117222222222222,12
ICHxw_ID,DD5_wt,34.5814689086325,0.117222222222222,12
ICHxw_ID,TD,34.3696482979703,0.117222222222222,12
ICHxw_ID,NFFD_sp,33.8325339529402,0.117222222222222,12
ICHxw_ID,DD5_sp,31.845391680943,0.117222222222222,12
ICHxw_WA,Eref_at,133.616370138594,0.135362534026231,27
ICHxw_WA,PPT_MJ,90.3166507698652,0.135362534026231,27
ICHxw_WA,MSP,87.9912166886015,0.135362534026231,27
ICHxw_WA,Tmax_wt,87.5692463359481,0.135362534026231,27
ICHxw_WA,PPT_sm,87.5618908454981,0.135362534026231,27
ICHxw_WA,PAS_wt,86.3181644606463,0.135362534026231,27
ICHxw_WA,Tmin_sp,79.035052741418,0.135362534026231,27
ICHxw_WA,CMDMax,77.9345073011858,0.135362534026231,27
ICHxw_WA,PPT.dormant,75.1674456819825,0.135362534026231,27
ICHxw_WA,PPT_JAS,74.2075558444004,0.135362534026231,27
ICHxwa,Tmin_sm,24.3814006946919,0.152,5
ICHxwa,PPT.dormant,23.7892512392136,0.152,5
ICHxwa,PAS_sp,21.4882786889736,0.152,5
ICHxwa,CMD_at,19.972256730035,0.152,5
ICHxwa,CMI,19.4357236285713,0.152,5
ICHxwa,MAP,18.768463431865,0.152,5
ICHxwa,PAS_sm,16.4389411611902,0.152,5
ICHxwa,PPT,16.214252852593,0.152,5
ICHxwa,NFFD_sm,15.7851519680301,0.152,5
ICHxwa,AHM,14.2677436390523,0.152,5
IDFdc,CMI,58.2509301299861,0.178181818181818,11
IDFdc,PPT.dormant,57.9531226894099,0.178181818181818,11
IDFdc,PPT,51.0045478713635,0.178181818181818,11
IDFdc,MAP,47.1709657334819,0.178181818181818,11
IDFdc,PPT_sp,37.9276876401434,0.178181818181818,11
IDFdc,PAS_wt,32.8964211975425,0.178181818181818,11
IDFdc,DD_0_at,32.8615984544458,0.178181818181818,11
IDFdc,PPT_JAS,29.014980987867,0.178181818181818,11
IDFdc,Tave_at,28.8905275939209,0.178181818181818,11
IDFdc,EMT,28.8313522154554,0.178181818181818,11
IDFdh,PPT.dormant,38.1591779270756,0.135,8
IDFdh,PPT_sm,33.1699789565839,0.135,8
IDFdh,PAS,32.0898377928286,0.135,8
IDFdh,PPT_JAS,28.2182627230603,0.135,8
IDFdh,PAS_wt,24.7060888410501,0.135,8
IDFdh,CMD_at,23.366450572129,0.135,8
IDFdh,PPT,22.8497448125728,0.135,8
IDFdh,AHM,22.797789963987,0.135,8
IDFdh,TD,21.3948260633184,0.135,8
IDFdh,PAS_sp,21.2154213730125,0.135,8
IDFdh_MT,Eref_at,97.5206461281733,0.13209361974992,21
IDFdh_MT,PAS_wt,76.8571984156016,0.13209361974992,21
IDFdh_MT,CMD.total,72.3377866199025,0.13209361974992,21
IDFdh_MT,PPT.dormant,71.6496295743479,0.13209361974992,21
IDFdh_MT,PPT_JAS,69.9543835579619,0.13209361974992,21
IDFdh_MT,CMD_at,63.7586721668941,0.13209361974992,21
IDFdh_MT,NFFD_wt,62.4406948171323,0.13209361974992,21
IDFdh_MT,TD,58.3939379810473,0.13209361974992,21
IDFdh_MT,PPT,56.2263990566716,0.13209361974992,21
IDFdh_MT,PPT_sm,56.1000781795853,0.13209361974992,21
IDFdh_UT,Eref_at,241.000494309538,0.152210553610787,55
IDFdh_UT,PPT_JAS,193.896849124814,0.152210553610787,55
IDFdh_UT,PPT_MJ,180.262304766413,0.152210553610787,55
IDFdh_UT,PPT_sm,156.713527812847,0.152210553610787,55
IDFdh_UT,Tmax_wt,156.249354376187,0.152210553610787,55
IDFdh_UT,MSP,156.055181849333,0.152210553610787,55
IDFdh_UT,PAS_wt,154.002584834199,0.152210553610787,55
IDFdh_UT,PPT.dormant,144.508138189001,0.152210553610787,55
IDFdh_UT,TD,142.89695593922,0.152210553610787,55
IDFdh_UT,CMD_at,138.095179267385,0.152210553610787,55
IDFdh_WA,Eref_at,127.150707702222,0.131618759455371,31
IDFdh_WA,PPT_MJ,119.002410545203,0.131618759455371,31
IDFdh_WA,Tmax_wt,116.530355693324,0.131618759455371,31
IDFdh_WA,PPT_sm,114.476241052865,0.131618759455371,31
IDFdh_WA,PPT_JAS,107.561388021467,0.131618759455371,31
IDFdh_WA,PAS_wt,101.059390732919,0.131618759455371,31
IDFdh_WA,MSP,98.9114008514873,0.131618759455371,31
IDFdh_WA,Tmin_wt,83.5267669115657,0.131618759455371,31
IDFdh_WA,SHM,83.5198372036587,0.131618759455371,31
IDFdh_WA,CMD_at,80.6067129524993,0.131618759455371,31
IDFdk_MT,PAS_wt,82.5282352751445,0.147579008408234,23
IDFdk_MT,Eref_at,78.4631319095124,0.147579008408234,23
IDFdk_MT,Eref_sm,68.8209838024076,0.147579008408234,23
IDFdk_MT,CMD.total,68.5491298891716,0.147579008408234,23
IDFdk_MT,PPT.dormant,67.4125764023533,0.147579008408234,23
IDFdk_MT,NFFD_wt,66.2138366227581,0.147579008408234,23
IDFdk_MT,TD,61.799474905422,0.147579008408234,23
IDFdk_MT,Tmin_wt,61.4347769859334,0.147579008408234,23
IDFdk_MT,DD5_sp,60.533949610637,0.147579008408234,23
IDFdk_MT,Tave_wt,60.146810812587,0.147579008408234,23
IDFdk_WA,Eref_at,106.541399657275,0.100830003074085,22
IDFdk_WA,PPT_sm,95.7637141481157,0.100830003074085,22
IDFdk_WA,PPT_JAS,89.6492391681228,0.100830003074085,22
IDFdk_WA,PPT_MJ,86.5310536538263,0.100830003074085,22
IDFdk_WA,MSP,77.9628119834755,0.100830003074085,22
IDFdk_WA,PAS_wt,75.2148105936817,0.100830003074085,22
IDFdk_WA,PPT.dormant,70.4819695362087,0.100830003074085,22
IDFdk_WA,CMD_at,66.3498767645399,0.100830003074085,22
IDFdk_WA,NFFD_wt,61.8931111580198,0.100830003074085,22
IDFdk_WA,DD5_sp,61.1753069563996,0.100830003074085,22
IDFdk1,CMD_at,76.5278751549277,0.177647058823529,17
IDFdk1,PPT_JAS,71.9538406191648,0.177647058823529,17
IDFdk1,PPT.dormant,69.5357131518751,0.177647058823529,17
IDFdk1,PPT_MJ,68.6707152727586,0.177647058823529,17
IDFdk1,PPT_sp,62.9332390703422,0.177647058823529,17
IDFdk1,PAS_wt,62.2399478700108,0.177647058823529,17
IDFdk1,PAS_sp,59.5945612528243,0.177647058823529,17
IDFdk1,PPT_sm,58.154512684446,0.177647058823529,17
IDFdk1,CMI,52.9059072198505,0.177647058823529,17
IDFdk1,Tmin_wt,49.2348225567673,0.177647058823529,17
IDFdk2,PPT.dormant,63.7409615053769,0.194761904761905,14
IDFdk2,PPT,53.920792774338,0.194761904761905,14
IDFdk2,CMI,53.2270538179677,0.194761904761905,14
IDFdk2,PPT_sp,52.5934059123129,0.194761904761905,14
IDFdk2,MAP,50.3307658060505,0.194761904761905,14
IDFdk2,MSP,46.9867082788507,0.194761904761905,14
IDFdk2,PPT_MJ,46.7205857414362,0.194761904761905,14
IDFdk2,PPT_JAS,46.576200098499,0.194761904761905,14
IDFdk2,PAS_wt,45.8390372355832,0.194761904761905,14
IDFdk2,PPT_sm,44.3810599987112,0.194761904761905,14
IDFdk3,NFFD_wt,49.3653932659576,0.17025641025641,13
IDFdk3,PPT_sm,48.1165309356433,0.17025641025641,13
IDFdk3,Tmin_wt,43.9374732001084,0.17025641025641,13
IDFdk3,EMT,40.9890278967415,0.17025641025641,13
IDFdk3,PPT_MJ,40.7023589327049,0.17025641025641,13
IDFdk3,PAS_sm,40.4495745387938,0.17025641025641,13
IDFdk3,MSP,36.9856971962558,0.17025641025641,13
IDFdk3,Tmin_sp,36.190115012774,0.17025641025641,13
IDFdk3,bFFP,36.0340150485972,0.17025641025641,13
IDFdk3,Tmin,35.7454436480309,0.17025641025641,13
IDFdk4,Tmax_wt,27.8992528288632,0.1325,8
IDFdk4,PAS_at,25.7693265667942,0.1325,8
IDFdk4,Tmin,25.4381824373716,0.1325,8
IDFdk4,EMT,23.824291265447,0.1325,8
IDFdk4,Tmin_sp,23.4677539837032,0.1325,8
IDFdk4,eFFP,22.7618635866886,0.1325,8
IDFdk4,Tmin_wt,21.9978493965159,0.1325,8
IDFdk4,DD_0,21.1617010495081,0.1325,8
IDFdk4,FFP,21.1498243953329,0.1325,8
IDFdk4,DD5_wt,20.8964416904408,0.1325,8
IDFdk5,TD,32.0522841313694,0.182222222222222,6
IDFdk5,MCMT,27.7790840213859,0.182222222222222,6
IDFdk5,DD18_wt,27.701905962294,0.182222222222222,6
IDFdk5,DD_0_wt,22.9795867980357,0.182222222222222,6
IDFdk5,DD_18_wt,20.5934423229344,0.182222222222222,6
IDFdk5,NFFD_wt,19.7425673283926,0.182222222222222,6
IDFdk5,Tmax,17.8217690570818,0.182222222222222,6
IDFdk5,Tave_wt,17.6569127708247,0.182222222222222,6
IDFdk5,Eref_sp,17.0341722329983,0.182222222222222,6
IDFdk5,Tmax_wt,16.0975398975903,0.182222222222222,6
IDFdkx_MT,Eref_at,211.305909970062,0.148115559466197,48
IDFdkx_MT,PPT_JAS,165.617136157573,0.148115559466197,48
IDFdkx_MT,PPT_MJ,159.643493388478,0.148115559466197,48
IDFdkx_MT,PAS_wt,137.885593536476,0.148115559466197,48
IDFdkx_MT,PPT_sm,134.339208394397,0.148115559466197,48
IDFdkx_MT,PPT.dormant,133.055983235785,0.148115559466197,48
IDFdkx_MT,TD,130.13409065438,0.148115559466197,48
IDFdkx_MT,NFFD_wt,127.616715267323,0.148115559466197,48
IDFdkx_MT,Tmin_wt,118.828186756445,0.148115559466197,48
IDFdkx_MT,MSP,118.768016081332,0.148115559466197,48
IDFdm_MT,Eref_at,183.168236478267,0.148247526412879,40
IDFdm_MT,PAS_wt,147.296552461472,0.148247526412879,40
IDFdm_MT,TD,146.038636498786,0.148247526412879,40
IDFdm_MT,PPT_MJ,133.169962930011,0.148247526412879,40
IDFdm_MT,PPT.dormant,131.532542391804,0.148247526412879,40
IDFdm_MT,PPT_sm,118.391041798385,0.148247526412879,40
IDFdm_MT,Tmax_wt,111.345618053206,0.148247526412879,40
IDFdm_MT,PPT_JAS,110.322731850524,0.148247526412879,40
IDFdm_MT,MSP,108.13553147067,0.148247526412879,40
IDFdm_MT,Tmin_wt,107.239855815649,0.148247526412879,40
IDFdm_WA,PPT_MJ,134.319893022164,0.127840909090909,26
IDFdm_WA,MSP,106.380263681073,0.127840909090909,26
IDFdm_WA,SHM,100.898424788277,0.127840909090909,26
IDFdm_WA,Eref_at,100.688652168401,0.127840909090909,26
IDFdm_WA,PAS_wt,98.4681087368798,0.127840909090909,26
IDFdm_WA,PPT_sm,97.5484404903293,0.127840909090909,26
IDFdm_WA,PPT_JAS,96.1773686435059,0.127840909090909,26
IDFdm_WA,PPT.dormant,89.0963835862221,0.127840909090909,26
IDFdm_WA,DD_0_sp,81.5766785980924,0.127840909090909,26
IDFdm_WA,CMD.total,71.6009494239894,0.127840909090909,26
IDFdm1,PPT_sm,70.2974970123364,0.137333333333333,10
IDFdm1,CMDMax,63.2777073741599,0.137333333333333,10
IDFdm1,MSP,56.7873671052718,0.137333333333333,10
IDFdm1,PPT_JAS,54.6880523437393,0.137333333333333,10
IDFdm1,SHM,47.2913118809693,0.137333333333333,10
IDFdm1,PPT_MJ,44.4606545576553,0.137333333333333,10
IDFdm1,CMD_sm,44.2448587461078,0.137333333333333,10
IDFdm1,CMD_at,43.4524282500206,0.137333333333333,10
IDFdm1,MAP,26.3223393537335,0.137333333333333,10
IDFdm1,CMD,26.2390580898125,0.137333333333333,10
IDFdm2,NFFD_wt,47.9121489181501,0.148333333333333,8
IDFdm2,Tmin_wt,44.4597302722294,0.148333333333333,8
IDFdm2,DD18_wt,32.4445208370425,0.148333333333333,8
IDFdm2,EMT,31.4239379760422,0.148333333333333,8
IDFdm2,TD,30.3655176124661,0.148333333333333,8
IDFdm2,Tmax_sp,27.6979751314105,0.148333333333333,8
IDFdm2,Tave_wt,26.7081495077667,0.148333333333333,8
IDFdm2,DD_0_wt,24.363502493314,0.148333333333333,8
IDFdm2,DD5_sp,24.1369486589043,0.148333333333333,8
IDFdm2,MCMT,22.8440044010166,0.148333333333333,8
IDFdw,CMD,35.5294130302926,0.16,10
IDFdw,DD_0,33.8358512507405,0.16,10
IDFdw,CMD.grow,33.2987709449736,0.16,10
IDFdw,Tmin,33.1130356743053,0.16,10
IDFdw,DD5_wt,31.3026703946665,0.16,10
IDFdw,NFFD_at,29.6888864707889,0.16,10
IDFdw,DD5_at,29.4569609057522,0.16,10
IDFdw,DD18_wt,28.6657143511859,0.16,10
IDFdw,CMI,27.754128421713,0.16,10
IDFdw,Eref_at,26.7089458312609,0.16,10
IDFdx_MT,Eref_at,182.617049998376,0.1449835408616,49
IDFdx_MT,PPT_MJ,174.775375041835,0.1449835408616,49
IDFdx_MT,PAS_wt,151.398288156843,0.1449835408616,49
IDFdx_MT,TD,148.495749539824,0.1449835408616,49
IDFdx_MT,PPT.dormant,148.333261162477,0.1449835408616,49
IDFdx_MT,PPT_JAS,143.269915124793,0.1449835408616,49
IDFdx_MT,MSP,132.995471144203,0.1449835408616,49
IDFdx_MT,PPT_sm,126.442447399833,0.1449835408616,49
IDFdx_MT,Tmin_wt,121.050341288884,0.1449835408616,49
IDFdx_MT,DD_0_sp,116.343905413765,0.1449835408616,49
IDFdxx_WY,Eref_at,94.920431641189,0.137224938875306,24
IDFdxx_WY,PPT_MJ,92.3794198642425,0.137224938875306,24
IDFdxx_WY,PAS_wt,75.1601506214695,0.137224938875306,24
IDFdxx_WY,Tmax_wt,71.6397157201093,0.137224938875306,24
IDFdxx_WY,SHM,70.496717570271,0.137224938875306,24
IDFdxx_WY,PPT.dormant,68.0085861468837,0.137224938875306,24
IDFdxx_WY,PPT_JAS,66.7050150189145,0.137224938875306,24
IDFdxx_WY,CMD_at,63.6249919706849,0.137224938875306,24
IDFdxx_WY,EXT,63.53149921634,0.137224938875306,24
IDFdxx_WY,NFFD_wt,62.8964219118859,0.137224938875306,24
IDFmw2,PPT_sm,74.3883484386159,0.215238095238095,14
IDFmw2,PPT_JAS,58.5053096192067,0.215238095238095,14
IDFmw2,Tmin_wt,58.2929021987509,0.215238095238095,14
IDFmw2,NFFD_wt,57.0346996166698,0.215238095238095,14
IDFmw2,PPT_MJ,55.4662362693459,0.215238095238095,14
IDFmw2,MSP,52.3008879761871,0.215238095238095,14
IDFmw2,EMT,51.2749744668422,0.215238095238095,14
IDFmw2,MAP,50.9512481193187,0.215238095238095,14
IDFmw2,PPT,50.8338494249325,0.215238095238095,14
IDFmw2,PPT_sp,48.495157326098,0.215238095238095,14
IDFww,CMD_at,85.7243491718606,0.191111111111111,21
IDFww,CMI,82.6529853374436,0.191111111111111,21
IDFww,Eref_at,80.8529907562792,0.191111111111111,21
IDFww,PPT.dormant,72.1059808791901,0.191111111111111,21
IDFww,PPT_sp,66.1724001179274,0.191111111111111,21
IDFww,PPT_JAS,64.9072234915451,0.191111111111111,21
IDFww,PPT_sm,63.3037860153204,0.191111111111111,21
IDFww,PPT,63.1290907549413,0.191111111111111,21
IDFww,Tmin_wt,62.4512016045439,0.191111111111111,21
IDFww,EMT,60.9355318528376,0.191111111111111,21
IDFww1,CMI,35.2865731682601,0.257142857142857,7
IDFww1,PPT.dormant,34.1206039862372,0.257142857142857,7
IDFww1,PPT,30.3994296047242,0.257142857142857,7
IDFww1,PPT_sp,29.6132054108441,0.257142857142857,7
IDFww1,MAP,25.06909561605,0.257142857142857,7
IDFww1,MSP,23.1475054621712,0.257142857142857,7
IDFww1,PAS_wt,20.4783687097226,0.257142857142857,7
IDFww1,Tmax_wt,20.4439781139351,0.257142857142857,7
IDFww1,PPT_sm,18.8976560702131,0.257142857142857,7
IDFww1,PPT_MJ,18.8515500746767,0.257142857142857,7
IDFxc,PPT.dormant,61.7150689846513,0.179259259259259,9
IDFxc,CMI,54.9704505141392,0.179259259259259,9
IDFxc,MAP,38.6606084189748,0.179259259259259,9
IDFxc,PAS_wt,38.2767434786582,0.179259259259259,9
IDFxc,PPT,36.6451008179788,0.179259259259259,9
IDFxc,PAS,33.0952270588806,0.179259259259259,9
IDFxc,PPT_sp,27.7353619275606,0.179259259259259,9
IDFxc,EMT,26.0389700402571,0.179259259259259,9
IDFxc,PPT_sm,25.6075380687871,0.179259259259259,9
IDFxc,CMD.total,25.2850515969271,0.179259259259259,9
IDFxh_ID,Eref_at,182.047857348909,0.145152928978745,39
IDFxh_ID,TD,144.977388598951,0.145152928978745,39
IDFxh_ID,PPT_MJ,135.027951401065,0.145152928978745,39
IDFxh_ID,MSP,134.917414547197,0.145152928978745,39
IDFxh_ID,PPT_sm,133.415764828761,0.145152928978745,39
IDFxh_ID,PPT_JAS,133.326117603103,0.145152928978745,39
IDFxh_ID,PAS_wt,115.619923214597,0.145152928978745,39
IDFxh_ID,PPT.dormant,105.452144674053,0.145152928978745,39
IDFxh_ID,NFFD_wt,103.839939506059,0.145152928978745,39
IDFxh_ID,SHM,103.595781198605,0.145152928978745,39
IDFxh_OR,Eref_at,63.5501618085718,0.134099616858238,14
IDFxh_OR,CMD_at,63.468335629557,0.134099616858238,14
IDFxh_OR,PPT_JAS,52.7201458883091,0.134099616858238,14
IDFxh_OR,MSP,52.6504908136573,0.134099616858238,14
IDFxh_OR,NFFD_wt,46.8539590046022,0.134099616858238,14
IDFxh_OR,PPT_MJ,45.5609364969387,0.134099616858238,14
IDFxh_OR,PPT_sm,44.3662343462906,0.134099616858238,14
IDFxh_OR,CMD.total,43.9785491033617,0.134099616858238,14
IDFxh_OR,Tmin_wt,43.1391834442789,0.134099616858238,14
IDFxh_OR,TD,40.421445551792,0.134099616858238,14
IDFxh_WA,PPT_sm,133.392845156308,0.120258620689655,31
IDFxh_WA,PPT_MJ,132.438771925601,0.120258620689655,31
IDFxh_WA,PPT_JAS,126.693993044624,0.120258620689655,31
IDFxh_WA,Eref_at,125.98343948812,0.120258620689655,31
IDFxh_WA,TD,112.63665786612,0.120258620689655,31
IDFxh_WA,PAS_wt,109.024856576923,0.120258620689655,31
IDFxh_WA,PPT.dormant,108.100866907823,0.120258620689655,31
IDFxh_WA,MSP,100.835031088311,0.120258620689655,31
IDFxh_WA,NFFD_wt,95.6477649407605,0.120258620689655,31
IDFxh_WA,Tmin_wt,93.0622555851399,0.120258620689655,31
IDFxh1,PPT_JAS,54.4579772319594,0.133333333333333,10
IDFxh1,CMD_at,51.2483406944642,0.133333333333333,10
IDFxh1,MSP,48.7515350972899,0.133333333333333,10
IDFxh1,PPT_MJ,45.2189844534706,0.133333333333333,10
IDFxh1,PPT_sm,45.0731366751178,0.133333333333333,10
IDFxh1,PPT_sp,42.9358224019725,0.133333333333333,10
IDFxh1,PAS_sp,35.1405034758025,0.133333333333333,10
IDFxh1,CMDMax,32.286964161754,0.133333333333333,10
IDFxh1,CMD_sm,27.3453551494598,0.133333333333333,10
IDFxh1,TmaxJuly,26.2217292050081,0.133333333333333,10
IDFxh2,CMI,72.9896307744196,0.195714285714286,14
IDFxh2,PPT_sm,70.3070812232764,0.195714285714286,14
IDFxh2,PPT.dormant,65.4276440923359,0.195714285714286,14
IDFxh2,PPT_sp,63.2472661667089,0.195714285714286,14
IDFxh2,MAP,62.2612117907757,0.195714285714286,14
IDFxh2,PAS_wt,58.5322889777551,0.195714285714286,14
IDFxh2,PPT,54.5730716384617,0.195714285714286,14
IDFxh2,PPT_JAS,49.2705481997274,0.195714285714286,14
IDFxh2,MSP,46.9688514201198,0.195714285714286,14
IDFxh2,CMD_at,44.9742974277254,0.195714285714286,14
IDFxk,NFFD_wt,20.9702828613366,0.0644444444444445,3
IDFxk,DD18_wt,20.891210331077,0.0644444444444445,3
IDFxk,MCMT,20.5526457746036,0.0644444444444445,3
IDFxk,Tmin_wt,16.4829101550667,0.0644444444444445,3
IDFxk,Tave_wt,16.3741316227594,0.0644444444444445,3
IDFxk,DD_0_wt,14.4435920134652,0.0644444444444445,3
IDFxk,DD_18_at,11.2405631336988,0.0644444444444445,3
IDFxk,TD,10.5579483794094,0.0644444444444445,3
IDFxk,Tave_at,9.09906313868941,0.0644444444444445,3
IDFxk,DD5_at,8.91179961797445,0.0644444444444445,3
IDFxm,PPT_JAS,42.9924560338571,0.102857142857143,7
IDFxm,PPT_MJ,42.3617690246631,0.102857142857143,7
IDFxm,MSP,38.829842468918,0.102857142857143,7
IDFxm,PPT_sm,37.4443726348482,0.102857142857143,7
IDFxm,CMD_at,29.4471048198555,0.102857142857143,7
IDFxm,NFFD,21.2873184165246,0.102857142857143,7
IDFxm,Tmin,21.2139237396678,0.102857142857143,7
IDFxm,SHM,20.9329066913867,0.102857142857143,7
IDFxm,EMT,18.7708352006524,0.102857142857143,7
IDFxm,NFFD_sp,18.6748224840862,0.102857142857143,7
IDFxm_CO,Eref_at,132.039781307524,0.140851155757183,35
IDFxm_CO,PPT_MJ,109.97894815324,0.140851155757183,35
IDFxm_CO,PPT_JAS,101.949781999921,0.140851155757183,35
IDFxm_CO,PPT.dormant,99.2503524796611,0.140851155757183,35
IDFxm_CO,PPT_sm,97.9263399078307,0.140851155757183,35
IDFxm_CO,TD,89.0589166429608,0.140851155757183,35
IDFxm_CO,Eref,87.7618149712358,0.140851155757183,35
IDFxm_CO,EXT,86.9753248308509,0.140851155757183,35
IDFxm_CO,MSP,86.8567486053639,0.140851155757183,35
IDFxm_CO,PAS_wt,85.2791247625542,0.140851155757183,35
IDFxw,MCMT,37.4107868191567,0.197037037037037,9
IDFxw,EMT,32.4494480576247,0.197037037037037,9
IDFxw,PPT_JAS,31.991244857624,0.197037037037037,9
IDFxw,MSP,30.5863420817584,0.197037037037037,9
IDFxw,PPT_sm,29.7777120679105,0.197037037037037,9
IDFxw,SHM,29.519126819038,0.197037037037037,9
IDFxw,NFFD_wt,29.4212013546474,0.197037037037037,9
IDFxw,Tmin_wt,29.4174352692422,0.197037037037037,9
IDFxw,PPT.dormant,27.3227227635009,0.197037037037037,9
IDFxw,PAS_wt,26.6739285953182,0.197037037037037,9
IDFxx_MT,Eref_at,89.6153703324513,0.0983412322274881,17
IDFxx_MT,Tmax_wt,86.6548213865687,0.0983412322274881,17
IDFxx_MT,PAS_wt,65.5166997592396,0.0983412322274881,17
IDFxx_MT,MAP,59.5614587734444,0.0983412322274881,17
IDFxx_MT,PPT_JAS,59.4381469025221,0.0983412322274881,17
IDFxx_MT,NFFD_wt,55.8389332035378,0.0983412322274881,17
IDFxx_MT,PPT_sm,54.5483791177581,0.0983412322274881,17
IDFxx_MT,PPT_MJ,50.6673726171086,0.0983412322274881,17
IDFxx_MT,PPT.dormant,50.5967751720433,0.0983412322274881,17
IDFxx_MT,TD,49.846559649922,0.0983412322274881,17
IDFxx_WA,Eref_at,49.4465361518481,0.0776283618581907,11
IDFxx_WA,MCMT,41.7850045605741,0.0776283618581907,11
IDFxx_WA,TD,38.8693383184825,0.0776283618581907,11
IDFxx_WA,Eref_wt,38.3734663790815,0.0776283618581907,11
IDFxx_WA,Tmax_wt,35.9030145931079,0.0776283618581907,11
IDFxx_WA,PAS,35.3127805044458,0.0776283618581907,11
IDFxx_WA,CMD.total,35.0653635810785,0.0776283618581907,11
IDFxx_WA,CMI,34.5437412599031,0.0776283618581907,11
IDFxx_WA,MAP,33.5097647700217,0.0776283618581907,11
IDFxx_WA,PPT.dormant,32.5039075213179,0.0776283618581907,11
IDFxx1,PAS,28.2100187538371,0.0973333333333333,5
IDFxx1,PAS_at,24.9628702752469,0.0973333333333333,5
IDFxx1,PAS_wt,23.3462283732903,0.0973333333333333,5
IDFxx1,Tmax_wt,22.6294038591431,0.0973333333333333,5
IDFxx1,PPT.dormant,21.0764387962327,0.0973333333333333,5
IDFxx1,DD_0_wt,18.5344333496477,0.0973333333333333,5
IDFxx1,PPT_sm,15.5958305018776,0.0973333333333333,5
IDFxx1,DD_0_at,14.3833338429786,0.0973333333333333,5
IDFxx1,DD_18_wt,12.7169577029364,0.0973333333333333,5
IDFxx1,AHM,12.1440599373103,0.0973333333333333,5
IDFxx2,CMD_at,9.2859272586383,0.09,2
IDFxx2,PAS_sm,6.94517726365519,0.09,2
IDFxx2,CMD.total,6.75620022521945,0.09,2
IDFxx2,SHM,6.36568337981701,0.09,2
IDFxx2,PPT_sm,6.30905022098597,0.09,2
IDFxx2,CMD.grow,5.74292114260246,0.09,2
IDFxx2,AHM,5.52178986113809,0.09,2
IDFxx2,CMD_sm,5.51747882893799,0.09,2
IDFxx2,PAS_at,5.02947864468167,0.09,2
IDFxx2,PAS,4.99548996204136,0.09,2
IGFdk_WA,TD,105.548469836733,0.109598853868195,28
IGFdk_WA,Eref_at,102.706764659491,0.109598853868195,28
IGFdk_WA,PPT_MJ,90.9979425753696,0.109598853868195,28
IGFdk_WA,CMDMax,90.7830909602622,0.109598853868195,28
IGFdk_WA,PAS_sp,86.4085805898654,0.109598853868195,28
IGFdk_WA,PAS_wt,82.0945921049319,0.109598853868195,28
IGFdk_WA,PPT_sp,81.2022136847049,0.109598853868195,28
IGFdk_WA,PPT_JAS,81.1116143860804,0.109598853868195,28
IGFdk_WA,PPT_sm,80.8433640325802,0.109598853868195,28
IGFdk_WA,CMI,76.1358340996872,0.109598853868195,28
IGFdw_OR,Eref_at,103.896605152774,0.122430741733691,30
IGFdw_OR,PPT_MJ,96.7813654831829,0.122430741733691,30
IGFdw_OR,CMDMax,93.7255076825855,0.122430741733691,30
IGFdw_OR,CMD.total,91.5481319827179,0.122430741733691,30
IGFdw_OR,PPT_sm,89.9644978475324,0.122430741733691,30
IGFdw_OR,SHM,87.0210078619456,0.122430741733691,30
IGFdw_OR,CMD_at,84.919794878169,0.122430741733691,30
IGFdw_OR,AHM,82.7893264290877,0.122430741733691,30
IGFdw_OR,NFFD_sp,82.119959694891,0.122430741733691,30
IGFdw_OR,CMD_sm,81.995205763483,0.122430741733691,30
IGFmh_OR,Eref_at,118.233210969594,0.119263456090652,24
IGFmh_OR,TD,108.98333204938,0.119263456090652,24
IGFmh_OR,PPT_JAS,92.9816342758543,0.119263456090652,24
IGFmh_OR,PPT.dormant,88.6931853374759,0.119263456090652,24
IGFmh_OR,PAS_wt,87.4266628291735,0.119263456090652,24
IGFmh_OR,PPT_sm,83.9608193340179,0.119263456090652,24
IGFmh_OR,PPT_MJ,80.5901134718372,0.119263456090652,24
IGFmh_OR,MSP,76.9333042349321,0.119263456090652,24
IGFmh_OR,Tmin_wt,64.9749589781958,0.119263456090652,24
IGFmh_OR,NFFD_wt,64.2830638132966,0.119263456090652,24
IGFmm_OR,Eref_at,232.312648553682,0.150639037101377,55
IGFmm_OR,PPT.dormant,190.294058749765,0.150639037101377,55
IGFmm_OR,PPT_MJ,182.636989098184,0.150639037101377,55
IGFmm_OR,PPT_JAS,180.328530776344,0.150639037101377,55
IGFmm_OR,PAS_wt,179.355851269816,0.150639037101377,55
IGFmm_OR,TD,165.79766137248,0.150639037101377,55
IGFmm_OR,PPT_sm,152.206304863808,0.150639037101377,55
IGFmm_OR,NFFD_wt,150.619978144735,0.150639037101377,55
IGFmm_OR,Tmin_wt,148.256215867023,0.150639037101377,55
IGFmm_OR,Tmax_wt,146.421077195422,0.150639037101377,55
IGFxm_OR,PPT_MJ,181.731878813921,0.123687069902209,38
IGFxm_OR,MSP,148.098983269999,0.123687069902209,38
IGFxm_OR,TD,139.869157172774,0.123687069902209,38
IGFxm_OR,PPT_sm,135.13359691411,0.123687069902209,38
IGFxm_OR,PPT.dormant,135.095237512488,0.123687069902209,38
IGFxm_OR,PPT_JAS,124.690295043864,0.123687069902209,38
IGFxm_OR,Eref_at,122.775222661563,0.123687069902209,38
IGFxm_OR,PAS_wt,121.875037420282,0.123687069902209,38
IGFxm_OR,CMI,103.873823135649,0.123687069902209,38
IGFxm_OR,Tmax_wt,101.821374421169,0.123687069902209,38
IMAab,Eref_at,74.6644646405875,0.248888888888889,15
IMAab,NFFD_wt,67.1817041455782,0.248888888888889,15
IMAab,Tmin_wt,63.2992576039787,0.248888888888889,15
IMAab,EMT,59.9774047850789,0.248888888888889,15
IMAab,PAS_wt,56.6430488968111,0.248888888888889,15
IMAab,PPT.dormant,50.2146979960969,0.248888888888889,15
IMAab,Eref_sm,48.5335938713779,0.248888888888889,15
IMAab,PAS_at,42.8445134022249,0.248888888888889,15
IMAab,NFFD_sm,40.8345629500221,0.248888888888889,15
IMAab,DD5_wt,36.5975004409769,0.248888888888889,15
IMAun,Eref_at,109.711276098199,0.24367816091954,29
IMAun,PAS_wt,98.0362740647354,0.24367816091954,29
IMAun,TD,95.2488964878785,0.24367816091954,29
IMAun,Tmin_wt,91.9343059350398,0.24367816091954,29
IMAun,Eref_sm,91.756235783108,0.24367816091954,29
IMAun,EMT,89.6482436383747,0.24367816091954,29
IMAun,PPT.dormant,89.1921809375598,0.24367816091954,29
IMAun,PPT_MJ,83.0854271104329,0.24367816091954,29
IMAun,PAS_at,77.9540500385122,0.24367816091954,29
IMAun,NFFD_wt,77.5220190052722,0.24367816091954,29
IWFdm_CO,EXT,60.4524923272654,0.137344970142398,17
IWFdm_CO,MSP,56.5876813224511,0.137344970142398,17
IWFdm_CO,PPT_sm,56.4224811167324,0.137344970142398,17
IWFdm_CO,TD,51.0547528857505,0.137344970142398,17
IWFdm_CO,PPT_JAS,51.045249353992,0.137344970142398,17
IWFdm_CO,Eref_at,50.8339299299867,0.137344970142398,17
IWFdm_CO,PPT_MJ,48.8037863210822,0.137344970142398,17
IWFdm_CO,PPT.dormant,48.4796684971276,0.137344970142398,17
IWFdm_CO,SHM,43.7662054619013,0.137344970142398,17
IWFdm_CO,PPT,41.7446675650483,0.137344970142398,17
IWFdw_OR,Eref_at,142.62311769538,0.123387096774194,34
IWFdw_OR,CMD.total,130.309050779653,0.123387096774194,34
IWFdw_OR,TD,117.075000787919,0.123387096774194,34
IWFdw_OR,PPT.dormant,116.963051862426,0.123387096774194,34
IWFdw_OR,CMD_at,107.182801097476,0.123387096774194,34
IWFdw_OR,PPT_MJ,99.8120712187182,0.123387096774194,34
IWFdw_OR,MSP,99.5223149834612,0.123387096774194,34
IWFdw_OR,PPT_sm,95.5710960479195,0.123387096774194,34
IWFdw_OR,Tmax_wt,93.7476506604298,0.123387096774194,34
IWFdw_OR,PAS_wt,92.5414516175639,0.123387096774194,34
IWFxk_NV,Eref_at,187.8440208165,0.143150429264651,37
IWFxk_NV,PPT_JAS,164.239300810667,0.143150429264651,37
IWFxk_NV,PAS_wt,123.888262919376,0.143150429264651,37
IWFxk_NV,PPT.dormant,121.165827212783,0.143150429264651,37
IWFxk_NV,TD,117.820987245245,0.143150429264651,37
IWFxk_NV,PPT_MJ,116.934309644476,0.143150429264651,37
IWFxk_NV,PPT_sm,112.639053807561,0.143150429264651,37
IWFxk_NV,MSP,103.206349857869,0.143150429264651,37
IWFxk_NV,Tmin_wt,96.5265870395405,0.143150429264651,37
IWFxk_NV,MAP,96.339074555271,0.143150429264651,37
IWFxm_CA,PPT.dormant,60.0763825934093,0.118673647469459,12
IWFxm_CA,PAS_wt,45.651676536776,0.118673647469459,12
IWFxm_CA,PPT,43.3731196480688,0.118673647469459,12
IWFxm_CA,AHM,42.4692849434701,0.118673647469459,12
IWFxm_CA,CMI,37.4525288259008,0.118673647469459,12
IWFxm_CA,MAP,36.9653458694125,0.118673647469459,12
IWFxm_CA,PAS,34.4705136192985,0.118673647469459,12
IWFxm_CA,PPT_sp,33.6368885669391,0.118673647469459,12
IWFxm_CA,Eref_at,33.1293357299881,0.118673647469459,12
IWFxm_CA,TD,32.5426029357954,0.118673647469459,12
JPWdm_WY,Eref_at,105.982637680161,0.125192248538911,23
JPWdm_WY,PPT_MJ,98.870137837834,0.125192248538911,23
JPWdm_WY,PPT_JAS,98.7455416974975,0.125192248538911,23
JPWdm_WY,PAS_wt,76.504029949037,0.125192248538911,23
JPWdm_WY,PPT_sm,75.2865655441884,0.125192248538911,23
JPWdm_WY,MSP,68.7007222098511,0.125192248538911,23
JPWdm_WY,TD,61.3438758598495,0.125192248538911,23
JPWdm_WY,SHM,58.5219787593174,0.125192248538911,23
JPWdm_WY,Tmin_wt,57.9640208970183,0.125192248538911,23
JPWdm_WY,PPT.dormant,53.6896870438555,0.125192248538911,23
JPWdw_UT,PPT_JAS,116.073102824895,0.118050266565118,30
JPWdw_UT,MSP,108.194634031589,0.118050266565118,30
JPWdw_UT,PPT_MJ,106.592133888314,0.118050266565118,30
JPWdw_UT,SHM,94.217338422475,0.118050266565118,30
JPWdw_UT,Eref_at,93.5142051918454,0.118050266565118,30
JPWdw_UT,PPT_sm,89.4715751433057,0.118050266565118,30
JPWdw_UT,PPT.dormant,84.1906554888206,0.118050266565118,30
JPWdw_UT,PAS_wt,79.7245608934201,0.118050266565118,30
JPWdw_UT,TD,76.982945740479,0.118050266565118,30
JPWdw_UT,EXT,75.2741185040935,0.118050266565118,30
JPWwm_CO,TD,22.4619521694759,0.0789473684210526,8
JPWwm_CO,EXT,22.4090105165979,0.0789473684210526,8
JPWwm_CO,PPT.dormant,22.2533144192661,0.0789473684210526,8
JPWwm_CO,DD18_sm,20.3660904648743,0.0789473684210526,8
JPWwm_CO,DD18,18.7918149730929,0.0789473684210526,8
JPWwm_CO,TmaxJuly,18.3102251646379,0.0789473684210526,8
JPWwm_CO,MWMT,16.0506727873511,0.0789473684210526,8
JPWwm_CO,Tmax_sm,15.4753614360557,0.0789473684210526,8
JPWwm_CO,PPT_MJ,14.9267509019139,0.0789473684210526,8
JPWwm_CO,PPT_sm,14.1591594578241,0.0789473684210526,8
JPWxh_CA,PPT,55.0762797739739,0.0785562632696391,17
JPWxh_CA,TD,49.8287775115211,0.0785562632696391,17
JPWxh_CA,CMD_at,48.4403785801847,0.0785562632696391,17
JPWxh_CA,PPT.dormant,44.0778195493791,0.0785562632696391,17
JPWxh_CA,AHM,39.6444261111233,0.0785562632696391,17
JPWxh_CA,MCMT,36.1763619132405,0.0785562632696391,17
JPWxh_CA,MAP,35.0704864874579,0.0785562632696391,17
JPWxh_CA,PPT_sp,35.0459954628323,0.0785562632696391,17
JPWxh_CA,DD_18_wt,34.6911116532598,0.0785562632696391,17
JPWxh_CA,DD18_wt,33.18456552496,0.0785562632696391,17
JPWxw_NV,Eref_at,292.583255092577,0.144808451606019,69
JPWxw_NV,TD,220.116786089578,0.144808451606019,69
JPWxw_NV,PPT_JAS,216.080036493671,0.144808451606019,69
JPWxw_NV,PPT.dormant,207.998483686537,0.144808451606019,69
JPWxw_NV,PAS_wt,205.085782576348,0.144808451606019,69
JPWxw_NV,PPT_MJ,199.646653255574,0.144808451606019,69
JPWxw_NV,PPT_sm,188.524698034104,0.144808451606019,69
JPWxw_NV,MSP,171.486343016265,0.144808451606019,69
JPWxw_NV,MAP,170.162965881615,0.144808451606019,69
JPWxw_NV,PPT,169.698073200474,0.144808451606019,69
MGPdm,Eref_sm,20.4327887193157,0.0504504504504505,4
MGPdm,PPT_sm,19.251122515387,0.0504504504504505,4
MGPdm,Eref_at,16.7788533143549,0.0504504504504505,4
MGPdm,CMDMax,16.3244942102446,0.0504504504504505,4
MGPdm,CMD.total,15.5032420029934,0.0504504504504505,4
MGPdm,Tmax,15.3406168469437,0.0504504504504505,4
MGPdm,EXT,15.1810907533666,0.0504504504504505,4
MGPdm,CMD_sm,13.9465717921943,0.0504504504504505,4
MGPdm,Eref,13.1251098851291,0.0504504504504505,4
MGPdm,CMD,13.1010108448798,0.0504504504504505,4
MGPmg,EXT,29.8570051392917,0.0673758865248227,6
MGPmg,Tmax_sm,25.9093362113801,0.0673758865248227,6
MGPmg,CMD_sp,25.2668628980788,0.0673758865248227,6
MGPmg,DD18_sm,20.496084631631,0.0673758865248227,6
MGPmg,TmaxJuly,20.10545174547,0.0673758865248227,6
MGPmg,DD_18_sm,18.0677704575459,0.0673758865248227,6
MGPmg,PPT_sm,16.7750751289536,0.0673758865248227,6
MGPmg,Eref,16.5491615938326,0.0673758865248227,6
MGPmg,DD5.grow,16.0123614485663,0.0673758865248227,6
MGPmg,DD18,15.9796335394513,0.0673758865248227,6
MGPmw_MT,Eref_at,100.704973625037,0.128028814669286,25
MGPmw_MT,PPT_JAS,88.0045425856867,0.128028814669286,25
MGPmw_MT,PPT_sm,76.4227007403831,0.128028814669286,25
MGPmw_MT,PPT_MJ,75.9679507601885,0.128028814669286,25
MGPmw_MT,SHM,71.2689156990946,0.128028814669286,25
MGPmw_MT,MSP,70.2165001034645,0.128028814669286,25
MGPmw_MT,MCMT,60.0589314923218,0.128028814669286,25
MGPmw_MT,CMD_sm,54.3192992731845,0.128028814669286,25
MGPmw_MT,NFFD_wt,53.6670974560645,0.128028814669286,25
MGPmw_MT,TD,52.7372220435035,0.128028814669286,25
MHdm_OR,CMDMax,77.4373353084353,0.127464788732394,19
MHdm_OR,CMD.total,68.0886207992015,0.127464788732394,19
MHdm_OR,Eref_at,67.2226533138859,0.127464788732394,19
MHdm_OR,MSP,65.7209652746931,0.127464788732394,19
MHdm_OR,Tmin_sp,56.9689518117295,0.127464788732394,19
MHdm_OR,Eref,56.6086597009842,0.127464788732394,19
MHdm_OR,NFFD_sp,54.5344316423098,0.127464788732394,19
MHdm_OR,CMD.grow,53.0446033636107,0.127464788732394,19
MHdm_OR,CMD,52.737138017613,0.127464788732394,19
MHdm_OR,CMD_sm,52.1527526840759,0.127464788732394,19
MHds_OR,Tmax_wt,63.116961532245,0.0820446735395189,16
MHds_OR,Eref_at,55.8967495318685,0.0820446735395189,16
MHds_OR,Tmin_sp,52.3377950595924,0.0820446735395189,16
MHds_OR,PAS_sp,51.8753176520623,0.0820446735395189,16
MHds_OR,NFFD_wt,49.2192307728462,0.0820446735395189,16
MHds_OR,TD,45.4918010279252,0.0820446735395189,16
MHds_OR,PPT_sm,44.4822218435789,0.0820446735395189,16
MHds_OR,CMD.total,43.8399919578374,0.0820446735395189,16
MHds_OR,NFFD_sp,42.8974064340358,0.0820446735395189,16
MHds_OR,SHM,42.1541993971685,0.0820446735395189,16
MHds_WA,CMDMax,66.5395480604467,0.152307692307692,13
MHds_WA,TD,49.2677154087103,0.152307692307692,13
MHds_WA,CMD,47.8802130166031,0.152307692307692,13
MHds_WA,CMD.total,46.0775581778101,0.152307692307692,13
MHds_WA,CMD.grow,38.8567615020236,0.152307692307692,13
MHds_WA,PAS_sp,37.622332105055,0.152307692307692,13
MHds_WA,Eref_at,36.1004392011299,0.152307692307692,13
MHds_WA,CMD_sm,35.3023965670352,0.152307692307692,13
MHds_WA,PPT_sp,33.4059775457926,0.152307692307692,13
MHds_WA,PPT_MJ,33.403440705824,0.152307692307692,13
MHmm_WA,CMDMax,83.4014603240195,0.142352941176471,17
MHmm_WA,Eref_at,64.6212697976828,0.142352941176471,17
MHmm_WA,CMD.total,58.5144120731969,0.142352941176471,17
MHmm_WA,CMD_sm,56.5622381222092,0.142352941176471,17
MHmm_WA,TD,56.5114899343815,0.142352941176471,17
MHmm_WA,CMD,53.2054996420843,0.142352941176471,17
MHmm_WA,Eref_sm,51.2056199939448,0.142352941176471,17
MHmm_WA,Tmax_wt,50.9098411837826,0.142352941176471,17
MHmm_WA,DD5_sp,49.5488889843088,0.142352941176471,17
MHmm_WA,PPT_JAS,47.8539016305479,0.142352941176471,17
MHmm1,Eref_at,144.333375361839,0.236754353464246,18
MHmm1,Eref,81.4595194785572,0.236754353464246,18
MHmm1,Eref_sm,70.7899295550866,0.236754353464246,18
MHmm1,DD18_sp,61.8047891946911,0.236754353464246,18
MHmm1,TD,53.3146822623425,0.236754353464246,18
MHmm1,DD5_sp,53.0826032501546,0.236754353464246,18
MHmm1,PPT_JAS,50.2378775789589,0.236754353464246,18
MHmm1,NFFD_sm,45.1357060753247,0.236754353464246,18
MHmm1,Tmax,44.9077116221654,0.236754353464246,18
MHmm1,DD_18_sp,44.8653758421023,0.236754353464246,18
MHmm2,Eref_at,235.944975675145,0.256,40
MHmm2,TD,138.329107291116,0.256,40
MHmm2,DD18_wt,122.183198308054,0.256,40
MHmm2,Eref,120.599867778192,0.256,40
MHmm2,Tmax_wt,117.256752161398,0.256,40
MHmm2,MCMT,116.83866899,0.256,40
MHmm2,PPT.dormant,109.959973364212,0.256,40
MHmm2,PPT_JAS,107.280194308654,0.256,40
MHmm2,Eref_sm,104.778178050706,0.256,40
MHmm2,CMDMax,100.700538151101,0.256,40
MHmmp,Eref_at,100.195020957586,0.267466666666667,25
MHmmp,TD,87.9483706293069,0.267466666666667,25
MHmmp,MCMT,82.057021725871,0.267466666666667,25
MHmmp,Tmax_wt,73.2751204702645,0.267466666666667,25
MHmmp,DD18_wt,72.1218345724415,0.267466666666667,25
MHmmp,PPT_JAS,69.3071585423159,0.267466666666667,25
MHmmp,Tmin_sp,65.4058748891373,0.267466666666667,25
MHmmp,PPT.dormant,65.2794559970945,0.267466666666667,25
MHmmp,PAS_at,63.7890111988994,0.267466666666667,25
MHmmp,NFFD_sp,60.6568546610584,0.267466666666667,25
MHms_WA,CMDMax,68.6614260833628,0.148888888888889,15
MHms_WA,CMD.total,51.8440136211703,0.148888888888889,15
MHms_WA,CMD,50.2054268471991,0.148888888888889,15
MHms_WA,Eref,49.6355693002562,0.148888888888889,15
MHms_WA,PPT_JAS,49.4624852103469,0.148888888888889,15
MHms_WA,Eref_at,46.5313461311681,0.148888888888889,15
MHms_WA,PAS_sp,43.6425564023591,0.148888888888889,15
MHms_WA,CMD.grow,42.2527632589689,0.148888888888889,15
MHms_WA,CMD_sm,40.9718580595498,0.148888888888889,15
MHms_WA,MAP,39.970667603912,0.148888888888889,15
MHRFdm_OR,Eref_at,60.4456994614111,0.115322580645161,17
MHRFdm_OR,PPT_MJ,51.5909171548122,0.115322580645161,17
MHRFdm_OR,CMI,51.31894079011,0.115322580645161,17
MHRFdm_OR,MSP,50.4677168284103,0.115322580645161,17
MHRFdm_OR,Tmin_sp,50.4602819972153,0.115322580645161,17
MHRFdm_OR,PPT_sp,50.2042039275811,0.115322580645161,17
MHRFdm_OR,DD_0_sp,47.7383671279027,0.115322580645161,17
MHRFdm_OR,CMD.total,46.8053671975559,0.115322580645161,17
MHRFdm_OR,DD_18_sp,45.6242286675552,0.115322580645161,17
MHRFdm_OR,Tmin_wt,45.1380868241431,0.115322580645161,17
MHRFds_CA,Eref_at,93.3824069313201,0.1080814717477,21
MHRFds_CA,PPT.dormant,83.1851750863601,0.1080814717477,21
MHRFds_CA,PPT_MJ,70.2370911122452,0.1080814717477,21
MHRFds_CA,Tmax_wt,66.0075927378801,0.1080814717477,21
MHRFds_CA,DD_0_sp,63.3632446978319,0.1080814717477,21
MHRFds_CA,PAS_sp,58.1953451159856,0.1080814717477,21
MHRFds_CA,CMD.total,55.719920394312,0.1080814717477,21
MHRFds_CA,TD,54.6702035195287,0.1080814717477,21
MHRFds_CA,AHM,52.8200903532182,0.1080814717477,21
MHRFds_CA,PPT,51.0082150430752,0.1080814717477,21
MHRFmm_OR,Eref_at,61.5531646205734,0.104967602591793,16
MHRFmm_OR,PPT_MJ,52.8120475658173,0.104967602591793,16
MHRFmm_OR,MSP,52.2163262553687,0.104967602591793,16
MHRFmm_OR,Tmax_wt,51.0194897028914,0.104967602591793,16
MHRFmm_OR,PAS_sp,47.2617225461364,0.104967602591793,16
MHRFmm_OR,DD5_sp,45.8583853324652,0.104967602591793,16
MHRFmm_OR,PPT_sm,45.7652559033932,0.104967602591793,16
MHRFmm_OR,Tmin_sp,41.5427870726623,0.104967602591793,16
MHRFmm_OR,Tmin_wt,41.1004846969441,0.104967602591793,16
MHRFmm_OR,CMD,40.7609842836445,0.104967602591793,16
MHun,CMI,21.1700227514651,0.05,4
MHun,MAP,19.7656272894313,0.05,4
MHun,Tmin_sp,19.6578255497651,0.05,4
MHun,DD_0,18.4699243838064,0.05,4
MHun,PAS_at,16.7494202884724,0.05,4
MHun,NFFD_at,15.5952718122922,0.05,4
MHun,PPT_sp,15.5804946899373,0.05,4
MHun,PPT.dormant,15.0783347299168,0.05,4
MHun,NFFD_sm,13.52291843272,0.05,4
MHun,AHM,12.6258854757968,0.05,4
MHwh,NFFD_at,33.020350944638,0.137333333333333,5
MHwh,eFFP,29.1519681787936,0.137333333333333,5
MHwh,FFP,27.751907747728,0.137333333333333,5
MHwh,NFFD,26.036351359354,0.137333333333333,5
MHwh,DD_0_wt,24.9755239070469,0.137333333333333,5
MHwh,Tmin,22.1309853786903,0.137333333333333,5
MHwh,DD5_wt,18.297174695124,0.137333333333333,5
MHwh,DD_18_wt,17.3601182227768,0.137333333333333,5
MHwh,NFFD_wt,17.1941216390516,0.137333333333333,5
MHwh,Tave_wt,17.1696942026665,0.137333333333333,5
MHwh1,DD_0_sp,39.0094657990947,0.184166666666667,8
MHwh1,Eref_at,38.3660045818894,0.184166666666667,8
MHwh1,NFFD_sm,34.9979203245471,0.184166666666667,8
MHwh1,DD_18_sp,32.9326693726665,0.184166666666667,8
MHwh1,DD18_sp,31.8236052319621,0.184166666666667,8
MHwh1,Tave_sp,30.8414178791751,0.184166666666667,8
MHwh1,NFFD_sp,26.7702412746532,0.184166666666667,8
MHwh1,Tmin_sp,26.0721765399892,0.184166666666667,8
MHwh1,PPT_JAS,25.80745048333,0.184166666666667,8
MHwh1,Tmin_sm,25.8067407166693,0.184166666666667,8
MHwhp,DD_18_sp,43.0596798051968,0.177575757575758,11
MHwhp,Tmax_sp,42.8551151061611,0.177575757575758,11
MHwhp,DD_0_sp,40.8156719251628,0.177575757575758,11
MHwhp,Tave_sp,38.3937347489857,0.177575757575758,11
MHwhp,NFFD,35.3959308753603,0.177575757575758,11
MHwhp,Tmin_at,32.3306590791499,0.177575757575758,11
MHwhp,FFP,31.2410626099366,0.177575757575758,11
MHwhp,SHM,30.8341286825356,0.177575757575758,11
MHwhp,PPT_JAS,30.6231691484633,0.177575757575758,11
MHwhp,Eref,30.4753453281228,0.177575757575758,11
MMMdk_NV,TD,81.7414087547816,0.111957349581112,18
MMMdk_NV,PPT_JAS,79.413260567179,0.111957349581112,18
MMMdk_NV,Eref_at,77.5495498121774,0.111957349581112,18
MMMdk_NV,EXT,63.6692407653108,0.111957349581112,18
MMMdk_NV,Tmax_sm,57.6326569389926,0.111957349581112,18
MMMdk_NV,NFFD_wt,54.9694603716931,0.111957349581112,18
MMMdk_NV,CMD.total,54.8707613801407,0.111957349581112,18
MMMdk_NV,TmaxJuly,51.4875983323143,0.111957349581112,18
MMMdk_NV,Tmax_wt,51.0480281295951,0.111957349581112,18
MMMdk_NV,PPT_sm,49.5245685389249,0.111957349581112,18
MSabN,Tmin_wt,32.9378718365576,0.105833333333333,8
MSabN,PAS_wt,31.8285569124923,0.105833333333333,8
MSabN,NFFD_wt,28.6790958210476,0.105833333333333,8
MSabN,DD18_wt,28.2818556812068,0.105833333333333,8
MSabN,EMT,28.2300195231525,0.105833333333333,8
MSabN,DD5_sp,26.809061441662,0.105833333333333,8
MSabN,TD,26.5371108000906,0.105833333333333,8
MSabN,PPT.dormant,24.8223773713602,0.105833333333333,8
MSabN,MCMT,23.8130434227493,0.105833333333333,8
MSabN,PAS_sp,21.5645833287425,0.105833333333333,8
MSabS,DD5_sp,62.7436952460795,0.12,14
MSabS,EMT,57.4656570048677,0.12,14
MSabS,PAS_wt,47.2930514844231,0.12,14
MSabS,NFFD_wt,46.5190623930962,0.12,14
MSabS,Tmin_wt,46.5120427258377,0.12,14
MSabS,DD18_sp,41.1456681518863,0.12,14
MSabS,CMD_sm,40.3045603048929,0.12,14
MSabS,CMDMax,39.1407769448999,0.12,14
MSabS,Eref_sm,38.194736839024,0.12,14
MSabS,PAS_at,38.0378701713425,0.12,14
MSdc1,Tmax_wt,33.3479820001301,0.240740740740741,9
MSdc1,DD18_wt,28.4086383388786,0.240740740740741,9
MSdc1,PPT.dormant,26.0622577968991,0.240740740740741,9
MSdc1,Tmax_sm,25.9778061775236,0.240740740740741,9
MSdc1,NFFD_wt,25.7399574533527,0.240740740740741,9
MSdc1,CMI,25.0707042257862,0.240740740740741,9
MSdc1,MCMT,24.838828714848,0.240740740740741,9
MSdc1,TD,23.956134580347,0.240740740740741,9
MSdc1,PPT,23.1018802151706,0.240740740740741,9
MSdc1,PPT_sp,22.7333953635433,0.240740740740741,9
MSdc2,DD_18_wt,36.6916875877592,0.164,10
MSdc2,DD_0_wt,33.8415673573343,0.164,10
MSdc2,Tave_wt,32.7943842680077,0.164,10
MSdc2,DD_0,29.8000402941209,0.164,10
MSdc2,EMT,28.6648842917797,0.164,10
MSdc2,CMD.total,28.6015661817274,0.164,10
MSdc2,eFFP,27.6455000249127,0.164,10
MSdc2,DD18_wt,27.4036417631582,0.164,10
MSdc2,Tmin_sp,27.3539099158955,0.164,10
MSdc2,PAS_at,27.2305722596726,0.164,10
MSdc3,PPT.dormant,41.0848132289595,0.155238095238095,7
MSdc3,CMI,35.6038413188306,0.155238095238095,7
MSdc3,MAP,33.4686379944584,0.155238095238095,7
MSdc3,PPT,32.5498713087194,0.155238095238095,7
MSdc3,PAS_wt,30.5048061354067,0.155238095238095,7
MSdc3,CMD.total,23.6664675371546,0.155238095238095,7
MSdc3,PAS,22.7869945290638,0.155238095238095,7
MSdc3,CMD_at,22.7351758788305,0.155238095238095,7
MSdc3,DD_18,22.2314545019932,0.155238095238095,7
MSdc3,Tave,19.2014591454817,0.155238095238095,7
MSdh_MT,Eref_at,129.738555094736,0.142227816236627,32
MSdh_MT,Tmin_sp,105.05409425212,0.142227816236627,32
MSdh_MT,PAS_wt,96.0467057588035,0.142227816236627,32
MSdh_MT,Tmin_wt,94.8701355821649,0.142227816236627,32
MSdh_MT,PPT.dormant,91.8637441595269,0.142227816236627,32
MSdh_MT,TmaxJuly,90.1273460965998,0.142227816236627,32
MSdh_MT,Tmax_at,88.4098211131894,0.142227816236627,32
MSdh_MT,CMD.total,87.163810132209,0.142227816236627,32
MSdh_MT,DD_18_sp,86.8609415971425,0.142227816236627,32
MSdh_MT,Tave_sp,86.4394311440353,0.142227816236627,32
MSdh_UT,Eref_at,195.722863170706,0.147348742352141,41
MSdh_UT,PPT_MJ,137.186962259901,0.147348742352141,41
MSdh_UT,PPT_JAS,129.235380476287,0.147348742352141,41
MSdh_UT,TmaxJuly,123.708316932556,0.147348742352141,41
MSdh_UT,TD,123.18074118074,0.147348742352141,41
MSdh_UT,PAS_wt,118.631216412793,0.147348742352141,41
MSdh_UT,EXT,117.464876074532,0.147348742352141,41
MSdh_UT,Tmax_wt,110.752994197118,0.147348742352141,41
MSdh_UT,Eref,108.598929883407,0.147348742352141,41
MSdh_UT,PPT_sm,106.595532545065,0.147348742352141,41
MSdh_WY,Eref_at,188.354642501367,0.142793857058476,46
MSdh_WY,PPT_MJ,152.343430349512,0.142793857058476,46
MSdh_WY,PAS_wt,138.424003921204,0.142793857058476,46
MSdh_WY,PPT.dormant,135.537380935008,0.142793857058476,46
MSdh_WY,Tmin_wt,135.075056096179,0.142793857058476,46
MSdh_WY,TD,130.444930051285,0.142793857058476,46
MSdh_WY,PPT_JAS,129.743268688827,0.142793857058476,46
MSdh_WY,NFFD_wt,128.346516773486,0.142793857058476,46
MSdh_WY,CMD.total,127.577094009534,0.142793857058476,46
MSdh_WY,CMDMax,114.846075394595,0.142793857058476,46
MSdk,Eref_at,60.771261027759,0.231282051282051,13
MSdk,TD,53.6906702984324,0.231282051282051,13
MSdk,Tmin_wt,49.2615761253694,0.231282051282051,13
MSdk,NFFD_wt,47.078349034576,0.231282051282051,13
MSdk,MCMT,44.9779511487515,0.231282051282051,13
MSdk,Eref_sp,39.8687943181738,0.231282051282051,13
MSdk,Eref,38.7652384265625,0.231282051282051,13
MSdk,EMT,37.8734138078866,0.231282051282051,13
MSdk,DD18_sp,37.8372385388494,0.231282051282051,13
MSdk,DD18_wt,36.6994887096322,0.231282051282051,13
MSdk_CO,PPT_JAS,56.0500557358127,0.124459394521864,16
MSdk_CO,PPT_MJ,46.3374160802286,0.124459394521864,16
MSdk_CO,Eref_at,45.5336671446919,0.124459394521864,16
MSdk_CO,PPT_sm,44.0934555252487,0.124459394521864,16
MSdk_CO,NFFD_wt,43.6986337947539,0.124459394521864,16
MSdk_CO,SHM,43.2976570200918,0.124459394521864,16
MSdk_CO,CMDMax,42.9955257267781,0.124459394521864,16
MSdk_CO,Tmin_wt,42.1504835561222,0.124459394521864,16
MSdk_CO,PAS_wt,41.7883786888237,0.124459394521864,16
MSdk_CO,PPT.dormant,39.5989023465126,0.124459394521864,16
MSdm_WA,PPT_MJ,150.532702835247,0.126407268417934,34
MSdm_WA,Eref_at,134.502033389996,0.126407268417934,34
MSdm_WA,PPT.dormant,117.39797361994,0.126407268417934,34
MSdm_WA,PPT_JAS,111.942539793324,0.126407268417934,34
MSdm_WA,PAS_wt,110.699464304655,0.126407268417934,34
MSdm_WA,MSP,106.415050144876,0.126407268417934,34
MSdm_WA,PPT_sm,106.089436406238,0.126407268417934,34
MSdm_WA,SHM,106.019901908092,0.126407268417934,34
MSdm_WA,PPT,101.259930154457,0.126407268417934,34
MSdm_WA,MAP,95.6012874029243,0.126407268417934,34
MSdm1,PAS_wt,36.0821804434376,0.1875,8
MSdm1,CMD.total,27.1487455808785,0.1875,8
MSdm1,CMI,26.4667457050308,0.1875,8
MSdm1,PAS,25.705721005167,0.1875,8
MSdm1,PAS_at,23.6266053381392,0.1875,8
MSdm1,AHM,23.2186274572878,0.1875,8
MSdm1,PAS_sp,22.4698692157208,0.1875,8
MSdm1,CMD_at,22.0512039685287,0.1875,8
MSdm1,PPT.dormant,22.0420027260688,0.1875,8
MSdm1,MAP,20.8290823051799,0.1875,8
MSdm2,PPT.dormant,75.6738596665559,0.16625,16
MSdm2,PAS_wt,57.2825482500243,0.16625,16
MSdm2,MAP,55.3008051100548,0.16625,16
MSdm2,PPT_JAS,52.6960236556204,0.16625,16
MSdm2,CMI,50.9664466848541,0.16625,16
MSdm2,PPT_MJ,50.8924866422174,0.16625,16
MSdm2,PPT_sp,50.328427416922,0.16625,16
MSdm2,PPT,48.275763845634,0.16625,16
MSdm2,PAS_sp,48.2456808863305,0.16625,16
MSdm2,CMD_at,47.3295365637093,0.16625,16
MSdm3,PPT_sm,50.208988295724,0.217948717948718,13
MSdm3,TD,49.420335684737,0.217948717948718,13
MSdm3,PPT,46.1651104892233,0.217948717948718,13
MSdm3,PPT_JAS,45.3606665841314,0.217948717948718,13
MSdm3,PPT_sp,43.6488192647315,0.217948717948718,13
MSdm3,PPT.dormant,42.3791406064984,0.217948717948718,13
MSdm3,CMI,41.1494115343183,0.217948717948718,13
MSdm3,MAP,40.53522997096,0.217948717948718,13
MSdm3,MSP,40.4153946615688,0.217948717948718,13
MSdm3,PPT_MJ,37.0922370694376,0.217948717948718,13
MSdv,eFFP,27.3508583957386,0.127777777777778,6
MSdv,NFFD_at,21.0819246343863,0.127777777777778,6
MSdv,PPT_sp,20.3614646589592,0.127777777777778,6
MSdv,Tmax_wt,20.0240365109993,0.127777777777778,6
MSdv,DD_0_at,18.5273657010876,0.127777777777778,6
MSdv,Tmax,18.4289099278691,0.127777777777778,6
MSdv,PAS_sp,17.0471916497823,0.127777777777778,6
MSdv,MAP,17.0436698060328,0.127777777777778,6
MSdv,Eref_at,15.7134302204218,0.127777777777778,6
MSdv,Tmin_at,15.5088461632148,0.127777777777778,6
MSdw,Tmin_wt,68.5899260863283,0.212857142857143,14
MSdw,NFFD_wt,58.7257234598191,0.212857142857143,14
MSdw,EMT,56.4611873834247,0.212857142857143,14
MSdw,MCMT,53.6213161867296,0.212857142857143,14
MSdw,TD,50.0970502017446,0.212857142857143,14
MSdw,PPT.dormant,50.0336670791481,0.212857142857143,14
MSdw,Eref_sp,48.8167778584055,0.212857142857143,14
MSdw,Tmax_sp,47.2075643333881,0.212857142857143,14
MSdw,PAS_wt,44.3553707725017,0.212857142857143,14
MSdw,Eref_at,38.4753384197863,0.212857142857143,14
MSdw_MT,PPT_MJ,147.198934254761,0.159726740403383,41
MSdw_MT,Tmin_wt,139.19120446533,0.159726740403383,41
MSdw_MT,Eref_at,135.791324576529,0.159726740403383,41
MSdw_MT,NFFD_wt,125.942164783497,0.159726740403383,41
MSdw_MT,PAS_wt,124.685095642951,0.159726740403383,41
MSdw_MT,PPT.dormant,124.34987641419,0.159726740403383,41
MSdw_MT,PPT_sm,116.463860283885,0.159726740403383,41
MSdw_MT,PPT_JAS,115.361194678371,0.159726740403383,41
MSdw_MT,MSP,113.538611454708,0.159726740403383,41
MSdw_MT,TD,110.330512220871,0.159726740403383,41
MSmm_ID,Eref_at,148.424858372771,0.143397654180855,36
MSmm_ID,PPT_MJ,124.895902005656,0.143397654180855,36
MSmm_ID,PPT_JAS,113.439423949284,0.143397654180855,36
MSmm_ID,Tmax_wt,110.377340128807,0.143397654180855,36
MSmm_ID,PPT.dormant,107.133408511533,0.143397654180855,36
MSmm_ID,PAS_wt,106.249895317682,0.143397654180855,36
MSmm_ID,DD5_sp,101.920880395772,0.143397654180855,36
MSmm_ID,TD,100.121027669244,0.143397654180855,36
MSmm_ID,DD18_sp,98.4649076489746,0.143397654180855,36
MSmm_ID,Tmin_wt,98.3510577988553,0.143397654180855,36
MSxh_OR,TD,99.6305217340041,0.13074665797196,21
MSxh_OR,Eref_at,88.8130425835999,0.13074665797196,21
MSxh_OR,PPT.dormant,71.3452374226722,0.13074665797196,21
MSxh_OR,EXT,67.6198621445406,0.13074665797196,21
MSxh_OR,PPT_JAS,66.4788992748953,0.13074665797196,21
MSxh_OR,CMD.total,66.2272346140051,0.13074665797196,21
MSxh_OR,PAS_wt,64.03005097321,0.13074665797196,21
MSxh_OR,MAP,61.6358813750213,0.13074665797196,21
MSxh_OR,TmaxJuly,57.9524157878092,0.13074665797196,21
MSxh_OR,AHM,55.0516214167914,0.13074665797196,21
MSxk_WA,Eref_at,134.755486487754,0.119870908252651,29
MSxk_WA,PPT_MJ,128.708616790471,0.119870908252651,29
MSxk_WA,TD,104.870706132091,0.119870908252651,29
MSxk_WA,PPT.dormant,96.5440279079689,0.119870908252651,29
MSxk_WA,PPT_JAS,90.98555982621,0.119870908252651,29
MSxk_WA,PAS_wt,88.164546735963,0.119870908252651,29
MSxk_WA,MSP,85.640929432911,0.119870908252651,29
MSxk_WA,PPT_sm,81.6868414170382,0.119870908252651,29
MSxk_WA,Tmin_wt,80.5138097568709,0.119870908252651,29
MSxk_WA,NFFD_wt,78.6846013768938,0.119870908252651,29
MSxk1,DD5_sp,26.7633948680693,0.175833333333333,8
MSxk1,DD_18_sp,26.4964785734322,0.175833333333333,8
MSxk1,CMD_at,25.6454000743715,0.175833333333333,8
MSxk1,Tave_sp,25.6408649105053,0.175833333333333,8
MSxk1,NFFD_sp,25.368268426697,0.175833333333333,8
MSxk1,Tmax_sp,25.1315396682855,0.175833333333333,8
MSxk1,PPT_JAS,24.1916297900889,0.175833333333333,8
MSxk1,CMDMax,23.9581829690325,0.175833333333333,8
MSxk1,PPT,22.1832400662431,0.175833333333333,8
MSxk1,DD18_sp,21.7666155416943,0.175833333333333,8
MSxk2,TD,43.7624071620202,0.170909090909091,11
MSxk2,MCMT,35.2978422495284,0.170909090909091,11
MSxk2,Tmax_sm,34.3037581908136,0.170909090909091,11
MSxk2,PPT_JAS,34.277183254516,0.170909090909091,11
MSxk2,CMD_sp,33.5802856637373,0.170909090909091,11
MSxk2,PPT_sp,33.4163240363339,0.170909090909091,11
MSxk2,CMD.grow,31.675355712266,0.170909090909091,11
MSxk2,Tmin_wt,29.8913875672165,0.170909090909091,11
MSxk2,MSP,29.4324418976729,0.170909090909091,11
MSxk2,PPT_MJ,29.0969484409405,0.170909090909091,11
MSxk3,Tmin_wt,58.6321734808314,0.1467365412101,14
MSxk3,EMT,55.1692262644628,0.1467365412101,14
MSxk3,PAS_wt,53.9761999719771,0.1467365412101,14
MSxk3,PAS_at,53.3517313425141,0.1467365412101,14
MSxk3,NFFD_wt,51.2386520821535,0.1467365412101,14
MSxk3,PPT.dormant,44.2804141368755,0.1467365412101,14
MSxk3,DD18_sp,41.2444021890522,0.1467365412101,14
MSxk3,PPT_JAS,38.8925984635454,0.1467365412101,14
MSxk3,Tmin,37.8964607347271,0.1467365412101,14
MSxk3,MCMT,37.0255686032819,0.1467365412101,14
MSxm_CO,Eref_at,112.897527548464,0.133588761174968,27
MSxm_CO,PPT_MJ,102.971833561678,0.133588761174968,27
MSxm_CO,EXT,84.6884411283311,0.133588761174968,27
MSxm_CO,PPT.dormant,82.0859791565463,0.133588761174968,27
MSxm_CO,PPT_JAS,81.8752081479255,0.133588761174968,27
MSxm_CO,Tmax_sm,80.0508786686178,0.133588761174968,27
MSxm_CO,PAS_wt,78.780074141338,0.133588761174968,27
MSxm_CO,Eref_sp,76.7968154561118,0.133588761174968,27
MSxm_CO,TmaxJuly,76.7574188396408,0.133588761174968,27
MSxm_CO,NFFD_wt,75.0265550857292,0.133588761174968,27
MSxv,PAS_at,79.4229278456961,0.159333333333333,20
MSxv,Eref_at,72.9001708081319,0.159333333333333,20
MSxv,Tmax_wt,66.8183707540795,0.159333333333333,20
MSxv,CMD_at,64.7253466950301,0.159333333333333,20
MSxv,DD18_wt,63.06621804934,0.159333333333333,20
MSxv,PPT_JAS,63.0002950000444,0.159333333333333,20
MSxv,PPT.dormant,58.5532484462055,0.159333333333333,20
MSxv,TD,57.2153503740937,0.159333333333333,20
MSxv,MAP,51.6752113277442,0.159333333333333,20
MSxv,EMT,51.1192563958851,0.159333333333333,20
MSxx_NV,Eref_at,134.87729026171,0.11288144747502,25
MSxx_NV,TD,92.0710389363563,0.11288144747502,25
MSxx_NV,PPT.dormant,90.234348715736,0.11288144747502,25
MSxx_NV,PPT_JAS,89.8722071515634,0.11288144747502,25
MSxx_NV,PAS_wt,88.8268553530236,0.11288144747502,25
MSxx_NV,TmaxJuly,85.7451553583951,0.11288144747502,25
MSxx_NV,EXT,80.8654240218178,0.11288144747502,25
MSxx_NV,Tmax_sm,80.4851827381627,0.11288144747502,25
MSxx_NV,Tmin_wt,76.2273246932378,0.11288144747502,25
MSxx_NV,CMDMax,75.4098560478138,0.11288144747502,25
OWdm_OR,PPT.dormant,50.8539040072134,0.0933583959899749,12
OWdm_OR,CMD_at,46.6114065215363,0.0933583959899749,12
OWdm_OR,MAP,46.1826841189375,0.0933583959899749,12
OWdm_OR,PPT,45.5743432037755,0.0933583959899749,12
OWdm_OR,PPT_sp,40.9601995434142,0.0933583959899749,12
OWdm_OR,CMD.total,40.9044039140277,0.0933583959899749,12
OWdm_OR,TD,39.7734360959163,0.0933583959899749,12
OWdm_OR,AHM,38.7025763446784,0.0933583959899749,12
OWdm_OR,PAS_wt,37.7357361098745,0.0933583959899749,12
OWdm_OR,PAS_sp,32.599194821439,0.0933583959899749,12
OWmm_OR,NFFD_sp,20.5331476383856,0.0552763819095477,4
OWmm_OR,CMD_at,17.8524362283427,0.0552763819095477,4
OWmm_OR,PPT_sm,16.8606303021465,0.0552763819095477,4
OWmm_OR,SHM,16.012844784765,0.0552763819095477,4
OWmm_OR,PPT_JAS,15.980385813481,0.0552763819095477,4
OWmm_OR,PAS_sp,15.2125037785495,0.0552763819095477,4
OWmm_OR,Tmin_sp,15.1064699453535,0.0552763819095477,4
OWmm_OR,Tmax_wt,14.5429597781309,0.0552763819095477,4
OWmm_OR,DD_0,13.4958875866085,0.0552763819095477,4
OWmm_OR,bFFP,13.098118934422,0.0552763819095477,4
PPmx_WY,CMD_at,29.8047011330318,0.123076923076923,8
PPmx_WY,EXT,22.7733089116378,0.123076923076923,8
PPmx_WY,Tmax_sm,22.0752534244737,0.123076923076923,8
PPmx_WY,Tmax_sp,20.2774250924598,0.123076923076923,8
PPmx_WY,PAS_sp,17.1784279715352,0.123076923076923,8
PPmx_WY,DD5_sp,16.5620341166057,0.123076923076923,8
PPmx_WY,Tave_sp,16.2674460473561,0.123076923076923,8
PPmx_WY,Eref_at,15.0738668936014,0.123076923076923,8
PPmx_WY,FFP,14.7511121285919,0.123076923076923,8
PPmx_WY,DD18_sp,14.3299581025408,0.123076923076923,8
PPxh_CO,PPT_JAS,75.4348326282188,0.0975609756097561,15
PPxh_CO,SHM,61.0166785356437,0.0975609756097561,15
PPxh_CO,PPT_sm,53.8893176388518,0.0975609756097561,15
PPxh_CO,MSP,49.8532667425306,0.0975609756097561,15
PPxh_CO,TD,45.5483341773345,0.0975609756097561,15
PPxh_CO,CMDMax,37.9474346401841,0.0975609756097561,15
PPxh_CO,MAP,34.4008539906915,0.0975609756097561,15
PPxh_CO,PPT,33.4972913550413,0.0975609756097561,15
PPxh_CO,PPT.dormant,33.440643467287,0.0975609756097561,15
PPxh_CO,PAS_wt,31.044865191135,0.0975609756097561,15
PPxh_WA,Eref_at,172.790922953503,0.102754491017964,28
PPxh_WA,PPT_MJ,119.109269406447,0.102754491017964,28
PPxh_WA,MSP,108.05677408126,0.102754491017964,28
PPxh_WA,PPT_sm,99.1651692821842,0.102754491017964,28
PPxh_WA,PPT_JAS,93.3253125468774,0.102754491017964,28
PPxh_WA,TD,93.1001644931962,0.102754491017964,28
PPxh_WA,SHM,79.0922245994908,0.102754491017964,28
PPxh_WA,Eref_sm,78.0931046438381,0.102754491017964,28
PPxh_WA,Tmax_wt,75.8210735905623,0.102754491017964,28
PPxh_WA,PAS_wt,73.8245356850498,0.102754491017964,28
PPxh1,PPT_JAS,34.7369771149071,0.0788888888888889,6
PPxh1,CMD_sm,34.1035370417643,0.0788888888888889,6
PPxh1,CMDMax,33.9304594463571,0.0788888888888889,6
PPxh1,CMD_at,32.8561912909357,0.0788888888888889,6
PPxh1,PPT_sm,28.746514135868,0.0788888888888889,6
PPxh1,CMD.grow,23.1437285136669,0.0788888888888889,6
PPxh1,PAS_at,22.3257392685113,0.0788888888888889,6
PPxh1,CMD,22.1078736931869,0.0788888888888889,6
PPxh1,MSP,21.486542833575,0.0788888888888889,6
PPxh1,Tmax_sm,20.5369716533024,0.0788888888888889,6
PPxh2,CMI,39.4308526335633,0.166666666666667,8
PPxh2,PPT.dormant,37.4857713606389,0.166666666666667,8
PPxh2,PPT_sp,33.2063901736109,0.166666666666667,8
PPxh2,PAS,31.2535324620569,0.166666666666667,8
PPxh2,PAS_at,28.8045849679603,0.166666666666667,8
PPxh2,TD,27.5647229544033,0.166666666666667,8
PPxh2,MAP,27.07078670967,0.166666666666667,8
PPxh2,CMD.total,26.4668786302638,0.166666666666667,8
PPxh2,PPT_sm,25.5534553047256,0.166666666666667,8
PPxh2,PPT,25.3971201482101,0.166666666666667,8
PPxk_OR,TD,41.0741175741158,0.100393700787402,7
PPxk_OR,CMI,33.5066368313255,0.100393700787402,7
PPxk_OR,PAS_wt,29.3054764829009,0.100393700787402,7
PPxk_OR,PPT.dormant,28.1871077082602,0.100393700787402,7
PPxk_OR,Tmin_sm,24.9897326104291,0.100393700787402,7
PPxk_OR,PAS,24.795970831782,0.100393700787402,7
PPxk_OR,PPT_sp,24.117459964164,0.100393700787402,7
PPxk_OR,AHM,23.7589458383445,0.100393700787402,7
PPxk_OR,MAP,23.6442140480177,0.100393700787402,7
PPxk_OR,PPT,21.6529882218298,0.100393700787402,7
PPxm_OR,Eref_at,125.390333442678,0.12241653418124,30
PPxm_OR,TD,122.900676455788,0.12241653418124,30
PPxm_OR,PPT.dormant,122.309390527026,0.12241653418124,30
PPxm_OR,CMD_at,109.146852417386,0.12241653418124,30
PPxm_OR,MAP,97.5079727810544,0.12241653418124,30
PPxm_OR,PPT_sm,88.6553630934232,0.12241653418124,30
PPxm_OR,PAS_wt,87.0159607267207,0.12241653418124,30
PPxm_OR,PPT_JAS,84.8655793758679,0.12241653418124,30
PPxm_OR,PPT,84.2748411240785,0.12241653418124,30
PPxm_OR,CMD.total,81.8026304862197,0.12241653418124,30
PPxw_MT,Eref_at,98.6899396187543,0.134879462923406,24
PPxw_MT,PPT_MJ,84.5101912422819,0.134879462923406,24
PPxw_MT,SHM,77.4536025353062,0.134879462923406,24
PPxw_MT,PAS_wt,77.0433163348025,0.134879462923406,24
PPxw_MT,PPT_JAS,75.7296830368816,0.134879462923406,24
PPxw_MT,PPT_sm,70.1955004427873,0.134879462923406,24
PPxw_MT,PPT.dormant,69.5841014171583,0.134879462923406,24
PPxw_MT,NFFD_wt,60.5058083293345,0.134879462923406,24
PPxw_MT,Tmin_wt,60.2118466349425,0.134879462923406,24
PPxw_MT,MSP,59.1577856633969,0.134879462923406,24
PPxw_WY,PPT_JAS,51.7627851864937,0.136410788381743,16
PPxw_WY,PPT_MJ,51.4749971301493,0.136410788381743,16
PPxw_WY,SHM,50.9843194751228,0.136410788381743,16
PPxw_WY,MSP,42.8631568667768,0.136410788381743,16
PPxw_WY,Eref_at,42.3779782186194,0.136410788381743,16
PPxw_WY,EXT,40.7608117621946,0.136410788381743,16
PPxw_WY,DD18_sp,40.1968593252896,0.136410788381743,16
PPxw_WY,AHM,37.7348741186345,0.136410788381743,16
PPxw_WY,CMD_at,36.5386952925608,0.136410788381743,16
PPxw_WY,CMD_sp,36.1866307367264,0.136410788381743,16
PPxx_OR,CMD.total,48.7253496149008,0.076080340839927,11
PPxx_OR,MCMT,47.1682100769961,0.076080340839927,11
PPxx_OR,Eref_at,44.965771807583,0.076080340839927,11
PPxx_OR,CMD_at,42.9436722698676,0.076080340839927,11
PPxx_OR,Tmax_wt,40.3411559563213,0.076080340839927,11
PPxx_OR,PPT.dormant,39.7925748682965,0.076080340839927,11
PPxx_OR,AHM,39.3059165110303,0.076080340839927,11
PPxx_OR,PPT,37.8361784208601,0.076080340839927,11
PPxx_OR,MAP,36.1426296718352,0.076080340839927,11
PPxx_OR,PAS_wt,33.2365220708282,0.076080340839927,11
SASbo,DD5_at,17.5057084106762,0.0688888888888889,3
SASbo,DD18_at,15.4202197109649,0.0688888888888889,3
SASbo,AHM,11.7258255351543,0.0688888888888889,3
SASbo,MAP,11.2007141767837,0.0688888888888889,3
SASbo,PAS,10.4984450923674,0.0688888888888889,3
SASbo,NFFD_sp,10.3159951809993,0.0688888888888889,3
SASbo,Tave_sm,10.2657455708359,0.0688888888888889,3
SASbo,DD5_sp,9.89416290648585,0.0688888888888889,3
SASbo,DD18,9.41288436151483,0.0688888888888889,3
SASbo,DD18_sm,9.15136523062769,0.0688888888888889,3
SBAPcp,Eref_sm,28.9902180393386,0.0693333333333333,5
SBAPcp,DD5_wt,23.983498098815,0.0693333333333333,5
SBAPcp,Tave_wt,19.4929179245452,0.0693333333333333,5
SBAPcp,DD_0_at,19.2428559139895,0.0693333333333333,5
SBAPcp,CMD_sm,18.9731727332713,0.0693333333333333,5
SBAPcp,PPT,17.1361800873667,0.0693333333333333,5
SBAPcp,NFFD_wt,16.2584863996241,0.0693333333333333,5
SBAPcp,Eref,15.7050746034346,0.0693333333333333,5
SBAPcp,AHM,15.3310680977897,0.0693333333333333,5
SBAPcp,CMD.grow,15.2711044797755,0.0693333333333333,5
SBAPfp,CMDMax,30.4790748496573,0.0685714285714286,7
SBAPfp,Eref_sm,29.4763481578557,0.0685714285714286,7
SBAPfp,CMD_sm,26.8961315623563,0.0685714285714286,7
SBAPfp,NFFD_wt,24.9398022213608,0.0685714285714286,7
SBAPfp,CMD.grow,24.8525680131232,0.0685714285714286,7
SBAPfp,DD5_wt,23.0293732610903,0.0685714285714286,7
SBAPfp,Eref_at,21.8809125373777,0.0685714285714286,7
SBAPfp,DD5,21.01250991521,0.0685714285714286,7
SBAPfp,DD5.grow,20.5163247169003,0.0685714285714286,7
SBAPfp,Tmin_wt,20.2735054144819,0.0685714285714286,7
SBPSdc,Eref_at,52.2598601511061,0.139259259259259,9
SBPSdc,CMD_at,45.5922041587115,0.139259259259259,9
SBPSdc,PPT_MJ,38.2835499048879,0.139259259259259,9
SBPSdc,PPT_sm,31.8928320059756,0.139259259259259,9
SBPSdc,MAT,26.3368150908428,0.139259259259259,9
SBPSdc,PAS_at,25.3741091283655,0.139259259259259,9
SBPSdc,DD_18,23.9766465136632,0.139259259259259,9
SBPSdc,PPT_JAS,22.9662374882475,0.139259259259259,9
SBPSdc,MSP,22.5344774634315,0.139259259259259,9
SBPSdc,Tave,21.6828732985821,0.139259259259259,9
SBPSmc,CMD_at,51.2579594208026,0.134074074074074,9
SBPSmc,Eref_at,48.3620719130514,0.134074074074074,9
SBPSmc,PPT_MJ,29.3312907239468,0.134074074074074,9
SBPSmc,PAS_at,28.2932017578706,0.134074074074074,9
SBPSmc,CMD.grow,28.2533447427679,0.134074074074074,9
SBPSmc,Tmax_wt,27.2417779578253,0.134074074074074,9
SBPSmc,Eref,26.6099077575976,0.134074074074074,9
SBPSmc,PPT_JAS,25.8157062122614,0.134074074074074,9
SBPSmc,MSP,24.9242553108643,0.134074074074074,9
SBPSmc,Eref_sm,24.8971018598524,0.134074074074074,9
SBPSmk,PPT_sm,61.6396180716744,0.139047619047619,14
SBPSmk,PPT_MJ,58.2144225280969,0.139047619047619,14
SBPSmk,MSP,44.0802916011798,0.139047619047619,14
SBPSmk,Eref_at,42.8387543293474,0.139047619047619,14
SBPSmk,CMD_at,42.7812332145562,0.139047619047619,14
SBPSmk,DD18_wt,42.3176315267277,0.139047619047619,14
SBPSmk,PAS_at,41.7135390515738,0.139047619047619,14
SBPSmk,Tmin_sp,40.5178309769063,0.139047619047619,14
SBPSmk,PPT_JAS,40.3537108401106,0.139047619047619,14
SBPSmk,NFFD,36.3462316435425,0.139047619047619,14
SBPSxc,PPT_sm,36.1718395371105,0.125333333333333,10
SBPSxc,CMD_at,33.8712644966344,0.125333333333333,10
SBPSxc,PAS_at,33.7245616348364,0.125333333333333,10
SBPSxc,DD18_wt,32.5535873546215,0.125333333333333,10
SBPSxc,Tave_wt,30.8448987646122,0.125333333333333,10
SBPSxc,PPT_sp,30.1178277216625,0.125333333333333,10
SBPSxc,DD_18_wt,29.7628724540535,0.125333333333333,10
SBPSxc,PPT_MJ,29.0240631953498,0.125333333333333,10
SBPSxc,PPT.dormant,28.1988943037548,0.125333333333333,10
SBPSxc,EMT,28.1249262161047,0.125333333333333,10
SBSdh1,MCMT,29.9460992645467,0.152222222222222,6
SBSdh1,Tmin_at,21.7054131702508,0.152222222222222,6
SBSdh1,Tmin,21.4175593549268,0.152222222222222,6
SBSdh1,DD18_wt,20.0232945779741,0.152222222222222,6
SBSdh1,EMT,19.829558290713,0.152222222222222,6
SBSdh1,Tmin_wt,19.2763842542632,0.152222222222222,6
SBSdh1,NFFD_at,19.0676590397948,0.152222222222222,6
SBSdh1,TD,19.0298448670021,0.152222222222222,6
SBSdh1,PPT_MJ,18.6920292739392,0.152222222222222,6
SBSdh1,DD5_wt,16.1994378220468,0.152222222222222,6
SBSdh2,NFFD_wt,33.1806150209663,0.13692480359147,6
SBSdh2,MCMT,32.491839843447,0.13692480359147,6
SBSdh2,PPT.dormant,23.7228150499436,0.13692480359147,6
SBSdh2,DD18_wt,22.9896849029128,0.13692480359147,6
SBSdh2,Tmin_wt,21.9775515719103,0.13692480359147,6
SBSdh2,EMT,21.6001329569831,0.13692480359147,6
SBSdh2,PAS_wt,21.4687339034024,0.13692480359147,6
SBSdh2,TD,19.426711716937,0.13692480359147,6
SBSdh2,Tmin,18.0566397151328,0.13692480359147,6
SBSdh2,Eref,17.3584969294133,0.13692480359147,6
SBSdk,Eref_at,62.4746622615875,0.138872043662826,11
SBSdk,Tmin_wt,53.7197232821811,0.138872043662826,11
SBSdk,PPT_MJ,43.5766029132936,0.138872043662826,11
SBSdk,PPT_JAS,42.5831026578599,0.138872043662826,11
SBSdk,NFFD_wt,41.8496899550248,0.138872043662826,11
SBSdk,EMT,39.4500013790459,0.138872043662826,11
SBSdk,MSP,39.3257961308812,0.138872043662826,11
SBSdk,CMD_at,37.4777807282776,0.138872043662826,11
SBSdk,Tmax_wt,36.7417008716856,0.138872043662826,11
SBSdk,DD_18_wt,32.5482723576816,0.138872043662826,11
SBSdw1,Tmin_wt,69.8973076782953,0.162222222222222,12
SBSdw1,EMT,49.7986236953513,0.162222222222222,12
SBSdw1,NFFD_wt,48.0554204771533,0.162222222222222,12
SBSdw1,MCMT,47.4434118151189,0.162222222222222,12
SBSdw1,Eref_at,40.6316617774048,0.162222222222222,12
SBSdw1,DD18_wt,33.174512247729,0.162222222222222,12
SBSdw1,Eref,31.1805525652691,0.162222222222222,12
SBSdw1,DD_18_wt,31.0821810423391,0.162222222222222,12
SBSdw1,DD5_sp,30.6802561425804,0.162222222222222,12
SBSdw1,Tave_wt,30.1472949016193,0.162222222222222,12
SBSdw2,Eref_at,55.1659085655432,0.155897435897436,13
SBSdw2,PPT_sm,47.9363180172035,0.155897435897436,13
SBSdw2,CMD_at,45.11983136798,0.155897435897436,13
SBSdw2,PPT_JAS,43.6869997508473,0.155897435897436,13
SBSdw2,PPT_MJ,42.3941434060945,0.155897435897436,13
SBSdw2,MSP,41.9568738402038,0.155897435897436,13
SBSdw2,CMD.grow,40.4366433597926,0.155897435897436,13
SBSdw2,PPT.dormant,39.2624327431,0.155897435897436,13
SBSdw2,SHM,36.0685798148018,0.155897435897436,13
SBSdw2,DD18_wt,33.7823578477763,0.155897435897436,13
SBSdw3,PPT_sm,45.0722095677608,0.0978502594514455,9
SBSdw3,PPT_MJ,36.944579124035,0.0978502594514455,9
SBSdw3,MSP,32.9881348530798,0.0978502594514455,9
SBSdw3,PPT_sp,32.9849199400795,0.0978502594514455,9
SBSdw3,Eref_at,27.5628953558656,0.0978502594514455,9
SBSdw3,PAS_wt,27.2012087404547,0.0978502594514455,9
SBSdw3,Tmax_wt,26.7403737170467,0.0978502594514455,9
SBSdw3,DD5.grow,25.4817408209131,0.0978502594514455,9
SBSdw3,Tave_wt,25.1559041283976,0.0978502594514455,9
SBSdw3,MAP,23.7709956419001,0.0978502594514455,9
SBSmc1,MSP,35.2696734670566,0.140740740740741,9
SBSmc1,Tmin_wt,34.1873614614235,0.140740740740741,9
SBSmc1,PPT_sm,32.0813450330217,0.140740740740741,9
SBSmc1,NFFD_wt,31.6872652102122,0.140740740740741,9
SBSmc1,PPT_MJ,31.5939558684927,0.140740740740741,9
SBSmc1,EMT,31.3860667255798,0.140740740740741,9
SBSmc1,PPT_JAS,31.0926990230844,0.140740740740741,9
SBSmc1,Tmax_sm,28.9042471793806,0.140740740740741,9
SBSmc1,Tmax_sp,28.2062864863516,0.140740740740741,9
SBSmc1,MCMT,27.106755966687,0.140740740740741,9
SBSmc2,Eref_at,99.2528933053745,0.177784222737819,23
SBSmc2,Tmax_wt,82.2789414586604,0.177784222737819,23
SBSmc2,PPT.dormant,78.6590441251539,0.177784222737819,23
SBSmc2,DD5_wt,75.2671279176799,0.177784222737819,23
SBSmc2,DD_0_wt,72.5739323379568,0.177784222737819,23
SBSmc2,PPT_JAS,66.7641951332767,0.177784222737819,23
SBSmc2,MCMT,62.5834248414103,0.177784222737819,23
SBSmc2,PAS_wt,62.0598443865925,0.177784222737819,23
SBSmc2,DD18_wt,60.8958417799386,0.177784222737819,23
SBSmc2,PPT_sm,59.80204875742,0.177784222737819,23
SBSmc3,CMD_at,47.56212431428,0.144859813084112,10
SBSmc3,Eref_at,43.3564568125103,0.144859813084112,10
SBSmc3,Tmax_wt,32.4929650797677,0.144859813084112,10
SBSmc3,PPT_MJ,28.3878165051032,0.144859813084112,10
SBSmc3,DD5_sp,27.5686709845083,0.144859813084112,10
SBSmc3,Tmin,25.7357735841839,0.144859813084112,10
SBSmc3,PPT.dormant,24.8947933916589,0.144859813084112,10
SBSmc3,DD18_sp,24.5970483703853,0.144859813084112,10
SBSmc3,Eref_sp,24.4683921597393,0.144859813084112,10
SBSmc3,NFFD_at,24.3804405280115,0.144859813084112,10
SBSmh,PPT_JAS,66.6015521960345,0.138666666666667,10
SBSmh,PPT_sm,48.7130851483714,0.138666666666667,10
SBSmh,MSP,41.3331038504233,0.138666666666667,10
SBSmh,PPT,40.1861691335288,0.138666666666667,10
SBSmh,CMD_at,39.3605282909681,0.138666666666667,10
SBSmh,MAP,38.6580108589536,0.138666666666667,10
SBSmh,PPT_MJ,36.7376390850152,0.138666666666667,10
SBSmh,PPT.dormant,35.1353799738281,0.138666666666667,10
SBSmh,MCMT,32.1114097062056,0.138666666666667,10
SBSmh,Eref_at,30.8225096736419,0.138666666666667,10
SBSmk1,PPT_sp,61.3262343029716,0.126310772163966,14
SBSmk1,Tave_wt,56.5454709999836,0.126310772163966,14
SBSmk1,PPT_MJ,56.1941539994862,0.126310772163966,14
SBSmk1,DD5_wt,51.3712585317072,0.126310772163966,14
SBSmk1,MSP,50.4831989096577,0.126310772163966,14
SBSmk1,TD,46.6496584070679,0.126310772163966,14
SBSmk1,PPT_JAS,46.6486785179226,0.126310772163966,14
SBSmk1,Tmax_wt,43.9054049108957,0.126310772163966,14
SBSmk1,PPT_sm,42.3875497078919,0.126310772163966,14
SBSmk1,DD18_wt,40.7394764518193,0.126310772163966,14
SBSmk2,PPT_JAS,43.5229854421403,0.171111111111111,9
SBSmk2,CMDMax,32.7449432920006,0.171111111111111,9
SBSmk2,MSP,32.7403971991461,0.171111111111111,9
SBSmk2,Tmin_at,31.2053412208882,0.171111111111111,9
SBSmk2,DD_0_at,30.0209636392711,0.171111111111111,9
SBSmk2,PPT_MJ,29.5709453292537,0.171111111111111,9
SBSmk2,TD,28.8912981632053,0.171111111111111,9
SBSmk2,PPT_sm,28.4714198451783,0.171111111111111,9
SBSmk2,Tmin,27.3809625687592,0.171111111111111,9
SBSmk2,PAS_sp,27.3091571684124,0.171111111111111,9
SBSmm,NFFD_wt,49.1451455801515,0.189230769230769,13
SBSmm,Tmin_wt,45.3265278700841,0.189230769230769,13
SBSmm,PPT,44.9055275117696,0.189230769230769,13
SBSmm,MAP,44.787079855857,0.189230769230769,13
SBSmm,EMT,44.3527439775244,0.189230769230769,13
SBSmm,Tmax_sm,42.1200404158369,0.189230769230769,13
SBSmm,MCMT,40.9737820138601,0.189230769230769,13
SBSmm,PPT_MJ,40.5512049042115,0.189230769230769,13
SBSmm,PAS_wt,39.7012292216203,0.189230769230769,13
SBSmm,MSP,38.2647149846965,0.189230769230769,13
SBSmw,MSP,47.8973790617545,0.153333333333333,10
SBSmw,PPT_sm,43.1770098615763,0.153333333333333,10
SBSmw,PPT_JAS,34.374214284031,0.153333333333333,10
SBSmw,PPT_MJ,32.8059348297012,0.153333333333333,10
SBSmw,Eref_at,32.7894657393239,0.153333333333333,10
SBSmw,DD18_wt,31.2965140240182,0.153333333333333,10
SBSmw,MAP,30.1760610885098,0.153333333333333,10
SBSmw,Tmax_sm,29.6123583236693,0.153333333333333,10
SBSmw,Tmin_wt,29.2195116369312,0.153333333333333,10
SBSmw,PPT_sp,27.4851199820146,0.153333333333333,10
SBSun,PPT_sp,36.4565567667811,0.162222222222222,9
SBSun,PAS_sp,33.5344433989041,0.162222222222222,9
SBSun,PPT.dormant,32.0805541854935,0.162222222222222,9
SBSun,EMT,32.0030437802847,0.162222222222222,9
SBSun,PAS_wt,31.366531870778,0.162222222222222,9
SBSun,PPT_MJ,31.1604965548802,0.162222222222222,9
SBSun,Tmax_wt,30.4681693313001,0.162222222222222,9
SBSun,DD18_wt,26.0550701219769,0.162222222222222,9
SBSun,CMD_sp,24.5290215416067,0.162222222222222,9
SBSun,DD_0_wt,24.3060876709639,0.162222222222222,9
SBSvk,TD,63.5518100699114,0.21025641025641,13
SBSvk,MCMT,55.9644534441798,0.21025641025641,13
SBSvk,Tmin_wt,55.1323943702282,0.21025641025641,13
SBSvk,NFFD_wt,45.2096472327396,0.21025641025641,13
SBSvk,DD_0_wt,42.3308947716905,0.21025641025641,13
SBSvk,DD_18_wt,42.2284272355927,0.21025641025641,13
SBSvk,Tmax_wt,40.0932894934606,0.21025641025641,13
SBSvk,Tave_wt,39.3380566523507,0.21025641025641,13
SBSvk,DD18_wt,39.2314107713516,0.21025641025641,13
SBSvk,DD5_wt,39.0943675198692,0.21025641025641,13
SBSwk1,PPT_JAS,49.7945211066142,0.15,10
SBSwk1,Tmin_wt,37.6543461927187,0.15,10
SBSwk1,PPT_sm,35.8241149709809,0.15,10
SBSwk1,NFFD_wt,35.7637208139415,0.15,10
SBSwk1,MSP,32.4237403929916,0.15,10
SBSwk1,DD5_sp,31.5767689105266,0.15,10
SBSwk1,EMT,30.0544469815339,0.15,10
SBSwk1,MCMT,29.0841535039816,0.15,10
SBSwk1,DD5_wt,28.701315199566,0.15,10
SBSwk1,DD5,28.0928887773775,0.15,10
SBSwk2,PAS_wt,63.2839997873588,0.161025641025641,13
SBSwk2,TD,53.0671474464287,0.161025641025641,13
SBSwk2,PPT.dormant,52.0813110007575,0.161025641025641,13
SBSwk2,PPT_sm,47.6140679161348,0.161025641025641,13
SBSwk2,MSP,45.1341641864695,0.161025641025641,13
SBSwk2,CMDMax,43.4767194737422,0.161025641025641,13
SBSwk2,Tmin_wt,40.4190746846703,0.161025641025641,13
SBSwk2,MAP,40.3673410578355,0.161025641025641,13
SBSwk2,NFFD_wt,39.8620726111054,0.161025641025641,13
SBSwk2,CMD_sm,39.3615537482323,0.161025641025641,13
SBSwk3,DD18_wt,29.253800560034,0.117908787541713,6
SBSwk3,PPT_JAS,26.8032172344944,0.117908787541713,6
SBSwk3,DD5_wt,24.3323844289361,0.117908787541713,6
SBSwk3,MSP,22.3433049019591,0.117908787541713,6
SBSwk3,DD_18_wt,21.9185030986039,0.117908787541713,6
SBSwk3,PPT_sm,20.9987860131079,0.117908787541713,6
SBSwk3,Tave_wt,20.6542382852774,0.117908787541713,6
SBSwk3,MCMT,20.0539877338173,0.117908787541713,6
SBSwk3,DD_0_wt,20.0452231663587,0.117908787541713,6
SBSwk3,TmaxJuly,18.8226333493804,0.117908787541713,6
SBSwk3a,PPT_sp,35.2088694125103,0.1425,8
SBSwk3a,MSP,24.7549108414452,0.1425,8
SBSwk3a,PAS_sp,23.3555071557304,0.1425,8
SBSwk3a,Tave,22.0390104870457,0.1425,8
SBSwk3a,DD_0_wt,21.2883393320508,0.1425,8
SBSwk3a,Tave_wt,21.0864704530191,0.1425,8
SBSwk3a,DD_18_wt,20.7736768708844,0.1425,8
SBSwk3a,PPT_sm,20.5732791272429,0.1425,8
SBSwk3a,PPT_JAS,20.537230464068,0.1425,8
SBSwk3a,TD,20.3188579264634,0.1425,8
SGPdm_CO,TD,28.0319509460635,0.058679706601467,9
SGPdm_CO,Eref_at,25.1775572808494,0.058679706601467,9
SGPdm_CO,CMDMax,24.6935849436765,0.058679706601467,9
SGPdm_CO,SHM,23.1173674570283,0.058679706601467,9
SGPdm_CO,MSP,22.7685669857571,0.058679706601467,9
SGPdm_CO,PPT_MJ,21.9944870474953,0.058679706601467,9
SGPdm_CO,DD18_sm,18.2999750581497,0.058679706601467,9
SGPdm_CO,CMD_sp,17.184307378463,0.058679706601467,9
SGPdm_CO,PPT_sm,17.1533026481355,0.058679706601467,9
SGPdm_CO,PPT_JAS,16.688374482002,0.058679706601467,9
SWBmk,PPT_MJ,62.032874423687,0.192941176470588,17
SWBmk,TD,54.9901695497479,0.192941176470588,17
SWBmk,PAS_wt,51.6880821999665,0.192941176470588,17
SWBmk,CMDMax,49.1570725440337,0.192941176470588,17
SWBmk,Eref_at,46.6981562213352,0.192941176470588,17
SWBmk,PPT_sm,46.5355322939342,0.192941176470588,17
SWBmk,Tmax_sm,46.3973414783598,0.192941176470588,17
SWBmk,Tmin_wt,45.9870427264657,0.192941176470588,17
SWBmk,Eref_sm,45.0037508987264,0.192941176470588,17
SWBmk,PPT.dormant,44.6122176292331,0.192941176470588,17
SWBmks,PAS_wt,38.0806004396228,0.239393939393939,11
SWBmks,Eref_at,36.6580391986276,0.239393939393939,11
SWBmks,PPT.dormant,35.8531605105869,0.239393939393939,11
SWBmks,PAS_at,34.1104552605735,0.239393939393939,11
SWBmks,NFFD_wt,32.3147218749064,0.239393939393939,11
SWBmks,DD18_sp,30.1200929482092,0.239393939393939,11
SWBmks,DD_0_at,29.2000054149828,0.239393939393939,11
SWBmks,PPT_JAS,28.72617628919,0.239393939393939,11
SWBmks,Tmax_sp,28.363329060857,0.239393939393939,11
SWBmks,DD5_sp,28.1082958699591,0.239393939393939,11
SWBun,PPT.dormant,39.7692548248103,0.202669902912621,11
SWBun,PAS_wt,39.0653735902847,0.202669902912621,11
SWBun,Tmax_sm,34.9023514426942,0.202669902912621,11
SWBun,Eref_at,28.8734724830578,0.202669902912621,11
SWBun,MWMT,28.5248387838193,0.202669902912621,11
SWBun,PAS_sp,28.2981975354786,0.202669902912621,11
SWBun,TD,28.1380023207837,0.202669902912621,11
SWBun,TmaxJuly,27.8110772710344,0.202669902912621,11
SWBun,NFFD_wt,27.7598001841923,0.202669902912621,11
SWBun,CMD.total,27.5348707203296,0.202669902912621,11
SWBvk,Eref,23.3492577417414,0.14238042269188,6
SWBvk,CMI,22.6885611242571,0.14238042269188,6
SWBvk,DD5_sp,22.6577691894234,0.14238042269188,6
SWBvk,MAP,19.9896937700816,0.14238042269188,6
SWBvk,PPT.dormant,19.9703776158143,0.14238042269188,6
SWBvk,DD18_sp,19.8030079989796,0.14238042269188,6
SWBvk,NFFD_sp,19.1552340972879,0.14238042269188,6
SWBvk,Tmax_sp,19.1161716931621,0.14238042269188,6
SWBvk,Eref_sp,18.4969355894172,0.14238042269188,6
SWBvk,CMD.total,17.2067856192323,0.14238042269188,6
SWBvks,CMD_sp,26.8397901196917,0.164627363737486,6
SWBvks,CMI,22.7162423884272,0.164627363737486,6
SWBvks,Tmax_sp,20.7829252837735,0.164627363737486,6
SWBvks,DD18_sp,18.2185178992825,0.164627363737486,6
SWBvks,Tave_sp,17.9486643401461,0.164627363737486,6
SWBvks,DD5.grow,17.8113564200739,0.164627363737486,6
SWBvks,PPT,16.4534886474605,0.164627363737486,6
SWBvks,MAP,16.1422606904165,0.164627363737486,6
SWBvks,DD5_sp,15.7204705881263,0.164627363737486,6
SWBvks,Tmax,15.6405977606292,0.164627363737486,6
WJPxm_OR,TD,120.178232690858,0.119571683521713,35
WJPxm_OR,PPT.dormant,117.169345135869,0.119571683521713,35
WJPxm_OR,PPT_MJ,115.764852318566,0.119571683521713,35
WJPxm_OR,Eref_at,113.674449213315,0.119571683521713,35
WJPxm_OR,PPT_sm,111.347163264679,0.119571683521713,35
WJPxm_OR,CMD_at,110.932966766322,0.119571683521713,35
WJPxm_OR,CMD.total,108.83375507102,0.119571683521713,35
WJPxm_OR,PAS_wt,101.314116716375,0.119571683521713,35
WJPxm_OR,MCMT,101.292714795389,0.119571683521713,35
WJPxm_OR,PPT,100.052287118026,0.119571683521713,35
