Focal,Var,Importance,OOB,NumberBGCs
BGdh_OR,Eref_at,167.559757109195,0.1409021794222,40
BGdh_OR,TD,146.896186464703,0.1409021794222,40
BGdh_OR,PPT.dormant,136.34001632207,0.1409021794222,40
BGdh_OR,PPT_JAS,133.815528910936,0.1409021794222,40
BGdh_OR,MSP,133.589275000223,0.1409021794222,40
BGdh_OR,PPT_sm,128.764879594857,0.1409021794222,40
BGdw_OR,Eref_at,74.5081946132088,0.120926580290538,17
BGdw_OR,PPT_MJ,68.3313500141422,0.120926580290538,17
BGdw_OR,CMD_at,63.4142715608768,0.120926580290538,17
BGdw_OR,MSP,63.0243397347649,0.120926580290538,17
BGdw_OR,TD,57.6014254356757,0.120926580290538,17
BGdw_OR,PPT.dormant,56.8748166170823,0.120926580290538,17
BGdw_WA,PPT_MJ,35.3631792721277,0.0733333333333333,6
BGdw_WA,CMD_at,33.5305535796376,0.0733333333333333,6
BGdw_WA,MSP,28.5570781659263,0.0733333333333333,6
BGdw_WA,Eref_at,26.2538261426252,0.0733333333333333,6
BGdw_WA,CMI,25.4586703316664,0.0733333333333333,6
BGdw_WA,PPT_sm,23.5807842405791,0.0733333333333333,6
BGmk_MT,Eref_at,126.640167099295,0.132028112449799,28
BGmk_MT,PPT_JAS,116.15926337704,0.132028112449799,28
BGmk_MT,PPT_MJ,114.707839295342,0.132028112449799,28
BGmk_MT,PAS_wt,93.3472758445461,0.132028112449799,28
BGmk_MT,PPT_sm,91.2993699969325,0.132028112449799,28
BGmk_MT,Tmin_wt,86.3047565204101,0.132028112449799,28
BGmk_NV,Eref_at,162.777932574735,0.136586361780319,33
BGmk_NV,PPT.dormant,129.281860414863,0.136586361780319,33
BGmk_NV,PPT_JAS,123.687998784472,0.136586361780319,33
BGmk_NV,TD,119.560369628881,0.136586361780319,33
BGmk_NV,PAS_wt,113.712932854108,0.136586361780319,33
BGmk_NV,PPT_MJ,110.7541192082,0.136586361780319,33
BGmm_MT,PPT_MJ,94.6400298420681,0.142302259887006,22
BGmm_MT,Eref_at,68.6615376135764,0.142302259887006,22
BGmm_MT,SHM,64.1983712313627,0.142302259887006,22
BGmm_MT,Tmin_wt,56.1619878340549,0.142302259887006,22
BGmm_MT,MSP,54.1222093621366,0.142302259887006,22
BGmm_MT,PPT_JAS,53.7901775662932,0.142302259887006,22
BGmw_OR,Eref_at,72.1174416528816,0.0961538461538462,17
BGmw_OR,PPT.dormant,64.8129193633036,0.0961538461538462,17
BGmw_OR,PPT_MJ,61.3623935874211,0.0961538461538462,17
BGmw_OR,TD,55.0424027855035,0.0961538461538462,17
BGmw_OR,Tmin_wt,53.3970357725425,0.0961538461538462,17
BGmw_OR,PPT_JAS,50.984810778314,0.0961538461538462,17
BGmw_WA,CMD_at,61.190506895166,0.119013750592698,15
BGmw_WA,MSP,54.7102756393391,0.119013750592698,15
BGmw_WA,PPT_JAS,51.9173900961704,0.119013750592698,15
BGmw_WA,TD,49.6526887279947,0.119013750592698,15
BGmw_WA,PPT_MJ,46.6401846829065,0.119013750592698,15
BGmw_WA,Eref_at,45.526879387252,0.119013750592698,15
BGwm_WA,CMD_at,48.2219848921512,0.113333333333333,12
BGwm_WA,MSP,46.7730290028557,0.113333333333333,12
BGwm_WA,TD,42.8116945536011,0.113333333333333,12
BGwm_WA,SHM,41.5600392920055,0.113333333333333,12
BGwm_WA,PPT_MJ,40.6826502885516,0.113333333333333,12
BGwm_WA,PPT_JAS,38.173373388315,0.113333333333333,12
BGxh_WA,Eref_at,129.983151560255,0.105330599692465,28
BGxh_WA,PPT_sm,103.349171935036,0.105330599692465,28
BGxh_WA,Tmax_wt,94.5297531482871,0.105330599692465,28
BGxh_WA,TD,92.3261191253724,0.105330599692465,28
BGxh_WA,MSP,89.8658351739858,0.105330599692465,28
BGxh_WA,CMD_at,84.1097914020752,0.105330599692465,28
BGxh1,CMD_at,32.4485844654172,0.0533333333333333,5
BGxh1,SHM,25.0938611508958,0.0533333333333333,5
BGxh1,CMD_sm,24.9084281466379,0.0533333333333333,5
BGxh1,PPT_JAS,24.8536579059122,0.0533333333333333,5
BGxh1,PPT_sm,21.916415784024,0.0533333333333333,5
BGxh1,CMD.grow,21.2155764835327,0.0533333333333333,5
BGxh2,PAS,22.2826424373121,0.126666666666667,3
BGxh2,PAS_at,13.6243171592126,0.126666666666667,3
BGxh2,CMD_sp,10.0778000206676,0.126666666666667,3
BGxh2,PPT.dormant,8.57215551863455,0.126666666666667,3
BGxh2,TD,8.317545162484,0.126666666666667,3
BGxh2,CMD.total,8.30211541381347,0.126666666666667,3
BGxh3,PPT.dormant,27.5658716624428,0.125333333333333,5
BGxh3,CMI,24.3277106249771,0.125333333333333,5
BGxh3,PAS_wt,20.0856353213873,0.125333333333333,5
BGxh3,MCMT,19.9962540006055,0.125333333333333,5
BGxh3,MAP,17.2202137399452,0.125333333333333,5
BGxh3,NFFD_wt,14.884794872265,0.125333333333333,5
BGxw1,PAS,15.9548114319913,0.155,4
BGxw1,PAS_at,14.2831045809726,0.155,4
BGxw1,PAS_sp,12.4767914159668,0.155,4
BGxw1,TmaxJuly,12.1807507098521,0.155,4
BGxw1,CMD_sp,11.356957654991,0.155,4
BGxw1,AHM,11.0941935236448,0.155,4
BGxw2,MCMT,15.0416107767492,0.135,4
BGxw2,Tmax,12.59747002997,0.135,4
BGxw2,Tmin_wt,12.3003037997241,0.135,4
BGxw2,Tmax_at,11.9453205416715,0.135,4
BGxw2,NFFD_wt,11.2652159776266,0.135,4
BGxw2,DD_0_sp,10.6978519590671,0.135,4
BGxx_WY,PPT_JAS,83.5809775027471,0.162049335863378,19
BGxx_WY,Eref_at,76.3747337132944,0.162049335863378,19
BGxx_WY,SHM,65.5374148841893,0.162049335863378,19
BGxx_WY,PPT_MJ,64.3479114814001,0.162049335863378,19
BGxx_WY,PPT_sm,62.1884414985876,0.162049335863378,19
BGxx_WY,TD,53.3268017525278,0.162049335863378,19
BGxxx_WY,PPT_JAS,69.5811690267499,0.114543726235741,15
BGxxx_WY,PPT_MJ,63.343170258906,0.114543726235741,15
BGxxx_WY,MSP,57.8514885239341,0.114543726235741,15
BGxxx_WY,PPT,54.7701397242944,0.114543726235741,15
BGxxx_WY,PPT_sm,54.2139359411234,0.114543726235741,15
BGxxx_WY,SHM,48.5831444244301,0.114543726235741,15
BSJPap,CMI,25.3815698812766,0.0506666666666667,5
BSJPap,PAS_wt,24.8237204419343,0.0506666666666667,5
BSJPap,CMD_sm,21.7817312795455,0.0506666666666667,5
BSJPap,DD18_wt,17.7840163419804,0.0506666666666667,5
BSJPap,MAT,17.3057723498938,0.0506666666666667,5
BSJPap,DD_0_wt,17.1119211091472,0.0506666666666667,5
BSJPku,PPT_JAS,22.5370506493029,0.0426666666666667,5
BSJPku,Tmin,21.7526954066471,0.0426666666666667,5
BSJPku,DD_18_at,20.0799842975086,0.0426666666666667,5
BSJPku,DD_0_at,17.2795364931253,0.0426666666666667,5
BSJPku,DD_0_wt,17.2313145863428,0.0426666666666667,5
BSJPku,CMI,15.7394034093687,0.0426666666666667,5
BSJPpa,PAS_wt,25.1806396063209,0.0373333333333333,5
BSJPpa,NFFD_wt,23.2678099139968,0.0373333333333333,5
BSJPpa,DD_0_at,18.7782360967248,0.0373333333333333,5
BSJPpa,CMI,18.6036020548218,0.0373333333333333,5
BSJPpa,EMT,18.441779792943,0.0373333333333333,5
BSJPpa,CMD.grow,17.9756140576051,0.0373333333333333,5
BWBScm,PAS_wt,27.4961853109312,0.0111111111111111,3
BWBScm,DD_18_sm,16.923788710376,0.0111111111111111,3
BWBScm,MSP,15.4721546904414,0.0111111111111111,3
BWBScm,eFFP,13.5644009093815,0.0111111111111111,3
BWBScm,Tave_sm,11.9938985250805,0.0111111111111111,3
BWBScm,PPT_sm,9.66033283065612,0.0111111111111111,3
BWBScmC,PAS_wt,55.8337451695031,0.0969230769230769,13
BWBScmC,PPT_JAS,53.8094980389278,0.0969230769230769,13
BWBScmC,CMDMax,50.6545360507072,0.0969230769230769,13
BWBScmC,PPT,43.6628515859076,0.0969230769230769,13
BWBScmC,MAP,40.8051883759881,0.0969230769230769,13
BWBScmC,CMD_at,37.9539840750207,0.0969230769230769,13
BWBScmE,NFFD_wt,33.2995761569585,0.0590476190476191,7
BWBScmE,NFFD_sm,30.6952689428062,0.0590476190476191,7
BWBScmE,PAS_wt,30.676969689971,0.0590476190476191,7
BWBScmE,DD_0_at,30.4677534384024,0.0590476190476191,7
BWBScmE,Eref_at,26.3584056820327,0.0590476190476191,7
BWBScmE,Tave_at,26.0319744208123,0.0590476190476191,7
BWBScmNW,PPT_JAS,25.8385832026258,0.08,7
BWBScmNW,Eref_sp,24.2827286291888,0.08,7
BWBScmNW,PAS_at,20.4256468004464,0.08,7
BWBScmNW,Tmin_at,19.3334839466549,0.08,7
BWBScmNW,PPT,18.6663317389674,0.08,7
BWBScmNW,PAS_wt,18.2875654593996,0.08,7
BWBScmW,CMD_at,27.3270820824911,0.0833333333333333,6
BWBScmW,DD18_sp,22.2871697068753,0.0833333333333333,6
BWBScmW,SHM,21.6337054229905,0.0833333333333333,6
BWBScmW,PPT_sm,21.1034747755367,0.0833333333333333,6
BWBScmW,DD5_sp,19.626711950506,0.0833333333333333,6
BWBScmW,MSP,19.5787442107399,0.0833333333333333,6
BWBSdk,Eref_at,85.5170134007302,0.159649122807018,19
BWBSdk,PPT_MJ,72.2129695305499,0.159649122807018,19
BWBSdk,PPT.dormant,63.4417565720877,0.159649122807018,19
BWBSdk,TD,56.5899745943104,0.159649122807018,19
BWBSdk,PPT_sm,54.487126529434,0.159649122807018,19
BWBSdk,PPT_JAS,53.4458131561352,0.159649122807018,19
BWBSdmN,PPT_JAS,35.0621929752309,0.1025,8
BWBSdmN,PPT_sm,33.4938437062243,0.1025,8
BWBSdmN,PPT_MJ,28.1084511267321,0.1025,8
BWBSdmN,DD_0_sp,28.0399399894985,0.1025,8
BWBSdmN,DD5_sp,27.1141662226052,0.1025,8
BWBSdmN,DD18,24.2313642198845,0.1025,8
BWBSdmS,Tave_wt,31.5591110028613,0.0952380952380952,7
BWBSdmS,DD5_wt,29.1302914932107,0.0952380952380952,7
BWBSdmS,DD_0,26.1203120279479,0.0952380952380952,7
BWBSdmS,PAS_wt,25.4822811696475,0.0952380952380952,7
BWBSdmS,DD_0_at,25.1563964665893,0.0952380952380952,7
BWBSdmS,CMD_at,24.356199735738,0.0952380952380952,7
BWBSlbE,DD18_sm,34.5140389626684,0.056,5
BWBSlbE,DD_18_sm,28.9713153447769,0.056,5
BWBSlbE,Tave_sm,28.9517198387804,0.056,5
BWBSlbE,DD5_sm,27.3258121067833,0.056,5
BWBSlbE,MSP,22.2648574372533,0.056,5
BWBSlbE,DD5.grow,21.6531271542962,0.056,5
BWBSlbN,Tmin_at,23.6948234157337,0.0577777777777778,6
BWBSlbN,CMD_sp,22.9883032598089,0.0577777777777778,6
BWBSlbN,DD_0_at,21.9478249881972,0.0577777777777778,6
BWBSlbN,PPT,21.6023399480204,0.0577777777777778,6
BWBSlbN,Tave_wt,17.6418966936373,0.0577777777777778,6
BWBSlbN,PAS_sp,17.0313374261967,0.0577777777777778,6
BWBSlbW,CMDMax,27.8000357554839,0.0742857142857143,7
BWBSlbW,DD5_sp,26.1240288499591,0.0742857142857143,7
BWBSlbW,DD18_sp,24.7167492015534,0.0742857142857143,7
BWBSlbW,AHM,22.5687114575836,0.0742857142857143,7
BWBSlbW,DD5,21.0082560716036,0.0742857142857143,7
BWBSlbW,DD_18_sm,19.673882435523,0.0742857142857143,7
BWBSlf,Eref_at,69.0063028331053,0.0988888888888889,12
BWBSlf,CMDMax,46.2536613498089,0.0988888888888889,12
BWBSlf,DD18_sp,44.2990699596494,0.0988888888888889,12
BWBSlf,DD_0_at,40.5176466698949,0.0988888888888889,12
BWBSlf,PPT_sm,37.5838640245141,0.0988888888888889,12
BWBSlf,PPT_JAS,35.4714956773882,0.0988888888888889,12
BWBSmk,NFFD_sm,46.5328380092168,0.0933333333333333,12
BWBSmk,PPT_MJ,44.2547270598276,0.0933333333333333,12
BWBSmk,Tmin_sm,40.3694453155523,0.0933333333333333,12
BWBSmk,Tmax_wt,37.1298922243802,0.0933333333333333,12
BWBSmk,Tmin_wt,32.810947549645,0.0933333333333333,12
BWBSmk,PPT_sm,31.7820604970298,0.0933333333333333,12
BWBSmw,DD5_sp,45.5692451821606,0.0957575757575758,11
BWBSmw,DD5_wt,38.9792742577156,0.0957575757575758,11
BWBSmw,PAS_wt,37.5231719768542,0.0957575757575758,11
BWBSmw,DD18_sp,37.3539172551136,0.0957575757575758,11
BWBSmw,DD18_wt,33.5590204404554,0.0957575757575758,11
BWBSmw,Tmax_wt,33.3763398587702,0.0957575757575758,11
BWBSnm,PAS_wt,43.7906261637831,0.0608333333333333,8
BWBSnm,Tave_at,27.2138878664171,0.0608333333333333,8
BWBSnm,DD_0,26.5078514151115,0.0608333333333333,8
BWBSnm,PAS,24.3355571108563,0.0608333333333333,8
BWBSnm,Tmin_wt,23.1096690107061,0.0608333333333333,8
BWBSnm,Tmin_at,22.3874351010927,0.0608333333333333,8
BWBSpp,CMD,18.3229694684594,0.0555555555555556,3
BWBSpp,CMD_sp,14.2090422927014,0.0555555555555556,3
BWBSpp,CMD_sm,13.9706214894474,0.0555555555555556,3
BWBSpp,CMD.total,13.4705479126003,0.0555555555555556,3
BWBSpp,MAP,12.0447824196727,0.0555555555555556,3
BWBSpp,Tmin_wt,10.7825014120037,0.0555555555555556,3
BWBSub,CMD_at,23.4446886222281,0.055,4
BWBSub,PPT_JAS,23.4247848993086,0.055,4
BWBSub,CMD_sp,20.1374167391083,0.055,4
BWBSub,DD5.grow,12.2273072804403,0.055,4
BWBSub,PAS_at,11.9512848606843,0.055,4
BWBSub,CMDMax,10.648930956266,0.055,4
BWBSuf,Eref_at,69.9458036608036,0.116969696969697,11
BWBSuf,CMDMax,41.4463220521597,0.116969696969697,11
BWBSuf,PAS_sp,41.210537184886,0.116969696969697,11
BWBSuf,PPT_MJ,37.4434805546719,0.116969696969697,11
BWBSuf,NFFD_at,34.7302037536538,0.116969696969697,11
BWBSuf,PPT_sp,34.6715910541783,0.116969696969697,11
BWBSvk,PPT_JAS,20.8995827871131,0.105,4
BWBSvk,DD18_at,14.6761483077334,0.105,4
BWBSvk,Tmin_sm,14.3197757388235,0.105,4
BWBSvk,CMD.total,13.7904345545986,0.105,4
BWBSvk,MAP,12.9938052222995,0.105,4
BWBSvk,CMD.grow,12.1452137728833,0.105,4
BWBSwk1,PAS_wt,57.3750720964188,0.122857142857143,7
BWBSwk1,PPT.dormant,45.5373376638428,0.122857142857143,7
BWBSwk1,CMD,31.0645016562261,0.122857142857143,7
BWBSwk1,PAS,27.7936955872478,0.122857142857143,7
BWBSwk1,PAS_at,26.9686940011272,0.122857142857143,7
BWBSwk1,CMD_sp,25.2380618069588,0.122857142857143,7
BWBSwk2,DD5.grow,28.6313073131971,0.0911111111111111,6
BWBSwk2,DD5_sp,26.9931304373476,0.0911111111111111,6
BWBSwk2,DD_0_at,24.919653078989,0.0911111111111111,6
BWBSwk2,DD5_wt,23.8183579725965,0.0911111111111111,6
BWBSwk2,DD5_sm,21.6367197802298,0.0911111111111111,6
BWBSwk2,PAS_wt,18.9530278926107,0.0911111111111111,6
BWBSwk3,TD,16.9669433305873,0.06,3
BWBSwk3,Tmin_sm,15.433899233778,0.06,3
BWBSwk3,CMD.total,15.0081647915781,0.06,3
BWBSwk3,DD18_sm,14.7992224224731,0.06,3
BWBSwk3,NFFD_sm,13.2123927898484,0.06,3
BWBSwk3,DD5_sm,12.7710281453861,0.06,3
CDFmm,Eref_wt,39.1237445860316,0.0666666666666667,4
CDFmm,AHM,19.8052441871305,0.0666666666666667,4
CDFmm,Eref_at,18.9637213107654,0.0666666666666667,4
CDFmm,PAS,17.4250157641415,0.0666666666666667,4
CDFmm,PPT,16.2321175521493,0.0666666666666667,4
CDFmm,PPT.dormant,16.105063846371,0.0666666666666667,4
CDFmm_OR,Eref_wt,52.6585450198945,0.087509349289454,9
CDFmm_OR,MCMT,44.0217145196592,0.087509349289454,9
CDFmm_OR,DD_18_wt,39.3726690772316,0.087509349289454,9
CDFmm_OR,Eref_at,38.240722987235,0.087509349289454,9
CDFmm_OR,DD5_wt,35.9878627539338,0.087509349289454,9
CDFmm_OR,DD_0_wt,33.4985006593304,0.087509349289454,9
CDFmm_WA,Eref,14.8977887046742,0.0703517587939699,4
CDFmm_WA,Eref_wt,14.1796223100264,0.0703517587939699,4
CDFmm_WA,Tmax_wt,13.3926281979445,0.0703517587939699,4
CDFmm_WA,DD_0_at,13.0382357216522,0.0703517587939699,4
CDFmm_WA,PAS_sm,10.3172695360179,0.0703517587939699,4
CDFmm_WA,NFFD_wt,10.194557412322,0.0703517587939699,4
CDFxm_CA,PPT,69.3408012662197,0.140195621797857,16
CDFxm_CA,PPT.dormant,59.5016406152413,0.140195621797857,16
CDFxm_CA,TD,54.7303334808998,0.140195621797857,16
CDFxm_CA,CMD.total,52.4790085541446,0.140195621797857,16
CDFxm_CA,AHM,51.3482998396704,0.140195621797857,16
CDFxm_CA,MAP,50.8785198258507,0.140195621797857,16
CMAun,TD,71.8237134240405,0.229824561403509,19
CMAun,DD18_wt,65.821767751598,0.229824561403509,19
CMAun,MCMT,63.3526664574989,0.229824561403509,19
CMAun,NFFD_wt,55.6261159485403,0.229824561403509,19
CMAun,PAS_at,53.7744118714708,0.229824561403509,19
CMAun,Tmin_at,52.3576173572532,0.229824561403509,19
CMAwh,Tmin_wt,25.8596772987333,0.0733333333333333,3
CMAwh,NFFD_wt,19.9441154642585,0.0733333333333333,3
CMAwh,EMT,15.4792055176097,0.0733333333333333,3
CMAwh,DD5_wt,15.3890347258252,0.0733333333333333,3
CMAwh,NFFD_at,14.8728718970048,0.0733333333333333,3
CMAwh,Tave_wt,13.1260519454103,0.0733333333333333,3
CMXdm_OR,PPT.dormant,113.304228134144,0.119302615193026,30
CMXdm_OR,PPT,95.0835028721656,0.119302615193026,30
CMXdm_OR,AHM,89.6571992454272,0.119302615193026,30
CMXdm_OR,Eref_at,83.1680081183216,0.119302615193026,30
CMXdm_OR,MAP,81.3588390671593,0.119302615193026,30
CMXdm_OR,TD,81.1791144277841,0.119302615193026,30
CMXmm_OR,TD,72.0283481809285,0.123639529821506,18
CMXmm_OR,Tmax_wt,47.2769505336211,0.123639529821506,18
CMXmm_OR,Eref_wt,46.301043013386,0.123639529821506,18
CMXmm_OR,Eref_at,43.8282243367585,0.123639529821506,18
CMXmm_OR,PAS_sp,43.768546850708,0.123639529821506,18
CMXmm_OR,DD_0_at,43.4215746319617,0.123639529821506,18
CMXwm_OR,TD,40.6613864433917,0.119695321001088,13
CMXwm_OR,Tmax_sp,39.3988207340198,0.119695321001088,13
CMXwm_OR,Tmax_wt,37.9971917111927,0.119695321001088,13
CMXwm_OR,DD_0_sp,37.7094662792892,0.119695321001088,13
CMXwm_OR,Tave_sp,36.6226549519477,0.119695321001088,13
CMXwm_OR,DD_18_sp,35.6811353211288,0.119695321001088,13
CMXxm_CA,TD,39.3720678508319,0.110015174506829,12
CMXxm_CA,DD_0_wt,35.0549747182631,0.110015174506829,12
CMXxm_CA,DD_0,30.9712289993032,0.110015174506829,12
CMXxm_CA,Tmax_wt,27.096269202236,0.110015174506829,12
CMXxm_CA,MCMT,26.644944546313,0.110015174506829,12
CMXxm_CA,Tave_wt,26.6251823858099,0.110015174506829,12
CRFdh_CA,TD,28.0788348721139,0.0676779463243874,7
CRFdh_CA,MWMT,26.6746477340205,0.0676779463243874,7
CRFdh_CA,MAT,22.2060368270018,0.0676779463243874,7
CRFdh_CA,DD18_sm,21.6785026635256,0.0676779463243874,7
CRFdh_CA,DD18,21.398708348142,0.0676779463243874,7
CRFdh_CA,DD_0_sp,20.6144118480125,0.0676779463243874,7
CVGdm_CA,PPT_sp,20.357946235507,0.0478359908883827,7
CVGdm_CA,MAP,16.9361266756812,0.0478359908883827,7
CVGdm_CA,PPT,13.9346089181712,0.0478359908883827,7
CVGdm_CA,DD18_wt,13.6531115485701,0.0478359908883827,7
CVGdm_CA,AHM,11.8119737046971,0.0478359908883827,7
CVGdm_CA,Tave,11.4725045290623,0.0478359908883827,7
CWFdm_OR,CMI,82.120011643606,0.117064106534531,24
CWFdm_OR,TD,79.8176364205385,0.117064106534531,24
CWFdm_OR,Eref_wt,77.610665425409,0.117064106534531,24
CWFdm_OR,MAP,76.9194748469638,0.117064106534531,24
CWFdm_OR,PPT.dormant,67.0376545667442,0.117064106534531,24
CWFdm_OR,PAS_sp,66.9275819394189,0.117064106534531,24
CWFds_CA,CMI,81.865194204053,0.121346651868295,20
CWFds_CA,PPT.dormant,70.2032891348845,0.121346651868295,20
CWFds_CA,PPT,69.3108630055532,0.121346651868295,20
CWFds_CA,TD,64.7470369254738,0.121346651868295,20
CWFds_CA,MAP,61.0312235943701,0.121346651868295,20
CWFds_CA,CMD.total,56.4389644694578,0.121346651868295,20
CWFmm_OR,CMD.total,51.5205607596074,0.136651583710407,15
CWFmm_OR,PPT_MJ,50.2963355412639,0.136651583710407,15
CWFmm_OR,CMI,48.9249293892753,0.136651583710407,15
CWFmm_OR,CMD_at,47.6892801750375,0.136651583710407,15
CWFmm_OR,CMD.grow,44.6688027271974,0.136651583710407,15
CWFmm_OR,PPT_sm,43.8822842952646,0.136651583710407,15
CWFwm_OR,PPT_sm,43.2546227133041,0.137566137566138,13
CWFwm_OR,DD_0_sp,42.2219355498717,0.137566137566138,13
CWFwm_OR,PPT_MJ,42.0040904553766,0.137566137566138,13
CWFwm_OR,CMI,39.4178927014442,0.137566137566138,13
CWFwm_OR,AHM,37.5934968407802,0.137566137566138,13
CWFwm_OR,MSP,37.4681041560704,0.137566137566138,13
CWHdm,TD,41.4261028902522,0.1875,8
CWHdm,Eref_at,29.5236943994841,0.1875,8
CWHdm,PPT_MJ,28.7085119650457,0.1875,8
CWHdm,PPT_sp,23.2287766348406,0.1875,8
CWHdm,EXT,21.6068951773564,0.1875,8
CWHdm,CMD.grow,21.2994530831424,0.1875,8
CWHdm_OC,Eref_wt,69.9271888568079,0.134427911749615,13
CWHdm_OC,Eref_at,62.5456244949362,0.134427911749615,13
CWHdm_OC,TD,52.2727083105017,0.134427911749615,13
CWHdm_OC,CMDMax,45.2512018966371,0.134427911749615,13
CWHdm_OC,TmaxJuly,38.5997913374325,0.134427911749615,13
CWHdm_OC,EXT,36.6012140673941,0.134427911749615,13
CWHdm_OR,CMDMax,90.7453659358267,0.129866180048662,22
CWHdm_OR,TD,75.681862644737,0.129866180048662,22
CWHdm_OR,Eref_wt,74.4245414674052,0.129866180048662,22
CWHdm_OR,Eref_at,67.6734786308358,0.129866180048662,22
CWHdm_OR,DD_0_sp,61.6975696182152,0.129866180048662,22
CWHdm_OR,DD_18_sp,60.4357235120709,0.129866180048662,22
CWHdm_WA,Eref_wt,95.7583650682345,0.136190476190476,21
CWHdm_WA,CMDMax,78.9521328503939,0.136190476190476,21
CWHdm_WA,TD,74.0587951161912,0.136190476190476,21
CWHdm_WA,Tmax_wt,71.9076794954232,0.136190476190476,21
CWHdm_WA,Eref_at,71.5874635266779,0.136190476190476,21
CWHdm_WA,TmaxJuly,69.430688346438,0.136190476190476,21
CWHdm_WC,Eref_wt,57.3601963396063,0.114666666666667,10
CWHdm_WC,TD,55.2413259468322,0.114666666666667,10
CWHdm_WC,Eref_at,44.068912091193,0.114666666666667,10
CWHdm_WC,bFFP,34.3982225076187,0.114666666666667,10
CWHdm_WC,Eref_sm,33.1252324181843,0.114666666666667,10
CWHdm_WC,EXT,30.6777494031175,0.114666666666667,10
CWHds_WA,CMDMax,69.7759449357898,0.117777777777778,18
CWHds_WA,TD,65.165540671964,0.117777777777778,18
CWHds_WA,MCMT,61.9825704810804,0.117777777777778,18
CWHds_WA,Tmax_wt,60.8238117010729,0.117777777777778,18
CWHds_WA,Eref_at,60.6053167334199,0.117777777777778,18
CWHds_WA,PPT_sm,54.9346923379386,0.117777777777778,18
CWHds1,PPT_JAS,48.176256563598,0.180512820512821,13
CWHds1,CMI,47.5103307852384,0.180512820512821,13
CWHds1,PPT_sp,42.2910035887671,0.180512820512821,13
CWHds1,MAP,41.4926712676991,0.180512820512821,13
CWHds1,PPT.dormant,38.5036486987476,0.180512820512821,13
CWHds1,Eref_at,37.8368061788452,0.180512820512821,13
CWHds2,Eref_at,35.1180307414702,0.137777777777778,9
CWHds2,CMI,34.7719138057881,0.137777777777778,9
CWHds2,CMDMax,29.9047672598113,0.137777777777778,9
CWHds2,MCMT,26.43330059413,0.137777777777778,9
CWHds2,MSP,26.3329518714455,0.137777777777778,9
CWHds2,CMD.grow,25.7548333397343,0.137777777777778,9
CWHmh_OR,Eref_wt,34.6008169424404,0.0783730158730159,7
CWHmh_OR,CMDMax,33.2971041679208,0.0783730158730159,7
CWHmh_OR,Eref_at,29.6677853307535,0.0783730158730159,7
CWHmh_OR,EXT,25.0684427169538,0.0783730158730159,7
CWHmh_OR,Tmax_wt,23.9555677902979,0.0783730158730159,7
CWHmh_OR,MCMT,23.5833414591129,0.0783730158730159,7
CWHmm1,CMDMax,30.7304787001282,0.27,6
CWHmm1,DD18_sp,24.7719460726874,0.27,6
CWHmm1,DD_18_sp,23.6687636682952,0.27,6
CWHmm1,Tave_sp,22.6617800355298,0.27,6
CWHmm1,CMD_sm,21.0232182052727,0.27,6
CWHmm1,CMD.grow,20.4694161980127,0.27,6
CWHmm2,Tave_sp,26.952505069987,0.261111111111111,6
CWHmm2,CMDMax,22.9727526620779,0.261111111111111,6
CWHmm2,DD18_sp,22.3175666632301,0.261111111111111,6
CWHmm2,DD_18_sp,21.9190095272774,0.261111111111111,6
CWHmm2,DD5_sp,21.3366238503584,0.261111111111111,6
CWHmm2,DD_0_sp,19.3084016195495,0.261111111111111,6
CWHms_OR,CMDMax,78.8357341845153,0.130588235294118,17
CWHms_OR,Eref_at,65.3320391816625,0.130588235294118,17
CWHms_OR,Tmax_wt,57.8101727972266,0.130588235294118,17
CWHms_OR,CMD_sm,56.3085660208463,0.130588235294118,17
CWHms_OR,CMD.total,48.6832262898154,0.130588235294118,17
CWHms_OR,PPT_MJ,47.9651543435594,0.130588235294118,17
CWHms_WA,TD,85.9456096891624,0.133725490196078,17
CWHms_WA,PPT_sm,64.2926046483658,0.133725490196078,17
CWHms_WA,PPT_MJ,63.5569078287545,0.133725490196078,17
CWHms_WA,CMD,58.3016065796194,0.133725490196078,17
CWHms_WA,MSP,57.9672182286357,0.133725490196078,17
CWHms_WA,CMDMax,57.2602728128011,0.133725490196078,17
CWHms1,Eref_at,120.355776937171,0.203030303030303,22
CWHms1,CMDMax,79.433076802303,0.203030303030303,22
CWHms1,PPT_JAS,72.7370369119755,0.203030303030303,22
CWHms1,NFFD_wt,61.8733935514359,0.203030303030303,22
CWHms1,PAS_sp,57.444593098011,0.203030303030303,22
CWHms1,EMT,57.3776812528221,0.203030303030303,22
CWHms2,PPT_sp,22.6919727976483,0.149333333333333,5
CWHms2,CMD.total,19.9559591311324,0.149333333333333,5
CWHms2,CMDMax,18.931677018908,0.149333333333333,5
CWHms2,Eref_at,18.3794240706928,0.149333333333333,5
CWHms2,Tmax_sp,18.33941817074,0.149333333333333,5
CWHms2,EMT,17.1828910326226,0.149333333333333,5
CWHvh_WA,Eref_wt,37.147583958642,0.0693333333333333,5
CWHvh_WA,TD,32.4299624183046,0.0693333333333333,5
CWHvh_WA,Eref_sm,26.3431909547491,0.0693333333333333,5
CWHvh_WA,Eref_at,25.6701367032092,0.0693333333333333,5
CWHvh_WA,Eref,20.6637404222291,0.0693333333333333,5
CWHvh_WA,bFFP,19.4311639763174,0.0693333333333333,5
CWHvh1,Tmax_wt,20.9369861251375,0.117777777777778,3
CWHvh1,TD,17.6293842351059,0.117777777777778,3
CWHvh1,Tmax_sp,12.7740419108629,0.117777777777778,3
CWHvh1,Tave_sp,12.6428952757496,0.117777777777778,3
CWHvh1,DD5_sp,11.7762886157633,0.117777777777778,3
CWHvh1,bFFP,11.0953845121556,0.117777777777778,3
CWHvh2,NFFD_sp,32.2992896625175,0.185833333333333,8
CWHvh2,Tmin_sp,30.8869184272394,0.185833333333333,8
CWHvh2,DD_0_sp,30.884981678839,0.185833333333333,8
CWHvh2,Tmin_sm,29.1632755342021,0.185833333333333,8
CWHvh2,Tave_sp,28.7978020651988,0.185833333333333,8
CWHvh2,NFFD_sm,28.5919206113976,0.185833333333333,8
CWHvh3,Tmin_wt,16.5545928026644,0.165554072096128,5
CWHvh3,MCMT,16.3598929559608,0.165554072096128,5
CWHvh3,DD5_at,16.0858887793063,0.165554072096128,5
CWHvh3,DD_0_wt,15.8407865340858,0.165554072096128,5
CWHvh3,EMT,15.79569738817,0.165554072096128,5
CWHvh3,TD,15.6016690227926,0.165554072096128,5
CWHvm_OR,CMDMax,85.5373367722213,0.0997495826377295,16
CWHvm_OR,CMD_sm,65.7786602848393,0.0997495826377295,16
CWHvm_OR,Eref_at,65.3114474114402,0.0997495826377295,16
CWHvm_OR,CMD.total,50.1789063959864,0.0997495826377295,16
CWHvm_OR,Eref_sm,49.1631614458864,0.0997495826377295,16
CWHvm_OR,CMD,48.3317967859567,0.0997495826377295,16
CWHvm_WA,CMDMax,109.590951388906,0.142222222222222,24
CWHvm_WA,TD,104.765125949861,0.142222222222222,24
CWHvm_WA,Eref_at,86.4540441392782,0.142222222222222,24
CWHvm_WA,Tmax_wt,73.9330572933968,0.142222222222222,24
CWHvm_WA,CMD_sm,69.424097160839,0.142222222222222,24
CWHvm_WA,DD18_wt,66.2771133513492,0.142222222222222,24
CWHvm1,Eref_at,110.736518126258,0.214201647704982,17
CWHvm1,TD,80.8767621024192,0.214201647704982,17
CWHvm1,Eref_sm,65.8836554938251,0.214201647704982,17
CWHvm1,Eref,62.6137258982097,0.214201647704982,17
CWHvm1,Tmax_sp,49.3780799913128,0.214201647704982,17
CWHvm1,PPT_JAS,49.1941408319534,0.214201647704982,17
CWHvm2,Eref_at,170.540933234525,0.24030303030303,22
CWHvm2,TD,115.106318062943,0.24030303030303,22
CWHvm2,Eref,89.0893150354126,0.24030303030303,22
CWHvm2,Eref_sm,72.6787653137848,0.24030303030303,22
CWHvm2,Tmax_at,66.355690808838,0.24030303030303,22
CWHvm2,Tave_sp,63.9119542570843,0.24030303030303,22
CWHwh_OR,Eref_wt,58.0870188679343,0.0981963927855711,10
CWHwh_OR,Eref_at,44.4716979768567,0.0981963927855711,10
CWHwh_OR,TD,43.0198549828675,0.0981963927855711,10
CWHwh_OR,Eref_sm,36.194867911,0.0981963927855711,10
CWHwh_OR,CMDMax,34.4768541358683,0.0981963927855711,10
CWHwh_OR,Eref,32.5736314385736,0.0981963927855711,10
CWHwh_WA,Eref_wt,54.0054461103908,0.105544422177689,10
CWHwh_WA,TD,48.9212145942033,0.105544422177689,10
CWHwh_WA,Eref_at,46.9072309513684,0.105544422177689,10
CWHwh_WA,Eref,39.7885848068211,0.105544422177689,10
CWHwh_WA,CMDMax,36.9021493822831,0.105544422177689,10
CWHwh_WA,EXT,35.1635407289331,0.105544422177689,10
CWHwh1,FFP,17.2267394983129,0.124721603563474,3
CWHwh1,CMD_sm,16.7930543088199,0.124721603563474,3
CWHwh1,eFFP,14.5482256285415,0.124721603563474,3
CWHwh1,CMD,14.4246208367638,0.124721603563474,3
CWHwh1,CMD.grow,9.82610813990704,0.124721603563474,3
CWHwh1,DD_18_at,9.37378761630286,0.124721603563474,3
CWHwh2,Tmin,26.7980651089953,0.168,5
CWHwh2,DD_0,24.4468045997168,0.168,5
CWHwh2,NFFD,19.7241244555603,0.168,5
CWHwh2,FFP,17.3198459318307,0.168,5
CWHwh2,NFFD_wt,16.4352962823256,0.168,5
CWHwh2,CMD_sm,16.1659550543564,0.168,5
CWHwm,TD,63.9307190308281,0.227251071939019,14
CWHwm,Eref_at,58.0119332915335,0.227251071939019,14
CWHwm,Eref_sm,49.9592543730219,0.227251071939019,14
CWHwm,NFFD_sm,44.0377775030347,0.227251071939019,14
CWHwm,EXT,42.0584044282659,0.227251071939019,14
CWHwm,Eref,39.9501262887681,0.227251071939019,14
CWHws1,Eref_at,40.381307865586,0.162222222222222,6
CWHws1,PPT_sp,31.5881866083302,0.162222222222222,6
CWHws1,TD,26.1753939753902,0.162222222222222,6
CWHws1,MAP,22.9073001481206,0.162222222222222,6
CWHws1,PAS_sp,20.2815712359147,0.162222222222222,6
CWHws1,MCMT,19.1954715021366,0.162222222222222,6
CWHws2,Eref_at,98.1152489443245,0.202456140350877,19
CWHws2,Tmax_wt,74.0632193080002,0.202456140350877,19
CWHws2,PAS_wt,68.9292722143554,0.202456140350877,19
CWHws2,PPT.dormant,64.8146045647917,0.202456140350877,19
CWHws2,CMI,61.3449031726745,0.202456140350877,19
CWHws2,DD18_wt,58.3413363532472,0.202456140350877,19
CWHxm_OR,Eref_wt,52.1848195293175,0.0956733698964046,11
CWHxm_OR,CMDMax,49.7305921667852,0.0956733698964046,11
CWHxm_OR,TD,37.3286903008096,0.0956733698964046,11
CWHxm_OR,CMD_sm,36.8791769305524,0.0956733698964046,11
CWHxm_OR,CMD.grow,36.6461526986746,0.0956733698964046,11
CWHxm_OR,CMD,33.2430358398413,0.0956733698964046,11
CWHxm_WA,Eref_wt,69.5203744913272,0.0976744186046512,13
CWHxm_WA,TD,62.8898679058098,0.0976744186046512,13
CWHxm_WA,CMDMax,51.9385373645568,0.0976744186046512,13
CWHxm_WA,Eref_at,44.4310598576669,0.0976744186046512,13
CWHxm_WA,SHM,43.0495764745796,0.0976744186046512,13
CWHxm_WA,PAS_sp,42.5365658800792,0.0976744186046512,13
CWHxm1,Eref_wt,43.8326632344227,0.121333333333333,5
CWHxm1,Eref_at,32.3281878059038,0.121333333333333,5
CWHxm1,PAS_sm,24.5891955419406,0.121333333333333,5
CWHxm1,Eref,22.2054347939787,0.121333333333333,5
CWHxm1,PPT_sp,19.561875390367,0.121333333333333,5
CWHxm1,PPT,19.3895041281096,0.121333333333333,5
CWHxm2,CMD_sm,31.2654998667706,0.241904761904762,7
CWHxm2,CMDMax,31.1630781645125,0.241904761904762,7
CWHxm2,CMD.grow,27.5973725433659,0.241904761904762,7
CWHxm2,CMD.total,27.5171488899806,0.241904761904762,7
CWHxm2,CMD,27.2577566619446,0.241904761904762,7
CWHxm2,PAS_sm,23.3662681446897,0.241904761904762,7
ESSFabC,Eref_at,81.0507085459585,0.285490196078431,17
ESSFabC,PAS_wt,68.8392336233882,0.285490196078431,17
ESSFabC,Eref_sm,60.8733963357756,0.285490196078431,17
ESSFabC,Tmax_sp,60.5869546464693,0.285490196078431,17
ESSFabC,PPT.dormant,60.5175329444781,0.285490196078431,17
ESSFabC,Tmin_wt,52.9329311118308,0.285490196078431,17
ESSFabE,Eref_sm,20.6230857312502,0.144,5
ESSFabE,DD_18_sp,20.5293695870009,0.144,5
ESSFabE,CMD_sm,20.5260156507401,0.144,5
ESSFabE,DD5.grow,18.9246956317863,0.144,5
ESSFabE,CMD.grow,17.7816360061306,0.144,5
ESSFabE,DD5_sp,17.15308653255,0.144,5
ESSFabN,Eref_at,74.8382842129144,0.251666666666667,16
ESSFabN,PAS_wt,60.8810452485085,0.251666666666667,16
ESSFabN,PPT.dormant,53.6444054819799,0.251666666666667,16
ESSFabN,PAS,53.5957107896835,0.251666666666667,16
ESSFabN,NFFD_wt,47.4476530579902,0.251666666666667,16
ESSFabN,EMT,45.8832424876418,0.251666666666667,16
ESSFabS,EMT,64.0533370775691,0.17948717948718,13
ESSFabS,PPT.dormant,54.4075569206637,0.17948717948718,13
ESSFabS,Tmin_wt,50.8263491652103,0.17948717948718,13
ESSFabS,NFFD_wt,48.1939297104286,0.17948717948718,13
ESSFabS,PAS_wt,47.3377220343663,0.17948717948718,13
ESSFabS,Eref_sm,46.436744486092,0.17948717948718,13
ESSFdc1,PPT,46.8944543697401,0.169333333333333,10
ESSFdc1,CMI,39.1591316841252,0.169333333333333,10
ESSFdc1,PPT.dormant,38.6851097522562,0.169333333333333,10
ESSFdc1,MAP,37.3598281037277,0.169333333333333,10
ESSFdc1,PAS_at,33.7529663487236,0.169333333333333,10
ESSFdc1,PAS_wt,33.66342468986,0.169333333333333,10
ESSFdc2,PAS_wt,75.2928193202379,0.160416666666667,16
ESSFdc2,PPT.dormant,67.9943735475903,0.160416666666667,16
ESSFdc2,CMDMax,59.8148051725598,0.160416666666667,16
ESSFdc2,TD,58.5946644828083,0.160416666666667,16
ESSFdc2,PAS,49.9876518069428,0.160416666666667,16
ESSFdc2,CMI,49.8184770308663,0.160416666666667,16
ESSFdc3,CMI,58.213799826442,0.185238095238095,14
ESSFdc3,PPT,57.4893664076532,0.185238095238095,14
ESSFdc3,PPT.dormant,54.3996254140154,0.185238095238095,14
ESSFdc3,MAP,53.983135531988,0.185238095238095,14
ESSFdc3,PAS_wt,51.1841476792147,0.185238095238095,14
ESSFdc3,Tmax_sp,45.8500818986621,0.185238095238095,14
ESSFdcp,TD,30.3208592772539,0.217142857142857,7
ESSFdcp,DD18_wt,22.3852843125467,0.217142857142857,7
ESSFdcp,DD5_wt,21.8864360504977,0.217142857142857,7
ESSFdcp,Tave_wt,21.8427901278825,0.217142857142857,7
ESSFdcp,DD_0_wt,21.2374083823968,0.217142857142857,7
ESSFdcp,PAS_at,19.5829910023069,0.217142857142857,7
ESSFdcw,TD,64.3967706242252,0.195714285714286,14
ESSFdcw,CMDMax,63.3283117381744,0.195714285714286,14
ESSFdcw,MCMT,48.7369055264036,0.195714285714286,14
ESSFdcw,MAP,48.3319091195868,0.195714285714286,14
ESSFdcw,PPT.dormant,46.3820382581378,0.195714285714286,14
ESSFdcw,PAS_wt,45.6246990919723,0.195714285714286,14
ESSFdh_WA,CMI,68.1827714505566,0.119701726844584,17
ESSFdh_WA,PPT_sm,65.1104840730158,0.119701726844584,17
ESSFdh_WA,PPT,64.9544504802947,0.119701726844584,17
ESSFdh_WA,MAP,59.1536187829347,0.119701726844584,17
ESSFdh_WA,PPT.dormant,56.8953889881413,0.119701726844584,17
ESSFdh_WA,TD,56.6430273431921,0.119701726844584,17
ESSFdh1,CMDMax,55.6783395675191,0.108,10
ESSFdh1,Eref_at,46.4076902296262,0.108,10
ESSFdh1,PPT_JAS,41.4772963879534,0.108,10
ESSFdh1,PPT.dormant,40.2557884683498,0.108,10
ESSFdh1,TD,39.3233959228226,0.108,10
ESSFdh1,PAS_wt,36.3803081207937,0.108,10
ESSFdh2,Tave_wt,46.5283008913845,0.232777777777778,12
ESSFdh2,Tmax_wt,43.3771069059493,0.232777777777778,12
ESSFdh2,DD_0,42.0813978649036,0.232777777777778,12
ESSFdh2,DD_0_at,38.9350304761866,0.232777777777778,12
ESSFdh2,MCMT,37.6214530040984,0.232777777777778,12
ESSFdh2,DD18_wt,37.315369250313,0.232777777777778,12
ESSFdk_MT,TD,79.5956731336367,0.139333333333333,20
ESSFdk_MT,Eref_sm,75.3761746327036,0.139333333333333,20
ESSFdk_MT,Eref_at,68.5220985180768,0.139333333333333,20
ESSFdk_MT,Tmin_sp,67.6145815135471,0.139333333333333,20
ESSFdk_MT,DD_0_sp,59.6924501132526,0.139333333333333,20
ESSFdk_MT,EMT,58.0000988557985,0.139333333333333,20
ESSFdk1,Tmin_wt,82.7785217344985,0.238947368421053,19
ESSFdk1,NFFD_wt,74.745111418078,0.238947368421053,19
ESSFdk1,EMT,67.1906365182713,0.238947368421053,19
ESSFdk1,Eref_sm,61.5726715912795,0.238947368421053,19
ESSFdk1,MCMT,59.4247565176265,0.238947368421053,19
ESSFdk1,PPT.dormant,59.0145357818473,0.238947368421053,19
ESSFdk2,Tmin_wt,64.1149703221865,0.301666666666667,16
ESSFdk2,Tmax_sp,59.2543244019495,0.301666666666667,16
ESSFdk2,NFFD_wt,58.9504980109181,0.301666666666667,16
ESSFdk2,TD,58.9090868840377,0.301666666666667,16
ESSFdk2,PAS_wt,57.1500771035292,0.301666666666667,16
ESSFdk2,MCMT,54.7873046109255,0.301666666666667,16
ESSFdkp,EMT,54.6879808151691,0.281538461538462,13
ESSFdkp,Eref_sm,53.9801882977006,0.281538461538462,13
ESSFdkp,Tmin_wt,50.4923548674939,0.281538461538462,13
ESSFdkp,NFFD_wt,48.09432510149,0.281538461538462,13
ESSFdkp,Eref_at,39.4441354919576,0.281538461538462,13
ESSFdkp,Eref,38.9677576220018,0.281538461538462,13
ESSFdkw,Eref_sm,86.2022814750134,0.271228070175439,19
ESSFdkw,EMT,74.8972069091379,0.271228070175439,19
ESSFdkw,NFFD_wt,73.7521846206108,0.271228070175439,19
ESSFdkw,Tmin_wt,65.6839413743498,0.271228070175439,19
ESSFdkw,TmaxJuly,65.515750829236,0.271228070175439,19
ESSFdkw,PAS_wt,62.4471612390257,0.271228070175439,19
ESSFdm_ID,PPT_MJ,108.250075282936,0.144196106705119,28
ESSFdm_ID,Eref_at,105.828796790694,0.144196106705119,28
ESSFdm_ID,Tmin_wt,95.2444376350262,0.144196106705119,28
ESSFdm_ID,EXT,94.7781980738181,0.144196106705119,28
ESSFdm_ID,Tmax_wt,89.0199508767923,0.144196106705119,28
ESSFdm_ID,TD,86.7509433007864,0.144196106705119,28
ESSFdv1,Tave_wt,27.6539044300058,0.269083969465649,7
ESSFdv1,DD_18_wt,26.3157067818529,0.269083969465649,7
ESSFdv1,MCMT,25.4826892898506,0.269083969465649,7
ESSFdv1,Tmax_wt,24.7977790676005,0.269083969465649,7
ESSFdv1,DD18_wt,23.450763647798,0.269083969465649,7
ESSFdv1,NFFD_wt,23.1437850079658,0.269083969465649,7
ESSFdv2,PAS_wt,48.4993494986023,0.207272727272727,11
ESSFdv2,PPT.dormant,41.7081031638297,0.207272727272727,11
ESSFdv2,MCMT,35.6158869076457,0.207272727272727,11
ESSFdv2,PAS_at,34.9440094724893,0.207272727272727,11
ESSFdv2,CMI,34.6816323316357,0.207272727272727,11
ESSFdv2,PPT,33.6278744669183,0.207272727272727,11
ESSFdvp,DD18_wt,55.8318806045219,0.224444444444444,15
ESSFdvp,Eref_at,51.9045130837861,0.224444444444444,15
ESSFdvp,PAS_wt,49.6299277117776,0.224444444444444,15
ESSFdvp,NFFD_wt,46.8018176721821,0.224444444444444,15
ESSFdvp,MCMT,46.1433585305446,0.224444444444444,15
ESSFdvp,TD,45.9433851108902,0.224444444444444,15
ESSFdvw,TD,59.6871957624358,0.285833333333333,16
ESSFdvw,PAS_wt,54.1240498530791,0.285833333333333,16
ESSFdvw,MCMT,52.0346390528029,0.285833333333333,16
ESSFdvw,EMT,50.5656495791065,0.285833333333333,16
ESSFdvw,Tmin_wt,49.0912388091665,0.285833333333333,16
ESSFdvw,DD18_wt,47.8238944695313,0.285833333333333,16
ESSFdw_ID,Eref_at,70.4901310775763,0.104935526900845,15
ESSFdw_ID,PAS_at,64.8952395943548,0.104935526900845,15
ESSFdw_ID,CMD.total,57.4905391865063,0.104935526900845,15
ESSFdw_ID,PPT_MJ,55.2140491814546,0.104935526900845,15
ESSFdw_ID,PPT.dormant,52.7838762065869,0.104935526900845,15
ESSFdw_ID,Eref_sm,50.8404424847616,0.104935526900845,15
ESSFmc,Eref_at,91.3393702954122,0.20030303030303,22
ESSFmc,Tmax_wt,77.7518378639514,0.20030303030303,22
ESSFmc,CMDMax,68.9949294010041,0.20030303030303,22
ESSFmc,DD18_wt,65.5794451605139,0.20030303030303,22
ESSFmc,TD,60.7013752950191,0.20030303030303,22
ESSFmc,PAS_wt,59.3044218382732,0.20030303030303,22
ESSFmcp,CMDMax,62.9526166960242,0.252820512820513,13
ESSFmcp,TD,39.7905970860951,0.252820512820513,13
ESSFmcp,Tmax_wt,39.4781012713911,0.252820512820513,13
ESSFmcp,EMT,37.2952784946494,0.252820512820513,13
ESSFmcp,Eref_at,36.407202852575,0.252820512820513,13
ESSFmcp,DD5_sp,35.9769620829379,0.252820512820513,13
ESSFmcw,CMDMax,69.5018342558549,0.249333333333333,15
ESSFmcw,Eref_at,54.8413895849699,0.249333333333333,15
ESSFmcw,Eref,50.5215596238256,0.249333333333333,15
ESSFmcw,PAS_wt,44.4685478762257,0.249333333333333,15
ESSFmcw,DD_18_sp,43.123654193689,0.249333333333333,15
ESSFmcw,DD18_wt,42.4178770230096,0.249333333333333,15
ESSFmh,MAP,48.2444471186285,0.224444444444444,9
ESSFmh,PAS_wt,37.7651712076609,0.224444444444444,9
ESSFmh,PPT.dormant,36.7991953911544,0.224444444444444,9
ESSFmh,AHM,33.4516756930456,0.224444444444444,9
ESSFmh,PPT,33.4431318378371,0.224444444444444,9
ESSFmh,CMD.total,32.9795295416171,0.224444444444444,9
ESSFmk,PPT.dormant,35.6383674489521,0.207333333333333,10
ESSFmk,MAP,32.2991577419116,0.207333333333333,10
ESSFmk,bFFP,30.7475057690775,0.207333333333333,10
ESSFmk,NFFD_sm,30.3130307682346,0.207333333333333,10
ESSFmk,PAS_wt,29.9619773548699,0.207333333333333,10
ESSFmk,Tmax_sm,28.4900417857264,0.207333333333333,10
ESSFmkp,CMDMax,39.688037782262,0.227878787878788,11
ESSFmkp,MCMT,32.42141300514,0.227878787878788,11
ESSFmkp,TD,32.0219793056587,0.227878787878788,11
ESSFmkp,Tmin_sp,31.4663180390314,0.227878787878788,11
ESSFmkp,Eref_at,30.6139716812346,0.227878787878788,11
ESSFmkp,Tmax_wt,29.7406417475362,0.227878787878788,11
ESSFmkw,PPT.dormant,40.6103410030273,0.239393939393939,11
ESSFmkw,PAS_wt,37.0383967506949,0.239393939393939,11
ESSFmkw,Eref_sm,32.6111225518917,0.239393939393939,11
ESSFmkw,CMDMax,31.3393089767766,0.239393939393939,11
ESSFmkw,PAS_at,31.0205151334986,0.239393939393939,11
ESSFmkw,MAP,28.0857309760549,0.239393939393939,11
ESSFmm1,PAS_wt,88.2402522645939,0.258333333333333,20
ESSFmm1,PPT.dormant,75.9317852548272,0.258333333333333,20
ESSFmm1,EMT,75.3775889616486,0.258333333333333,20
ESSFmm1,Tmin_wt,69.6188392486195,0.258333333333333,20
ESSFmm1,NFFD_wt,69.4186257436694,0.258333333333333,20
ESSFmm1,MCMT,64.5747987135863,0.258333333333333,20
ESSFmm2,PAS_wt,58.7890850638178,0.216969696969697,11
ESSFmm2,PPT.dormant,46.7358109604154,0.216969696969697,11
ESSFmm2,TD,46.2521822541208,0.216969696969697,11
ESSFmm2,NFFD_wt,42.9893349697565,0.216969696969697,11
ESSFmm2,EMT,41.8512743658543,0.216969696969697,11
ESSFmm2,Tmin_wt,40.2344425884773,0.216969696969697,11
ESSFmm3,PAS_wt,67.7525401313478,0.27952380952381,14
ESSFmm3,PPT.dormant,61.5864683097904,0.27952380952381,14
ESSFmm3,Tmin_wt,60.7619886365016,0.27952380952381,14
ESSFmm3,NFFD_wt,54.6908905230305,0.27952380952381,14
ESSFmm3,Eref_sm,53.6073201183619,0.27952380952381,14
ESSFmm3,MCMT,48.2277760421819,0.27952380952381,14
ESSFmmp,PAS_wt,79.1075514022825,0.31125,16
ESSFmmp,PPT.dormant,72.0287842261629,0.31125,16
ESSFmmp,Eref_at,71.2963937986674,0.31125,16
ESSFmmp,NFFD_wt,61.0258340055353,0.31125,16
ESSFmmp,Tmin_wt,59.0262371518389,0.31125,16
ESSFmmp,EMT,58.780113352862,0.31125,16
ESSFmmw,PAS_wt,95.5674258165195,0.332222222222222,18
ESSFmmw,PPT.dormant,79.807298376935,0.332222222222222,18
ESSFmmw,Eref_at,59.1327015884731,0.332222222222222,18
ESSFmmw,Eref_sm,58.49206591338,0.332222222222222,18
ESSFmmw,PAS_at,57.455721758284,0.332222222222222,18
ESSFmmw,Tmin_wt,53.4825693260507,0.332222222222222,18
ESSFmv1,Tmin,35.0204462856583,0.0555555555555556,6
ESSFmv1,DD_18_sp,27.1341462141235,0.0555555555555556,6
ESSFmv1,DD_18,26.6676367737301,0.0555555555555556,6
ESSFmv1,Eref_sm,24.9833016801781,0.0555555555555556,6
ESSFmv1,Tave,22.6132113685888,0.0555555555555556,6
ESSFmv1,MAT,21.0291379059974,0.0555555555555556,6
ESSFmv2,Eref_at,57.9445069988076,0.187878787878788,11
ESSFmv2,PPT.dormant,54.3911469451581,0.187878787878788,11
ESSFmv2,PAS_wt,47.7519906426336,0.187878787878788,11
ESSFmv2,PAS_at,45.541432772634,0.187878787878788,11
ESSFmv2,Tmax_sm,35.685004805233,0.187878787878788,11
ESSFmv2,PPT_MJ,32.7549355922362,0.187878787878788,11
ESSFmv3,TD,57.8674406515831,0.208333333333333,16
ESSFmv3,PPT_JAS,56.8321579245631,0.208333333333333,16
ESSFmv3,Tave_wt,56.3458697101326,0.208333333333333,16
ESSFmv3,DD18_sp,52.2073094925365,0.208333333333333,16
ESSFmv3,NFFD_wt,51.2172047848367,0.208333333333333,16
ESSFmv3,MCMT,49.7343210255358,0.208333333333333,16
ESSFmv4,DD18_sp,55.6621883999776,0.182380952380952,14
ESSFmv4,DD5_sp,54.0753384493917,0.182380952380952,14
ESSFmv4,DD5.grow,47.0311177971409,0.182380952380952,14
ESSFmv4,PPT_MJ,39.5675096689489,0.182380952380952,14
ESSFmv4,Eref_at,38.2646610887307,0.182380952380952,14
ESSFmv4,DD18_sm,38.0155932767685,0.182380952380952,14
ESSFmvp,Eref_at,50.1971484482553,0.202564102564103,13
ESSFmvp,DD18_sp,39.0823435948493,0.202564102564103,13
ESSFmvp,PAS_wt,36.1735881604918,0.202564102564103,13
ESSFmvp,MCMT,35.3678644052847,0.202564102564103,13
ESSFmvp,Tmin_wt,34.9162352710324,0.202564102564103,13
ESSFmvp,CMDMax,34.021661660534,0.202564102564103,13
ESSFmw,Eref_at,93.8150244285685,0.213333333333333,18
ESSFmw,TD,61.8377651147319,0.213333333333333,18
ESSFmw,PPT_JAS,54.5715919638346,0.213333333333333,18
ESSFmw,CMI,51.4973180782646,0.213333333333333,18
ESSFmw,NFFD_wt,50.8241982423003,0.213333333333333,18
ESSFmw,MCMT,48.1588918028822,0.213333333333333,18
ESSFmw_WA,CMDMax,91.6993628837492,0.135706340378198,24
ESSFmw_WA,TD,87.4885159166263,0.135706340378198,24
ESSFmw_WA,PAS_sp,80.5305905311696,0.135706340378198,24
ESSFmw_WA,PAS_wt,76.5967459479892,0.135706340378198,24
ESSFmw_WA,PAS,73.3416264350941,0.135706340378198,24
ESSFmw_WA,Tmax_wt,73.2356406429502,0.135706340378198,24
ESSFmw1,CMDMax,52.7237595662372,0.184285714285714,14
ESSFmw1,TD,43.498062282472,0.184285714285714,14
ESSFmw1,PPT_JAS,43.4799800321375,0.184285714285714,14
ESSFmw1,PPT,40.3211682855353,0.184285714285714,14
ESSFmw1,DD5_sp,40.0704083198867,0.184285714285714,14
ESSFmw1,CMD_sm,39.710282069194,0.184285714285714,14
ESSFmw2,PPT_JAS,44.1927406875739,0.321904761904762,14
ESSFmw2,DD18_sp,42.1143581559009,0.321904761904762,14
ESSFmw2,MSP,41.6208845815378,0.321904761904762,14
ESSFmw2,DD_18_sp,39.1979229932881,0.321904761904762,14
ESSFmw2,Eref,37.8599217104491,0.321904761904762,14
ESSFmw2,Tmax_at,37.1592718123098,0.321904761904762,14
ESSFmwp,Eref_at,93.019435055588,0.275333333333333,20
ESSFmwp,PPT_JAS,73.6569009154485,0.275333333333333,20
ESSFmwp,DD18_wt,60.1871471175687,0.275333333333333,20
ESSFmwp,TD,57.6566929967991,0.275333333333333,20
ESSFmwp,NFFD_wt,55.3985600404996,0.275333333333333,20
ESSFmwp,Tmin_wt,55.19644288046,0.275333333333333,20
ESSFmww,CMDMax,68.1124023043765,0.25125,16
ESSFmww,TD,64.9052732665028,0.25125,16
ESSFmww,PPT_JAS,60.34610734887,0.25125,16
ESSFmww,MCMT,56.4351887538379,0.25125,16
ESSFmww,DD18_wt,50.8218648585824,0.25125,16
ESSFmww,Eref_at,48.1363748533827,0.25125,16
ESSFun,Eref_sm,60.118958764843,0.23037037037037,18
ESSFun,PPT.dormant,55.9968299485952,0.23037037037037,18
ESSFun,PAS_wt,54.6487977841132,0.23037037037037,18
ESSFun,PAS_at,53.8158796968469,0.23037037037037,18
ESSFun,Tmax_sm,53.4665760822736,0.23037037037037,18
ESSFun,PPT_sp,52.0041026685147,0.23037037037037,18
ESSFvc,MCMT,34.7433840827298,0.335333333333333,10
ESSFvc,PAS_wt,31.584658260449,0.335333333333333,10
ESSFvc,Eref_at,29.8341021542014,0.335333333333333,10
ESSFvc,DD18_wt,29.7863930460586,0.335333333333333,10
ESSFvc,EMT,29.2630603366528,0.335333333333333,10
ESSFvc,Eref_sm,29.1978012314728,0.335333333333333,10
ESSFvcp,PAS_wt,29.1296986599162,0.292380952380952,7
ESSFvcp,PPT.dormant,24.3641832226582,0.292380952380952,7
ESSFvcp,NFFD_wt,23.7157882989289,0.292380952380952,7
ESSFvcp,Eref_sm,20.1207806997307,0.292380952380952,7
ESSFvcp,EMT,19.5219033422565,0.292380952380952,7
ESSFvcp,Tmin_wt,19.160867886212,0.292380952380952,7
ESSFvcw,PAS_wt,41.371610098231,0.319333333333333,10
ESSFvcw,PPT.dormant,39.3996202687921,0.319333333333333,10
ESSFvcw,Eref_sm,36.5715688374586,0.319333333333333,10
ESSFvcw,Tmin_wt,31.4015825321568,0.319333333333333,10
ESSFvcw,EMT,29.9359878722212,0.319333333333333,10
ESSFvcw,NFFD_wt,28.0265277269599,0.319333333333333,10
ESSFwc2,PAS_wt,99.8374850723155,0.288985507246377,23
ESSFwc2,PPT.dormant,82.1763881550068,0.288985507246377,23
ESSFwc2,PPT_JAS,80.0914747646073,0.288985507246377,23
ESSFwc2,TD,71.3746272974418,0.288985507246377,23
ESSFwc2,PAS_at,70.829813488911,0.288985507246377,23
ESSFwc2,Tmin_wt,69.6372435256146,0.288985507246377,23
ESSFwc3,EMT,57.5540333632983,0.221777777777778,15
ESSFwc3,NFFD_wt,56.6326311495644,0.221777777777778,15
ESSFwc3,PAS_wt,56.319214426212,0.221777777777778,15
ESSFwc3,Tmin_wt,55.0926883740022,0.221777777777778,15
ESSFwc3,DD18_wt,54.4027052292334,0.221777777777778,15
ESSFwc3,MCMT,49.3024975017056,0.221777777777778,15
ESSFwc4,Tmin_wt,55.4539881552919,0.243333333333333,16
ESSFwc4,NFFD_wt,52.2782162117466,0.243333333333333,16
ESSFwc4,Tave_sp,51.0541827254265,0.243333333333333,16
ESSFwc4,Eref_at,48.3260620612227,0.243333333333333,16
ESSFwc4,PPT.dormant,47.6769838949378,0.243333333333333,16
ESSFwc4,EMT,45.688813814624,0.243333333333333,16
ESSFwcp,PAS_wt,93.9797843887991,0.274166666666667,24
ESSFwcp,Eref_at,89.3032936319056,0.274166666666667,24
ESSFwcp,PPT.dormant,82.3898277718502,0.274166666666667,24
ESSFwcp,NFFD_wt,74.0393158494705,0.274166666666667,24
ESSFwcp,EMT,72.2622433248863,0.274166666666667,24
ESSFwcp,Tmin_wt,71.4843486301804,0.274166666666667,24
ESSFwcw,PAS_wt,98.3450125720867,0.2784,25
ESSFwcw,Eref_at,90.9229544460927,0.2784,25
ESSFwcw,PPT.dormant,81.8287281769896,0.2784,25
ESSFwcw,PAS_at,76.0283737709019,0.2784,25
ESSFwcw,PAS,75.2270779009876,0.2784,25
ESSFwcw,Tmin_wt,73.9888642023332,0.2784,25
ESSFwh_MT,Tmin_sp,62.5801026274501,0.122916666666667,16
ESSFwh_MT,TmaxJuly,51.8976210017113,0.122916666666667,16
ESSFwh_MT,MAP,46.9771268974189,0.122916666666667,16
ESSFwh_MT,NFFD_sp,45.0316139210255,0.122916666666667,16
ESSFwh_MT,PAS_at,44.7733179027446,0.122916666666667,16
ESSFwh_MT,TD,44.5970594037741,0.122916666666667,16
ESSFwh1,PPT_sp,53.7516162956598,0.27,14
ESSFwh1,Tmax_sp,52.9935762816081,0.27,14
ESSFwh1,PPT_MJ,49.3502062976873,0.27,14
ESSFwh1,TD,45.5338015783098,0.27,14
ESSFwh1,PPT_JAS,43.6313891366524,0.27,14
ESSFwh1,MAP,42.4838530133885,0.27,14
ESSFwh2,PPT_JAS,44.7766098548743,0.18,9
ESSFwh2,MCMT,41.7764789690464,0.18,9
ESSFwh2,Tmin_wt,40.3650215668345,0.18,9
ESSFwh2,CMDMax,38.1630349531052,0.18,9
ESSFwh2,NFFD_wt,32.2492767903494,0.18,9
ESSFwh2,Tmax_sp,31.3137944920533,0.18,9
ESSFwh3,PPT_sp,41.4986101119859,0.194074074074074,9
ESSFwh3,CMDMax,41.1987126227193,0.194074074074074,9
ESSFwh3,PPT_JAS,34.4012488995741,0.194074074074074,9
ESSFwh3,PAS_sp,34.1979085587619,0.194074074074074,9
ESSFwh3,PPT_MJ,33.3872463006806,0.194074074074074,9
ESSFwh3,Tmax_sp,31.9069704658321,0.194074074074074,9
ESSFwk1,MCMT,86.0205374331844,0.214812214812215,19
ESSFwk1,EMT,83.2727201664265,0.214812214812215,19
ESSFwk1,PPT_JAS,68.1777990046494,0.214812214812215,19
ESSFwk1,Tmin_wt,64.2081969948681,0.214812214812215,19
ESSFwk1,PAS_wt,63.2280083816784,0.214812214812215,19
ESSFwk1,DD18_wt,61.2609875727604,0.214812214812215,19
ESSFwk2,MCMT,70.4851578033828,0.195555555555556,15
ESSFwk2,Tmin_wt,58.5955532937062,0.195555555555556,15
ESSFwk2,PPT_sm,55.4329476620753,0.195555555555556,15
ESSFwk2,NFFD_wt,55.0535066005953,0.195555555555556,15
ESSFwk2,PPT_JAS,54.7232761391257,0.195555555555556,15
ESSFwk2,PPT.dormant,53.9136865941892,0.195555555555556,15
ESSFwm_MT,Tmin_wt,98.1773340635407,0.142561508392734,29
ESSFwm_MT,Eref_at,91.6385768715443,0.142561508392734,29
ESSFwm_MT,NFFD_wt,89.9230729795208,0.142561508392734,29
ESSFwm_MT,Tmin_sp,88.9372198065032,0.142561508392734,29
ESSFwm_MT,PPT.dormant,86.4933228993137,0.142561508392734,29
ESSFwm_MT,Tmax_wt,84.0531444643192,0.142561508392734,29
ESSFwm1,NFFD_wt,47.1416087265748,0.25,10
ESSFwm1,Tmin_wt,44.8276168582458,0.25,10
ESSFwm1,EMT,43.9846345824144,0.25,10
ESSFwm1,TD,41.4074826617199,0.25,10
ESSFwm1,Tmax_sp,38.6998565856719,0.25,10
ESSFwm1,MCMT,36.0364386684791,0.25,10
ESSFwm2,EMT,41.0861173032144,0.256969696969697,11
ESSFwm2,CMDMax,41.0320510194445,0.256969696969697,11
ESSFwm2,Tmin_wt,40.8653662777871,0.256969696969697,11
ESSFwm2,Tave_sp,39.6111962093135,0.256969696969697,11
ESSFwm2,NFFD_wt,37.3891977629849,0.256969696969697,11
ESSFwm2,Eref_sp,36.3247512598503,0.256969696969697,11
ESSFwm3,CMDMax,47.6839736011822,0.193333333333333,8
ESSFwm3,Tmax_sp,27.5658170000348,0.193333333333333,8
ESSFwm3,PPT_JAS,27.0077843251485,0.193333333333333,8
ESSFwm3,PAS_sp,25.7764559052759,0.193333333333333,8
ESSFwm3,PPT_sp,25.5651733250887,0.193333333333333,8
ESSFwm3,TmaxJuly,25.2155794648574,0.193333333333333,8
ESSFwm4,Eref_sm,54.8258445424661,0.221428571428571,14
ESSFwm4,EMT,52.506542154437,0.221428571428571,14
ESSFwm4,Tmin_wt,49.3219763893341,0.221428571428571,14
ESSFwm4,TmaxJuly,46.1223774366877,0.221428571428571,14
ESSFwm4,Tmin_sp,45.3341446444273,0.221428571428571,14
ESSFwm4,DD_0_sp,41.9295696888026,0.221428571428571,14
ESSFwmp,Eref_sm,35.7632230856001,0.2825,8
ESSFwmp,Tmax_sm,34.9304180158781,0.2825,8
ESSFwmp,TmaxJuly,30.3873741612708,0.2825,8
ESSFwmp,Eref,27.1592267868536,0.2825,8
ESSFwmp,Tmin_wt,26.5282792109849,0.2825,8
ESSFwmp,NFFD_wt,22.5240340850708,0.2825,8
ESSFwmw,Tmin_wt,53.5315718700752,0.291904761904762,14
ESSFwmw,Tmax_sp,47.4992707178099,0.291904761904762,14
ESSFwmw,NFFD_wt,47.1288573847072,0.291904761904762,14
ESSFwmw,EMT,45.0468112581948,0.291904761904762,14
ESSFwmw,CMDMax,40.32398795663,0.291904761904762,14
ESSFwmw,Eref_sm,39.5295465302556,0.291904761904762,14
ESSFwv,PAS_at,48.5904586235527,0.233809523809524,14
ESSFwv,TD,48.3590648015149,0.233809523809524,14
ESSFwv,Tmax_sp,46.3053258643759,0.233809523809524,14
ESSFwv,Eref_at,43.0141876573484,0.233809523809524,14
ESSFwv,Eref_sm,41.8241885863116,0.233809523809524,14
ESSFwv,NFFD_wt,38.8794420223798,0.233809523809524,14
ESSFwvp,PPT.dormant,37.4069384009805,0.255757575757576,11
ESSFwvp,PAS_at,37.0874227177266,0.255757575757576,11
ESSFwvp,Eref_sm,36.6121645719293,0.255757575757576,11
ESSFwvp,PPT_JAS,32.2467085908272,0.255757575757576,11
ESSFwvp,Tmax_sp,31.6321096648505,0.255757575757576,11
ESSFwvp,DD5_sp,31.1018166533256,0.255757575757576,11
ESSFwvw,PAS_at,37.7245980444697,0.301666666666667,12
ESSFwvw,EMT,35.1455581934133,0.301666666666667,12
ESSFwvw,MCMT,34.7890752106759,0.301666666666667,12
ESSFwvw,Eref_sm,34.7749550755238,0.301666666666667,12
ESSFwvw,Tmax_sm,34.5645798935535,0.301666666666667,12
ESSFwvw,PPT.dormant,34.4128801768161,0.301666666666667,12
ESSFxc_CO,Eref_at,91.6460749260971,0.121701846965699,21
ESSFxc_CO,PPT_MJ,86.0076647597471,0.121701846965699,21
ESSFxc_CO,Eref_sp,72.3462559634226,0.121701846965699,21
ESSFxc_CO,Tmin_wt,71.4145228202896,0.121701846965699,21
ESSFxc_CO,Tmax_wt,68.2018998879493,0.121701846965699,21
ESSFxc_CO,TmaxJuly,66.4365472575853,0.121701846965699,21
ESSFxc_WA,Eref_at,133.941586431349,0.125624279677295,35
ESSFxc_WA,PPT_MJ,120.861573378759,0.125624279677295,35
ESSFxc_WA,TD,116.495538907583,0.125624279677295,35
ESSFxc_WA,PPT_JAS,107.989312142643,0.125624279677295,35
ESSFxc_WA,Eref_sm,105.021323646534,0.125624279677295,35
ESSFxc_WA,Tmin_wt,104.63060556555,0.125624279677295,35
ESSFxc1,CMDMax,28.2762081710341,0.132222222222222,6
ESSFxc1,Tmax_sp,24.945739332933,0.132222222222222,6
ESSFxc1,PAS_sp,23.6903292859885,0.132222222222222,6
ESSFxc1,PPT_JAS,21.7263205339402,0.132222222222222,6
ESSFxc1,Tave_sp,21.2023823849287,0.132222222222222,6
ESSFxc1,PPT.dormant,19.5389444883462,0.132222222222222,6
ESSFxc2,CMI,44.2163012713065,0.12,11
ESSFxc2,PPT.dormant,40.5596469487746,0.12,11
ESSFxc2,PPT_JAS,36.3740427351222,0.12,11
ESSFxc2,PPT_sp,33.4491937428015,0.12,11
ESSFxc2,PPT_MJ,33.1628717390431,0.12,11
ESSFxc2,PAS_wt,32.5876220513177,0.12,11
ESSFxc3,PAS_wt,39.160292120094,0.157575757575758,11
ESSFxc3,EMT,37.8043304171525,0.157575757575758,11
ESSFxc3,Eref_sp,37.7908330710153,0.157575757575758,11
ESSFxc3,PPT.dormant,37.1805504710549,0.157575757575758,11
ESSFxc3,PAS_at,36.0344375315003,0.157575757575758,11
ESSFxc3,CMI,33.5036753060798,0.157575757575758,11
ESSFxcp,PAS_wt,40.6809760720397,0.158333333333333,12
ESSFxcp,Eref_at,38.2665370049526,0.158333333333333,12
ESSFxcp,Tmax_wt,36.1591084543544,0.158333333333333,12
ESSFxcp,DD_0_wt,35.8603732768823,0.158333333333333,12
ESSFxcp,Eref_sm,35.7700489415646,0.158333333333333,12
ESSFxcp,CMDMax,33.9384885787185,0.158333333333333,12
ESSFxcw,CMD_at,48.3991470287758,0.176666666666667,14
ESSFxcw,PAS_wt,47.4399061958583,0.176666666666667,14
ESSFxcw,TD,46.9143032880673,0.176666666666667,14
ESSFxcw,EMT,46.8990524062376,0.176666666666667,14
ESSFxcw,CMDMax,46.2359082485751,0.176666666666667,14
ESSFxcw,PPT_JAS,46.1964423249352,0.176666666666667,14
ESSFxh_WA,Tmin_wt,68.8535720951682,0.0979634831460674,19
ESSFxh_WA,PPT_MJ,67.7238547973113,0.0979634831460674,19
ESSFxh_WA,Eref_at,67.5466485861621,0.0979634831460674,19
ESSFxh_WA,NFFD_wt,66.9489043463117,0.0979634831460674,19
ESSFxh_WA,TD,62.8204906006822,0.0979634831460674,19
ESSFxh_WA,CMD.grow,56.7016502980984,0.0979634831460674,19
ESSFxk_MT,Eref_at,109.433548859905,0.133333333333333,27
ESSFxk_MT,Tmin_wt,95.2986486283125,0.133333333333333,27
ESSFxk_MT,NFFD_wt,87.8919409641068,0.133333333333333,27
ESSFxk_MT,Tmin_sp,84.8435871877552,0.133333333333333,27
ESSFxk_MT,DD_0_sp,83.4662341241114,0.133333333333333,27
ESSFxk_MT,PPT_JAS,83.1763223200373,0.133333333333333,27
ESSFxk_UT,Eref_at,129.144391122188,0.11930405965203,25
ESSFxk_UT,PPT_MJ,102.056410794805,0.11930405965203,25
ESSFxk_UT,PAS_wt,89.9086021327,0.11930405965203,25
ESSFxk_UT,EXT,81.5649404260694,0.11930405965203,25
ESSFxk_UT,TD,79.9177797818364,0.11930405965203,25
ESSFxk_UT,TmaxJuly,78.8109497357964,0.11930405965203,25
ESSFxk_WY,Eref_at,100.974173063053,0.144409937888199,26
ESSFxk_WY,EXT,88.7473909950647,0.144409937888199,26
ESSFxk_WY,TD,87.8848158460972,0.144409937888199,26
ESSFxk_WY,PPT_MJ,82.8511531474256,0.144409937888199,26
ESSFxk_WY,PAS_wt,82.5278745513739,0.144409937888199,26
ESSFxk_WY,CMDMax,81.2639514687843,0.144409937888199,26
ESSFxv1,Eref_at,79.0869954638975,0.191851851851852,18
ESSFxv1,PPT_JAS,64.9181187204379,0.191851851851852,18
ESSFxv1,Tmax_wt,58.5566590257306,0.191851851851852,18
ESSFxv1,TD,57.3582694103502,0.191851851851852,18
ESSFxv1,EMT,54.5630464840418,0.191851851851852,18
ESSFxv1,MCMT,52.8005637777572,0.191851851851852,18
ESSFxv2,EMT,51.1690821591247,0.170555555555556,12
ESSFxv2,PAS_at,47.3514489897641,0.170555555555556,12
ESSFxv2,NFFD_wt,43.3589597133128,0.170555555555556,12
ESSFxv2,PPT.dormant,41.6350555049509,0.170555555555556,12
ESSFxv2,Tmax_sp,38.2363714800953,0.170555555555556,12
ESSFxv2,Tmin,38.172943443201,0.170555555555556,12
ESSFxvp,PPT_JAS,76.7033817084385,0.236491228070175,19
ESSFxvp,TD,71.3622512101579,0.236491228070175,19
ESSFxvp,PAS_at,65.3560254948469,0.236491228070175,19
ESSFxvp,PPT.dormant,63.4062946739665,0.236491228070175,19
ESSFxvp,Eref_at,62.4499396367126,0.236491228070175,19
ESSFxvp,PAS_wt,58.195634307631,0.236491228070175,19
ESSFxvw,PAS_at,36.2580376931276,0.1575,8
ESSFxvw,PAS_wt,30.0259371657547,0.1575,8
ESSFxvw,PPT.dormant,29.9885875390536,0.1575,8
ESSFxvw,TD,24.3381754731806,0.1575,8
ESSFxvw,CMI,24.2399588257483,0.1575,8
ESSFxvw,NFFD_wt,21.5031527375167,0.1575,8
ESSFxw_OR,TD,159.158891081426,0.120410256410256,33
ESSFxw_OR,Eref_at,157.400213663708,0.120410256410256,33
ESSFxw_OR,PPT_JAS,115.602470603278,0.120410256410256,33
ESSFxw_OR,Tmax_wt,107.489243835628,0.120410256410256,33
ESSFxw_OR,PPT_MJ,105.092621661662,0.120410256410256,33
ESSFxw_OR,PPT_sm,100.535761598873,0.120410256410256,33
ESSFxx_WY,Eref_at,36.7185384791044,0.0891861761426979,6
ESSFxx_WY,TmaxJuly,27.6163679448787,0.0891861761426979,6
ESSFxx_WY,Eref,23.5386875882777,0.0891861761426979,6
ESSFxx_WY,EXT,20.1535193061361,0.0891861761426979,6
ESSFxx_WY,PPT_MJ,19.159185512266,0.0891861761426979,6
ESSFxx_WY,Tmax_sm,18.3448498196116,0.0891861761426979,6
FGff,CMD_sm,50.5360661366946,0.130712979890311,15
FGff,Eref_at,50.2599470405104,0.130712979890311,15
FGff,CMDMax,50.2360136507455,0.130712979890311,15
FGff,Tmin_wt,47.7522719517997,0.130712979890311,15
FGff,DD18_sp,45.1409958021522,0.130712979890311,15
FGff,PAS,41.7639999139763,0.130712979890311,15
FGnf,PPT_sm,29.6389405571838,0.0546666666666667,5
FGnf,MSP,27.8917289176449,0.0546666666666667,5
FGnf,SHM,23.8629898096601,0.0546666666666667,5
FGnf,PAS_sm,22.412146011373,0.0546666666666667,5
FGnf,Eref_sm,20.4925791549677,0.0546666666666667,5
FGnf,CMD_sm,14.9528646562433,0.0546666666666667,5
GBDdw_UT,PPT_JAS,36.9639102277865,0.103009259259259,6
GBDdw_UT,EXT,30.5742737172827,0.103009259259259,6
GBDdw_UT,Eref_at,22.6791547235627,0.103009259259259,6
GBDdw_UT,TD,20.6880207464128,0.103009259259259,6
GBDdw_UT,DD_18_wt,20.5992288430465,0.103009259259259,6
GBDdw_UT,Tave_wt,20.2509199337611,0.103009259259259,6
GBDxh_NV,TD,81.1540352813262,0.108851674641148,20
GBDxh_NV,PPT_JAS,70.6380932489442,0.108851674641148,20
GBDxh_NV,MAP,64.9617992817579,0.108851674641148,20
GBDxh_NV,PPT.dormant,61.4256205292416,0.108851674641148,20
GBDxh_NV,PPT_sm,61.0301463106339,0.108851674641148,20
GBDxh_NV,CMD.total,55.7563168831298,0.108851674641148,20
GBDxx_UT,TD,31.0428629996646,0.0868385345997286,6
GBDxx_UT,Tave_wt,20.9992791878805,0.0868385345997286,6
GBDxx_UT,MCMT,20.6830641469417,0.0868385345997286,6
GBDxx_UT,DD18_wt,20.2609889778058,0.0868385345997286,6
GBDxx_UT,MWMT,20.1580268912538,0.0868385345997286,6
GBDxx_UT,DD5_wt,19.6475371204226,0.0868385345997286,6
ICHdh_ID,Tmax_wt,66.5067909481056,0.133666666666667,20
ICHdh_ID,PAS,57.6997840212648,0.133666666666667,20
ICHdh_ID,Tave_wt,56.7140492234202,0.133666666666667,20
ICHdh_ID,PPT.dormant,56.2275631431912,0.133666666666667,20
ICHdh_ID,DD18_wt,56.1440257399236,0.133666666666667,20
ICHdh_ID,PAS_at,55.0770819818064,0.133666666666667,20
ICHdk,MSP,35.0704009592922,0.117142857142857,7
ICHdk,PPT_JAS,33.2186581480764,0.117142857142857,7
ICHdk,NFFD_wt,31.4646857599803,0.117142857142857,7
ICHdk,Tmin_wt,29.33234628942,0.117142857142857,7
ICHdk,EMT,26.5322404574901,0.117142857142857,7
ICHdk,CMD.grow,25.2084708879092,0.117142857142857,7
ICHdm,Tmin_wt,66.3439359365863,0.183333333333333,14
ICHdm,NFFD_wt,61.3138720882779,0.183333333333333,14
ICHdm,EMT,53.9841270891647,0.183333333333333,14
ICHdm,PPT_JAS,50.111165673635,0.183333333333333,14
ICHdm,CMDMax,43.8013443142314,0.183333333333333,14
ICHdm,PPT_MJ,38.9874789382213,0.183333333333333,14
ICHdw_ID,PPT_MJ,173.369735998916,0.150096310564528,45
ICHdw_ID,Eref_at,170.603840589991,0.150096310564528,45
ICHdw_ID,PPT_sm,152.271012750893,0.150096310564528,45
ICHdw_ID,TD,148.385152476063,0.150096310564528,45
ICHdw_ID,MSP,144.679708272121,0.150096310564528,45
ICHdw_ID,PPT.dormant,135.377569395339,0.150096310564528,45
ICHdw1,CMDMax,45.6307951336569,0.190666666666667,10
ICHdw1,PPT_JAS,43.743652043792,0.190666666666667,10
ICHdw1,PPT_MJ,37.4284409533507,0.190666666666667,10
ICHdw1,NFFD_sm,31.9814973702095,0.190666666666667,10
ICHdw1,PPT,31.9117853814382,0.190666666666667,10
ICHdw1,PAS_wt,31.5280141996932,0.190666666666667,10
ICHdw3,PPT.dormant,40.3999688743387,0.255744996293551,9
ICHdw3,PAS_wt,36.3230348147836,0.255744996293551,9
ICHdw3,TmaxJuly,35.3072873388634,0.255744996293551,9
ICHdw3,PAS_at,32.9958509005991,0.255744996293551,9
ICHdw3,Tmax_sm,32.0795062188255,0.255744996293551,9
ICHdw3,AHM,31.160740132026,0.255744996293551,9
ICHdw4,TD,37.2306785635996,0.235912129894938,7
ICHdw4,PPT_JAS,32.9040067548413,0.235912129894938,7
ICHdw4,PPT.dormant,31.3480340746606,0.235912129894938,7
ICHdw4,PAS_wt,31.165632660136,0.235912129894938,7
ICHdw4,PPT,29.9787465372914,0.235912129894938,7
ICHdw4,MCMT,28.8126468259484,0.235912129894938,7
ICHmc1,CMD.total,45.8617164128224,0.174,10
ICHmc1,CMI,45.167969177052,0.174,10
ICHmc1,PPT.dormant,42.229921397792,0.174,10
ICHmc1,MAP,39.3481994644038,0.174,10
ICHmc1,PPT,36.585923711266,0.174,10
ICHmc1,PPT_JAS,36.1613095032033,0.174,10
ICHmc1a,PPT.dormant,29.816095248527,0.14,5
ICHmc1a,TD,23.9447289428105,0.14,5
ICHmc1a,Tmax_wt,20.3450387416039,0.14,5
ICHmc1a,PAS_wt,20.1726956593347,0.14,5
ICHmc1a,PAS_at,19.4178444822687,0.14,5
ICHmc1a,Tave_wt,16.5404989579693,0.14,5
ICHmc2,CMI,30.4081375017744,0.113333333333333,6
ICHmc2,PPT.dormant,25.968310828923,0.113333333333333,6
ICHmc2,MAP,25.9590086124561,0.113333333333333,6
ICHmc2,CMD_at,24.0963428329523,0.113333333333333,6
ICHmc2,PPT_JAS,24.08202763347,0.113333333333333,6
ICHmc2,TD,23.9624038404628,0.113333333333333,6
ICHmh_MT,PPT_MJ,43.8214101211868,0.0714285714285714,7
ICHmh_MT,Tmin_sp,29.9874669872964,0.0714285714285714,7
ICHmh_MT,MSP,28.7317520315963,0.0714285714285714,7
ICHmh_MT,PPT_sm,24.7793371316203,0.0714285714285714,7
ICHmh_MT,DD_0,24.7413966443726,0.0714285714285714,7
ICHmh_MT,MCMT,24.2818783134704,0.0714285714285714,7
ICHmk1,CMD_at,75.154216105763,0.220392156862745,17
ICHmk1,CMDMax,69.528601539618,0.220392156862745,17
ICHmk1,PPT_JAS,67.9236076273843,0.220392156862745,17
ICHmk1,PPT_sm,67.0788797650885,0.220392156862745,17
ICHmk1,PPT_sp,57.7964846504592,0.220392156862745,17
ICHmk1,CMD,56.8953552296474,0.220392156862745,17
ICHmk2,PAS_at,65.3576500061829,0.19952380952381,14
ICHmk2,PPT.dormant,60.6886083117378,0.19952380952381,14
ICHmk2,PPT_JAS,53.8840493601865,0.19952380952381,14
ICHmk2,PPT,51.4667496040469,0.19952380952381,14
ICHmk2,MAP,48.5560363257166,0.19952380952381,14
ICHmk2,TD,46.9379164768998,0.19952380952381,14
ICHmk3,Tmin_wt,46.0569505625584,0.145454545454545,11
ICHmk3,NFFD_wt,45.3803422731402,0.145454545454545,11
ICHmk3,EMT,43.653307803779,0.145454545454545,11
ICHmk3,PPT_JAS,43.3048972548431,0.145454545454545,11
ICHmk3,PPT_sm,42.1726150589447,0.145454545454545,11
ICHmk3,Tmin_sm,36.4005730266256,0.145454545454545,11
ICHmk4,Tmin_wt,39.9859743963155,0.210833333333333,8
ICHmk4,EMT,38.9282099193283,0.210833333333333,8
ICHmk4,NFFD_wt,37.9545997770499,0.210833333333333,8
ICHmk4,MCMT,28.0340371591868,0.210833333333333,8
ICHmk4,Eref_sp,27.5751425919249,0.210833333333333,8
ICHmk4,DD5_sp,23.2695861375649,0.210833333333333,8
ICHmk5,Eref_at,41.292221412812,0.23,8
ICHmk5,TD,33.5541874172409,0.23,8
ICHmk5,Eref_sp,32.931982176313,0.23,8
ICHmk5,Tmax_sp,28.5952793105139,0.23,8
ICHmk5,MCMT,27.5217409489269,0.23,8
ICHmk5,PAS_wt,25.8673529808884,0.23,8
ICHmm,MCMT,63.7073780871048,0.192121212121212,11
ICHmm,Tmin_wt,46.3725540933044,0.192121212121212,11
ICHmm,EMT,46.349719121537,0.192121212121212,11
ICHmm,TD,42.735124366732,0.192121212121212,11
ICHmm,NFFD_wt,42.6226723918151,0.192121212121212,11
ICHmm,DD18_wt,39.6030168322123,0.192121212121212,11
ICHmw_MT,TD,69.0516979946779,0.114444444444444,18
ICHmw_MT,PPT_MJ,64.7321296533002,0.114444444444444,18
ICHmw_MT,Eref_at,60.5634480354284,0.114444444444444,18
ICHmw_MT,PPT_sp,55.8538086656229,0.114444444444444,18
ICHmw_MT,MSP,55.7453388007468,0.114444444444444,18
ICHmw_MT,PPT.dormant,52.1089169525195,0.114444444444444,18
ICHmw1,Eref_at,40.6967663423347,0.27037037037037,9
ICHmw1,PAS_wt,37.7815606638542,0.27037037037037,9
ICHmw1,Tmin_wt,36.3056332212894,0.27037037037037,9
ICHmw1,NFFD_wt,35.0554608108347,0.27037037037037,9
ICHmw1,EMT,34.6616290420589,0.27037037037037,9
ICHmw1,PPT.dormant,30.8182810817774,0.27037037037037,9
ICHmw2,PPT_sp,53.2760482720292,0.241904761904762,14
ICHmw2,CMDMax,49.7732122871117,0.241904761904762,14
ICHmw2,PPT_MJ,47.9440831134478,0.241904761904762,14
ICHmw2,TD,46.3980212746912,0.241904761904762,14
ICHmw2,PPT_JAS,45.6736655219203,0.241904761904762,14
ICHmw2,CMD_sp,45.6460976451928,0.241904761904762,14
ICHmw3,MAP,56.9979309965426,0.240888888888889,15
ICHmw3,PPT_MJ,53.3417011435112,0.240888888888889,15
ICHmw3,PPT.dormant,52.7200541979426,0.240888888888889,15
ICHmw3,CMI,47.4319679319138,0.240888888888889,15
ICHmw3,PAS_wt,45.9655031002623,0.240888888888889,15
ICHmw3,PAS_at,43.9694023691701,0.240888888888889,15
ICHmw4,CMDMax,36.5203871551595,0.135,8
ICHmw4,CMD_sp,29.5805420914631,0.135,8
ICHmw4,PPT_JAS,28.8047483405075,0.135,8
ICHmw4,PPT_sp,28.7606208637893,0.135,8
ICHmw4,DD_0_sp,28.6626903186418,0.135,8
ICHmw4,PAS_sp,25.8816481907215,0.135,8
ICHmw5,CMDMax,51.7683043107554,0.219393939393939,11
ICHmw5,PAS_wt,44.7259176278699,0.219393939393939,11
ICHmw5,CMD_at,38.0547605126833,0.219393939393939,11
ICHmw5,PPT.dormant,36.9741493917911,0.219393939393939,11
ICHmw5,PPT_sp,34.4864879780922,0.219393939393939,11
ICHmw5,PPT_JAS,34.2126750635944,0.219393939393939,11
ICHvc,TD,41.5079574656653,0.127619047619048,7
ICHvc,Tmax_wt,38.3542674785222,0.127619047619048,7
ICHvc,DD18_wt,34.1631562046671,0.127619047619048,7
ICHvc,MCMT,32.6848049891845,0.127619047619048,7
ICHvc,DD_18_wt,30.8352760131187,0.127619047619048,7
ICHvc,DD_0_wt,28.313397954561,0.127619047619048,7
ICHvk1,PAS_wt,43.0778211567201,0.266060606060606,11
ICHvk1,MCMT,41.6671306777543,0.266060606060606,11
ICHvk1,Tmin_wt,40.8891301762706,0.266060606060606,11
ICHvk1,Eref_at,37.4893186085276,0.266060606060606,11
ICHvk1,Tmax_wt,34.9108083463412,0.266060606060606,11
ICHvk1,EMT,33.2450734606187,0.266060606060606,11
ICHvk2,MCMT,34.9679533699562,0.163809523809524,7
ICHvk2,Tmin_wt,33.6578389211604,0.163809523809524,7
ICHvk2,NFFD_wt,29.7852487397797,0.163809523809524,7
ICHvk2,DD_18_wt,26.18083442681,0.163809523809524,7
ICHvk2,PPT_sm,25.8593524443413,0.163809523809524,7
ICHvk2,DD18_wt,23.3521332632656,0.163809523809524,7
ICHwc,TD,38.5275995398659,0.162962962962963,9
ICHwc,PPT.dormant,34.0572561788449,0.162962962962963,9
ICHwc,PAS_wt,33.2139173010171,0.162962962962963,9
ICHwc,DD18_wt,30.3396807288212,0.162962962962963,9
ICHwc,EXT,29.4930544517061,0.162962962962963,9
ICHwc,Tmax_sm,27.8979480342989,0.162962962962963,9
ICHwk1,PAS_wt,58.7262795131471,0.249583333333333,16
ICHwk1,EMT,57.6754359656143,0.249583333333333,16
ICHwk1,TD,54.8741617448619,0.249583333333333,16
ICHwk1,PPT.dormant,54.8138448610684,0.249583333333333,16
ICHwk1,MCMT,54.0371387140038,0.249583333333333,16
ICHwk1,Tmin_wt,53.7983240742123,0.249583333333333,16
ICHwk2,DD5.grow,26.2873382664513,0.105714285714286,7
ICHwk2,Tave_sp,25.7779757879027,0.105714285714286,7
ICHwk2,DD18_sp,25.2390369908677,0.105714285714286,7
ICHwk2,DD_18_sm,24.1078492552907,0.105714285714286,7
ICHwk2,CMI,23.6936503067148,0.105714285714286,7
ICHwk2,PAS_sm,22.7129629589017,0.105714285714286,7
ICHwk3,MCMT,45.3236727410954,0.185833333333333,8
ICHwk3,TD,37.0859628486182,0.185833333333333,8
ICHwk3,DD_0_wt,28.8850610865925,0.185833333333333,8
ICHwk3,DD_18_wt,27.7842344577824,0.185833333333333,8
ICHwk3,DD18_wt,27.0718559468324,0.185833333333333,8
ICHwk3,Tmax_wt,26.2511486713332,0.185833333333333,8
ICHwk4,MCMT,31.9287011527502,0.156488549618321,7
ICHwk4,Tmin_wt,30.0709553396113,0.156488549618321,7
ICHwk4,PPT_JAS,27.8576207748801,0.156488549618321,7
ICHwk4,NFFD_wt,26.0621707447491,0.156488549618321,7
ICHwk4,DD_18_wt,25.7397172255632,0.156488549618321,7
ICHwk4,PPT_sm,23.7288661977687,0.156488549618321,7
ICHxh_ID,Eref_at,75.8436967334311,0.142920747996438,15
ICHxh_ID,PPT_MJ,61.036300405483,0.142920747996438,15
ICHxh_ID,CMD.total,51.3831386751035,0.142920747996438,15
ICHxh_ID,MAP,50.5586701566591,0.142920747996438,15
ICHxh_ID,PPT.dormant,49.5192822107856,0.142920747996438,15
ICHxh_ID,Tmax_at,46.1526342264437,0.142920747996438,15
ICHxm1,PPT_MJ,75.5395784563488,0.235897435897436,13
ICHxm1,PPT_sp,66.9000861507872,0.235897435897436,13
ICHxm1,PPT_JAS,56.419074734042,0.235897435897436,13
ICHxm1,MSP,53.1441179262785,0.235897435897436,13
ICHxm1,PPT_sm,52.8726153359757,0.235897435897436,13
ICHxm1,CMD_at,47.4766471225641,0.235897435897436,13
ICHxw,PPT.dormant,41.2770974050739,0.188,10
ICHxw,CMDMax,38.6173347023593,0.188,10
ICHxw,PPT_sm,38.3034634318697,0.188,10
ICHxw,PPT_JAS,34.7876763835166,0.188,10
ICHxw,CMI,32.2366655299522,0.188,10
ICHxw,CMD_at,31.3284306177341,0.188,10
ICHxw_ID,PPT.dormant,48.6763695204362,0.108888888888889,12
ICHxw_ID,Tmax_wt,45.6919285160062,0.108888888888889,12
ICHxw_ID,Eref_at,39.6597729931135,0.108888888888889,12
ICHxw_ID,NFFD_sp,38.3061604620724,0.108888888888889,12
ICHxw_ID,PAS_wt,37.293178611924,0.108888888888889,12
ICHxw_ID,DD18_sp,36.4439479676362,0.108888888888889,12
ICHxw_WA,Eref_at,129.588675896512,0.141938674579624,27
ICHxw_WA,MSP,96.4476672926909,0.141938674579624,27
ICHxw_WA,Tmax_wt,95.010879888067,0.141938674579624,27
ICHxw_WA,PPT_MJ,90.0952217009101,0.141938674579624,27
ICHxw_WA,Tmax_at,86.7518259908883,0.141938674579624,27
ICHxw_WA,PAS_wt,81.3544825742269,0.141938674579624,27
ICHxwa,CMD_at,29.0290182267035,0.146666666666667,5
ICHxwa,PPT.dormant,26.6718929046272,0.146666666666667,5
ICHxwa,NFFD_sm,20.8780446255471,0.146666666666667,5
ICHxwa,CMD.total,19.6996373447105,0.146666666666667,5
ICHxwa,NFFD_sp,19.5120156764665,0.146666666666667,5
ICHxwa,PAS_at,18.1969912841373,0.146666666666667,5
IDFdc,PPT.dormant,73.9399695682109,0.164948453608247,11
IDFdc,PPT,56.3145550002335,0.164948453608247,11
IDFdc,CMI,53.1511772878737,0.164948453608247,11
IDFdc,PPT_sp,43.6302767531785,0.164948453608247,11
IDFdc,MAP,40.0881451129802,0.164948453608247,11
IDFdc,DD_0,34.1255589570246,0.164948453608247,11
IDFdh,PAS,34.7298614479708,0.138333333333333,8
IDFdh,PPT.dormant,34.2597486070233,0.138333333333333,8
IDFdh,PPT_sm,33.7657664795786,0.138333333333333,8
IDFdh,PAS_at,33.4091351109897,0.138333333333333,8
IDFdh,MAP,31.3276964670446,0.138333333333333,8
IDFdh,PPT_JAS,28.6200170707404,0.138333333333333,8
IDFdh_MT,Eref_at,95.026876678609,0.115188257817486,21
IDFdh_MT,CMD.total,77.1809904418533,0.115188257817486,21
IDFdh_MT,PPT.dormant,76.7763740803588,0.115188257817486,21
IDFdh_MT,PAS_wt,75.7976846888974,0.115188257817486,21
IDFdh_MT,CMD_at,68.9120295700421,0.115188257817486,21
IDFdh_MT,PPT,67.875580816488,0.115188257817486,21
IDFdh_UT,Eref_at,251.776430268426,0.146363636363636,55
IDFdh_UT,PPT_JAS,187.335976966063,0.146363636363636,55
IDFdh_UT,PPT_MJ,187.099574414337,0.146363636363636,55
IDFdh_UT,PPT_sm,162.481472063859,0.146363636363636,55
IDFdh_UT,TD,152.838275295624,0.146363636363636,55
IDFdh_UT,Tmin_wt,147.360051447182,0.146363636363636,55
IDFdh_WA,Eref_at,138.652756113951,0.135970600951146,31
IDFdh_WA,PPT_JAS,124.475240217684,0.135970600951146,31
IDFdh_WA,PPT_sm,122.108492790233,0.135970600951146,31
IDFdh_WA,MSP,111.034777377964,0.135970600951146,31
IDFdh_WA,PPT_MJ,103.356537332231,0.135970600951146,31
IDFdh_WA,Tmax_wt,99.7685910064589,0.135970600951146,31
IDFdk_MT,Eref_at,83.7135704124188,0.143188405797101,23
IDFdk_MT,PAS_wt,76.2974273413526,0.143188405797101,23
IDFdk_MT,PPT.dormant,70.371657389646,0.143188405797101,23
IDFdk_MT,PAS,69.765863579782,0.143188405797101,23
IDFdk_MT,DD5_sp,67.5476504496435,0.143188405797101,23
IDFdk_MT,DD_0_sp,66.4092601945084,0.143188405797101,23
IDFdk_WA,Eref_at,108.012586301076,0.101261926746691,22
IDFdk_WA,PPT_sm,97.8553968631688,0.101261926746691,22
IDFdk_WA,PPT_MJ,89.2049275195919,0.101261926746691,22
IDFdk_WA,MSP,85.5440253591947,0.101261926746691,22
IDFdk_WA,PPT_JAS,77.7143644593969,0.101261926746691,22
IDFdk_WA,CMD_at,70.2328377288546,0.101261926746691,22
IDFdk1,PPT_JAS,80.3220346477232,0.16,17
IDFdk1,PPT.dormant,73.4273797682062,0.16,17
IDFdk1,PPT_MJ,73.2675294557499,0.16,17
IDFdk1,CMD_at,71.8321553743802,0.16,17
IDFdk1,PPT_sm,63.2332937026009,0.16,17
IDFdk1,PPT_sp,62.5158908637395,0.16,17
IDFdk2,PPT.dormant,58.1809923156007,0.187142857142857,14
IDFdk2,PPT_sp,57.384823078352,0.187142857142857,14
IDFdk2,PPT_MJ,57.2614890729306,0.187142857142857,14
IDFdk2,PPT,55.3721284104109,0.187142857142857,14
IDFdk2,PPT_JAS,51.4226977485645,0.187142857142857,14
IDFdk2,PPT_sm,50.7508998852762,0.187142857142857,14
IDFdk3,PPT_sm,48.5746553801079,0.174358974358974,13
IDFdk3,PAS_sm,44.9815685069888,0.174358974358974,13
IDFdk3,PPT_MJ,40.1498078769203,0.174358974358974,13
IDFdk3,MSP,40.1421472259859,0.174358974358974,13
IDFdk3,Tmin_wt,37.9999347257793,0.174358974358974,13
IDFdk3,EMT,37.6564869835499,0.174358974358974,13
IDFdk4,PAS_at,28.2531714324384,0.131666666666667,8
IDFdk4,Tmin_sp,26.9709622307864,0.131666666666667,8
IDFdk4,Tave_at,25.5373922984329,0.131666666666667,8
IDFdk4,DD_0,24.9000815106474,0.131666666666667,8
IDFdk4,EMT,24.116486067448,0.131666666666667,8
IDFdk4,Tmin_sm,23.6248340889908,0.131666666666667,8
IDFdk5,MCMT,35.1379875087077,0.186666666666667,6
IDFdk5,DD18_wt,23.9289640524281,0.186666666666667,6
IDFdk5,Tave_wt,23.4174313010729,0.186666666666667,6
IDFdk5,DD18_sp,20.3023373730041,0.186666666666667,6
IDFdk5,Tmax,19.2723231656742,0.186666666666667,6
IDFdk5,DD_18_wt,19.2109370088487,0.186666666666667,6
IDFdkx_MT,Eref_at,213.490847276563,0.150124615159068,48
IDFdkx_MT,PPT_JAS,161.328355194177,0.150124615159068,48
IDFdkx_MT,PPT_MJ,147.963156676524,0.150124615159068,48
IDFdkx_MT,PPT_sm,136.85671994756,0.150124615159068,48
IDFdkx_MT,PAS_wt,135.045479820605,0.150124615159068,48
IDFdkx_MT,NFFD_wt,133.609137844405,0.150124615159068,48
IDFdm_MT,Eref_at,180.20387469018,0.145924186514592,40
IDFdm_MT,PAS_wt,146.719704509204,0.145924186514592,40
IDFdm_MT,TD,140.758896441515,0.145924186514592,40
IDFdm_MT,PPT_MJ,131.883971155492,0.145924186514592,40
IDFdm_MT,PPT.dormant,120.321599794605,0.145924186514592,40
IDFdm_MT,MSP,115.214399457176,0.145924186514592,40
IDFdm_WA,PPT_MJ,117.66667233654,0.118967741935484,26
IDFdm_WA,PPT_sm,116.280075834376,0.118967741935484,26
IDFdm_WA,Eref_at,97.7223696405851,0.118967741935484,26
IDFdm_WA,SHM,96.5024276718199,0.118967741935484,26
IDFdm_WA,MSP,94.3570939283787,0.118967741935484,26
IDFdm_WA,PAS_wt,92.2898733012432,0.118967741935484,26
IDFdm1,MSP,57.1377980456932,0.132,10
IDFdm1,PPT_MJ,54.7167196469423,0.132,10
IDFdm1,CMDMax,54.5194129592102,0.132,10
IDFdm1,PPT_sm,48.3674447854443,0.132,10
IDFdm1,SHM,47.4588915976905,0.132,10
IDFdm1,CMD_at,45.5055455594861,0.132,10
IDFdm2,Tmin_wt,45.0706674694481,0.1525,8
IDFdm2,NFFD_wt,38.6969908607823,0.1525,8
IDFdm2,TD,37.1359525735138,0.1525,8
IDFdm2,MCMT,32.8564885967514,0.1525,8
IDFdm2,EMT,28.3184180542292,0.1525,8
IDFdm2,DD_0_wt,24.0997419250398,0.1525,8
IDFdw,DD_0,39.3747684931127,0.170666666666667,10
IDFdw,CMD_sm,39.1007812571334,0.170666666666667,10
IDFdw,Tmin_at,36.7452651370204,0.170666666666667,10
IDFdw,DD5_wt,31.8927665066747,0.170666666666667,10
IDFdw,CMD.grow,25.8678372510391,0.170666666666667,10
IDFdw,CMI,25.7393542214909,0.170666666666667,10
IDFdx_MT,Eref_at,185.748463846482,0.14446823697359,49
IDFdx_MT,PPT_MJ,179.345507950613,0.14446823697359,49
IDFdx_MT,PPT_JAS,150.237914556952,0.14446823697359,49
IDFdx_MT,PAS_wt,147.431512096467,0.14446823697359,49
IDFdx_MT,PPT.dormant,144.361721396614,0.14446823697359,49
IDFdx_MT,TD,135.588519576879,0.14446823697359,49
IDFdxx_WY,Eref_at,98.6940870025612,0.142164292209761,24
IDFdxx_WY,PPT_MJ,96.1381481691543,0.142164292209761,24
IDFdxx_WY,PPT.dormant,76.8912640293518,0.142164292209761,24
IDFdxx_WY,EXT,71.7133449246109,0.142164292209761,24
IDFdxx_WY,SHM,69.2463793142196,0.142164292209761,24
IDFdxx_WY,PAS_wt,67.0263092219425,0.142164292209761,24
IDFmw2,PPT_JAS,67.2265006410956,0.229047619047619,14
IDFmw2,MSP,59.7936978165308,0.229047619047619,14
IDFmw2,PPT_sm,56.9701754807813,0.229047619047619,14
IDFmw2,PPT_MJ,53.610485890052,0.229047619047619,14
IDFmw2,NFFD_wt,53.3621370931142,0.229047619047619,14
IDFmw2,Tmin_wt,52.8284453382569,0.229047619047619,14
IDFww,Eref_at,91.0473783666619,0.189206349206349,21
IDFww,CMI,80.5166148172945,0.189206349206349,21
IDFww,PPT_sm,74.778437086608,0.189206349206349,21
IDFww,PPT.dormant,72.8285296996289,0.189206349206349,21
IDFww,CMD_at,70.9448249979824,0.189206349206349,21
IDFww,NFFD_wt,68.0156655909202,0.189206349206349,21
IDFww1,PPT.dormant,41.3442062599655,0.218095238095238,7
IDFww1,CMI,35.9683907885584,0.218095238095238,7
IDFww1,MAP,29.9259962250861,0.218095238095238,7
IDFww1,PPT_sp,26.4833552338241,0.218095238095238,7
IDFww1,PPT,25.422759840233,0.218095238095238,7
IDFww1,PAS_wt,21.5316100509557,0.218095238095238,7
IDFxc,PPT.dormant,64.2572281594401,0.173333333333333,9
IDFxc,CMI,48.340475722318,0.173333333333333,9
IDFxc,MAP,41.1184004992587,0.173333333333333,9
IDFxc,PPT,39.6856110180121,0.173333333333333,9
IDFxc,PAS_wt,36.3006334167189,0.173333333333333,9
IDFxc,CMD.total,34.3685392975069,0.173333333333333,9
IDFxh_ID,Eref_at,163.530370127289,0.144955079474775,39
IDFxh_ID,TD,155.473893398915,0.144955079474775,39
IDFxh_ID,PPT_MJ,143.215719385113,0.144955079474775,39
IDFxh_ID,PPT_JAS,135.989299402168,0.144955079474775,39
IDFxh_ID,PAS_wt,131.479597977883,0.144955079474775,39
IDFxh_ID,PPT_sm,131.360896143057,0.144955079474775,39
IDFxh_OR,CMD_at,59.0590947845695,0.127272727272727,14
IDFxh_OR,Eref_at,55.0220328461243,0.127272727272727,14
IDFxh_OR,MSP,53.6735563324943,0.127272727272727,14
IDFxh_OR,PPT_JAS,51.7978521229056,0.127272727272727,14
IDFxh_OR,CMD.total,49.3289289451468,0.127272727272727,14
IDFxh_OR,TD,48.2060093687567,0.127272727272727,14
IDFxh_WA,Eref_at,142.590766672658,0.119602763385147,31
IDFxh_WA,PPT_sm,126.481044416286,0.119602763385147,31
IDFxh_WA,PPT_JAS,118.910131810583,0.119602763385147,31
IDFxh_WA,PPT_MJ,115.149470718485,0.119602763385147,31
IDFxh_WA,PAS_wt,113.31911847499,0.119602763385147,31
IDFxh_WA,MSP,106.74365117359,0.119602763385147,31
IDFxh1,PPT_JAS,57.9413540675272,0.147333333333333,10
IDFxh1,PPT_MJ,46.1283921926593,0.147333333333333,10
IDFxh1,PPT_sm,41.1101381890134,0.147333333333333,10
IDFxh1,CMD_at,40.6784689101977,0.147333333333333,10
IDFxh1,PPT_sp,39.0966238764172,0.147333333333333,10
IDFxh1,SHM,36.482711375616,0.147333333333333,10
IDFxh2,PPT.dormant,71.883261893919,0.197619047619048,14
IDFxh2,CMI,68.9931250197274,0.197619047619048,14
IDFxh2,PPT_sm,63.7397795602435,0.197619047619048,14
IDFxh2,PPT,63.4424492176926,0.197619047619048,14
IDFxh2,PPT_sp,62.0564999438618,0.197619047619048,14
IDFxh2,MAP,60.7240126806737,0.197619047619048,14
IDFxk,NFFD_wt,17.788737869079,0.0666666666666667,3
IDFxk,MCMT,17.129290403583,0.0666666666666667,3
IDFxk,DD18_wt,16.475925452656,0.0666666666666667,3
IDFxk,DD_18_wt,16.3021401961845,0.0666666666666667,3
IDFxk,DD_0_wt,16.155133331983,0.0666666666666667,3
IDFxk,Tave_wt,14.1196481173744,0.0666666666666667,3
IDFxm,PPT_MJ,47.9454522421385,0.116190476190476,7
IDFxm,MSP,45.0369293104768,0.116190476190476,7
IDFxm,PPT_JAS,39.9288390211546,0.116190476190476,7
IDFxm,PPT_sm,37.746856220577,0.116190476190476,7
IDFxm,CMD_at,24.6447515071542,0.116190476190476,7
IDFxm,Tmin,24.1808839016306,0.116190476190476,7
IDFxm_CO,Eref_at,167.662879706031,0.139008620689655,35
IDFxm_CO,PPT_MJ,112.061755263218,0.139008620689655,35
IDFxm_CO,PPT_JAS,111.784006275145,0.139008620689655,35
IDFxm_CO,PPT_sm,101.75696979591,0.139008620689655,35
IDFxm_CO,PAS_wt,98.3640653107905,0.139008620689655,35
IDFxm_CO,EXT,95.5148539068346,0.139008620689655,35
IDFxw,EMT,36.532811891109,0.176296296296296,9
IDFxw,PAS_wt,35.539103058898,0.176296296296296,9
IDFxw,PPT_JAS,33.8525617443941,0.176296296296296,9
IDFxw,CMI,32.1954134725992,0.176296296296296,9
IDFxw,SHM,30.3721059581563,0.176296296296296,9
IDFxw,PPT_sm,29.1881668893142,0.176296296296296,9
IDFxx_MT,Eref_at,83.7296377996205,0.102685624012638,17
IDFxx_MT,Tmax_wt,80.8649510896048,0.102685624012638,17
IDFxx_MT,PPT_MJ,64.2812660868037,0.102685624012638,17
IDFxx_MT,PPT_JAS,63.0273014623326,0.102685624012638,17
IDFxx_MT,PPT.dormant,57.9612795191283,0.102685624012638,17
IDFxx_MT,PAS_wt,56.0953868885838,0.102685624012638,17
IDFxx_WA,PAS,48.1653836450345,0.0854179377669311,11
IDFxx_WA,Eref_at,45.5636393365721,0.0854179377669311,11
IDFxx_WA,Tmax_wt,40.146475788315,0.0854179377669311,11
IDFxx_WA,CMI,39.5363498648279,0.0854179377669311,11
IDFxx_WA,Eref_wt,35.4506545948588,0.0854179377669311,11
IDFxx_WA,MCMT,35.3728453967249,0.0854179377669311,11
IDFxx1,PPT.dormant,30.2074573749438,0.104,5
IDFxx1,PAS_wt,24.4878430169135,0.104,5
IDFxx1,Tmax_wt,20.1128096193925,0.104,5
IDFxx1,PAS_at,19.9177229272699,0.104,5
IDFxx1,DD_18_wt,16.9013566734587,0.104,5
IDFxx1,DD_0_at,15.7584897772805,0.104,5
IDFxx2,CMD_at,12.8528473558509,0.116666666666667,2
IDFxx2,CMD_sm,7.39468228086684,0.116666666666667,2
IDFxx2,SHM,6.81419310217307,0.116666666666667,2
IDFxx2,CMDMax,6.80066481321003,0.116666666666667,2
IDFxx2,CMD.grow,6.57703317286545,0.116666666666667,2
IDFxx2,PAS_sm,5.93512624074658,0.116666666666667,2
IGFdk_WA,TD,112.17267138791,0.114081145584726,28
IGFdk_WA,CMDMax,102.752674447043,0.114081145584726,28
IGFdk_WA,Eref_at,101.003689584231,0.114081145584726,28
IGFdk_WA,PPT_MJ,84.837181379238,0.114081145584726,28
IGFdk_WA,Tmax_wt,83.9904887960255,0.114081145584726,28
IGFdk_WA,PAS_sp,80.0481614672936,0.114081145584726,28
IGFdw_OR,PPT_MJ,103.272137722925,0.119419642857143,30
IGFdw_OR,CMD.total,101.63634332355,0.119419642857143,30
IGFdw_OR,PPT_sm,99.792550119339,0.119419642857143,30
IGFdw_OR,MSP,93.9863931160235,0.119419642857143,30
IGFdw_OR,Eref_at,93.5288197199142,0.119419642857143,30
IGFdw_OR,CMDMax,88.365889949843,0.119419642857143,30
IGFmh_OR,TD,125.6709095506,0.121590909090909,24
IGFmh_OR,Eref_at,108.535171570052,0.121590909090909,24
IGFmh_OR,PPT_JAS,106.123020287033,0.121590909090909,24
IGFmh_OR,MSP,90.8863555792701,0.121590909090909,24
IGFmh_OR,PPT.dormant,81.3044725361202,0.121590909090909,24
IGFmh_OR,PPT_sm,80.3408718522427,0.121590909090909,24
IGFmm_OR,Eref_at,233.217008420443,0.148193963384463,55
IGFmm_OR,PAS_wt,200.911359095759,0.148193963384463,55
IGFmm_OR,PPT_MJ,200.018193019881,0.148193963384463,55
IGFmm_OR,PPT_JAS,183.870299327739,0.148193963384463,55
IGFmm_OR,TD,179.205903483126,0.148193963384463,55
IGFmm_OR,PPT.dormant,174.321623213789,0.148193963384463,55
IGFxm_OR,PPT_MJ,155.175241487158,0.122533936651584,38
IGFxm_OR,PPT_JAS,139.897323607308,0.122533936651584,38
IGFxm_OR,PPT.dormant,138.203005115038,0.122533936651584,38
IGFxm_OR,PPT_sm,135.751837442771,0.122533936651584,38
IGFxm_OR,Eref_at,134.019503461572,0.122533936651584,38
IGFxm_OR,MSP,124.295911757193,0.122533936651584,38
IMAab,Eref_at,73.9683541439877,0.249333333333333,15
IMAab,Tmin_wt,63.3546777783602,0.249333333333333,15
IMAab,NFFD_wt,62.8276873769308,0.249333333333333,15
IMAab,EMT,61.5720588032919,0.249333333333333,15
IMAab,PAS_wt,54.4415960796124,0.249333333333333,15
IMAab,PPT.dormant,50.6347452902072,0.249333333333333,15
IMAun,TD,104.962975396699,0.256551724137931,29
IMAun,Eref_at,95.8924187253794,0.256551724137931,29
IMAun,PAS_wt,94.9266443471098,0.256551724137931,29
IMAun,EMT,93.7777800858578,0.256551724137931,29
IMAun,NFFD_wt,91.3404577715658,0.256551724137931,29
IMAun,Tmin_wt,89.3763290252293,0.256551724137931,29
IWFdm_CO,PPT_JAS,61.5363213514989,0.128158015617823,17
IWFdm_CO,EXT,58.8346631656381,0.128158015617823,17
IWFdm_CO,PPT_MJ,55.7692272388865,0.128158015617823,17
IWFdm_CO,SHM,52.9138693086235,0.128158015617823,17
IWFdm_CO,PPT_sm,50.1465338393534,0.128158015617823,17
IWFdm_CO,MSP,46.7378461226499,0.128158015617823,17
IWFdw_OR,Eref_at,160.662696043623,0.128169014084507,34
IWFdw_OR,TD,134.284318615554,0.128169014084507,34
IWFdw_OR,PPT.dormant,117.513710394201,0.128169014084507,34
IWFdw_OR,CMD.total,104.660868898353,0.128169014084507,34
IWFdw_OR,PAS_wt,101.71788664092,0.128169014084507,34
IWFdw_OR,MSP,101.42222154822,0.128169014084507,34
IWFxk_NV,Eref_at,181.156352905317,0.152656104380242,37
IWFxk_NV,PPT_JAS,153.905249032138,0.152656104380242,37
IWFxk_NV,TD,143.705223833969,0.152656104380242,37
IWFxk_NV,PPT_MJ,132.388308149644,0.152656104380242,37
IWFxk_NV,PPT.dormant,119.16137674771,0.152656104380242,37
IWFxk_NV,PAS_wt,109.648904959879,0.152656104380242,37
IWFxm_CA,PPT.dormant,59.5055251383561,0.127696793002915,12
IWFxm_CA,AHM,43.2753993741147,0.127696793002915,12
IWFxm_CA,CMI,43.0017336250609,0.127696793002915,12
IWFxm_CA,PAS,41.8384844515763,0.127696793002915,12
IWFxm_CA,PAS_wt,40.2501124500385,0.127696793002915,12
IWFxm_CA,PPT,38.1309084867772,0.127696793002915,12
JPWdm_WY,Eref_at,118.831121523595,0.126656394453005,23
JPWdm_WY,PPT_JAS,98.379845036957,0.126656394453005,23
JPWdm_WY,PPT_MJ,91.3127133071767,0.126656394453005,23
JPWdm_WY,PAS_wt,72.2697872869967,0.126656394453005,23
JPWdm_WY,TD,70.8743001536135,0.126656394453005,23
JPWdm_WY,SHM,70.1054571893562,0.126656394453005,23
JPWdw_UT,PPT_MJ,113.281443717489,0.119948849104859,30
JPWdw_UT,PPT_JAS,102.570562327579,0.119948849104859,30
JPWdw_UT,Eref_at,99.3911727565126,0.119948849104859,30
JPWdw_UT,MSP,96.2366163361708,0.119948849104859,30
JPWdw_UT,PAS_wt,96.1961176615357,0.119948849104859,30
JPWdw_UT,SHM,89.1720068935145,0.119948849104859,30
JPWwm_CO,EXT,33.4387761516611,0.0811965811965812,8
JPWwm_CO,TD,22.1304504999677,0.0811965811965812,8
JPWwm_CO,PAS_at,21.242752458273,0.0811965811965812,8
JPWwm_CO,PPT_sm,20.173202654754,0.0811965811965812,8
JPWwm_CO,Tmax_wt,17.6748258189162,0.0811965811965812,8
JPWwm_CO,DD18_sm,17.5519131924916,0.0811965811965812,8
JPWxh_CA,TD,53.898459293452,0.0881731784582893,17
JPWxh_CA,PPT.dormant,44.4385920552034,0.0881731784582893,17
JPWxh_CA,AHM,42.3979848332906,0.0881731784582893,17
JPWxh_CA,Eref_at,42.2749826041382,0.0881731784582893,17
JPWxh_CA,MAP,42.1776311538885,0.0881731784582893,17
JPWxh_CA,CMD.total,42.06123311971,0.0881731784582893,17
JPWxw_NV,Eref_at,287.894949723156,0.142872340425532,69
JPWxw_NV,TD,239.141181999755,0.142872340425532,69
JPWxw_NV,PPT.dormant,213.786563143296,0.142872340425532,69
JPWxw_NV,PPT_JAS,213.001670587019,0.142872340425532,69
JPWxw_NV,PAS_wt,198.840841688573,0.142872340425532,69
JPWxw_NV,PPT_MJ,196.870376343542,0.142872340425532,69
MGPdm,CMD_sm,24.0330834006568,0.0565693430656934,4
MGPdm,Eref,19.6307335532213,0.0565693430656934,4
MGPdm,PPT_sm,19.1064075712621,0.0565693430656934,4
MGPdm,Eref_at,17.8772323106076,0.0565693430656934,4
MGPdm,CMDMax,17.3706228402485,0.0565693430656934,4
MGPdm,CMD.total,15.5051906046966,0.0565693430656934,4
MGPmg,EXT,27.4894831951573,0.0564042303172738,6
MGPmg,PPT_sp,24.5841563444476,0.0564042303172738,6
MGPmg,TmaxJuly,24.3192815038081,0.0564042303172738,6
MGPmg,PAS_sm,24.2841683491036,0.0564042303172738,6
MGPmg,CMD.total,20.9646586017921,0.0564042303172738,6
MGPmg,DD5_sm,20.5564626410974,0.0564042303172738,6
MGPmw_MT,Eref_at,93.994893774068,0.132411067193676,25
MGPmw_MT,PPT_JAS,92.2515837364596,0.132411067193676,25
MGPmw_MT,MSP,80.4336653646705,0.132411067193676,25
MGPmw_MT,PPT_MJ,77.7313920981396,0.132411067193676,25
MGPmw_MT,PPT_sm,75.4101920208969,0.132411067193676,25
MGPmw_MT,SHM,66.209881589546,0.132411067193676,25
MHdm_OR,Eref_at,75.0803821381071,0.130281690140845,19
MHdm_OR,CMDMax,71.0944159091099,0.130281690140845,19
MHdm_OR,CMD.total,61.6310380502349,0.130281690140845,19
MHdm_OR,PPT_JAS,59.2409985108182,0.130281690140845,19
MHdm_OR,CMD,58.401937698693,0.130281690140845,19
MHdm_OR,NFFD_sp,55.947718506959,0.130281690140845,19
MHds_OR,PPT_MJ,58.8283180622615,0.0906370243693886,16
MHds_OR,Tmin_wt,54.8172227906156,0.0906370243693886,16
MHds_OR,Tmax_wt,53.5027941896162,0.0906370243693886,16
MHds_OR,NFFD_wt,52.7889789835268,0.0906370243693886,16
MHds_OR,Eref_at,52.6418103470861,0.0906370243693886,16
MHds_OR,Tmin_sp,50.934664820577,0.0906370243693886,16
MHds_WA,CMDMax,59.4521109840533,0.167179487179487,13
MHds_WA,CMD,45.5156442181446,0.167179487179487,13
MHds_WA,CMD_sm,44.0692095907871,0.167179487179487,13
MHds_WA,Tmax_wt,43.3445875089001,0.167179487179487,13
MHds_WA,TD,36.6235271062967,0.167179487179487,13
MHds_WA,CMD.grow,36.283877977362,0.167179487179487,13
MHmm_WA,CMDMax,81.9445163583041,0.146274509803922,17
MHmm_WA,Eref_at,73.0972895431066,0.146274509803922,17
MHmm_WA,TD,58.0637055546505,0.146274509803922,17
MHmm_WA,CMD_sm,54.354708854361,0.146274509803922,17
MHmm_WA,CMD,52.9889606520627,0.146274509803922,17
MHmm_WA,CMD.grow,52.7957129537732,0.146274509803922,17
MHmm1,Eref_at,145.146040018075,0.223869532987398,18
MHmm1,Eref,69.2046670017847,0.223869532987398,18
MHmm1,Eref_sm,66.7311850322102,0.223869532987398,18
MHmm1,NFFD_sp,53.4182135249929,0.223869532987398,18
MHmm1,DD18_sp,51.2667917261794,0.223869532987398,18
MHmm1,DD_18_sp,51.2577214201663,0.223869532987398,18
MHmm2,Eref_at,214.033266839867,0.248833333333333,40
MHmm2,Tmax_wt,128.158093632991,0.248833333333333,40
MHmm2,TD,126.950700302356,0.248833333333333,40
MHmm2,MCMT,126.456789670197,0.248833333333333,40
MHmm2,DD18_wt,120.744998981936,0.248833333333333,40
MHmm2,Eref,117.292090100739,0.248833333333333,40
MHmmp,Eref_at,102.741115256004,0.256533333333333,25
MHmmp,TD,98.1008442300468,0.256533333333333,25
MHmmp,Tmax_wt,90.3323365569918,0.256533333333333,25
MHmmp,MCMT,73.3398185164643,0.256533333333333,25
MHmmp,Eref,67.5089265172697,0.256533333333333,25
MHmmp,DD18_wt,66.7628118309387,0.256533333333333,25
MHms_WA,CMDMax,70.612364798518,0.144,15
MHms_WA,CMD.total,58.0860117074018,0.144,15
MHms_WA,CMD,50.8828167001461,0.144,15
MHms_WA,Eref_at,48.9738419336337,0.144,15
MHms_WA,PPT_JAS,47.4841460353957,0.144,15
MHms_WA,CMD.grow,47.1149351815101,0.144,15
MHRFdm_OR,PPT_MJ,59.7177848016028,0.114914425427873,17
MHRFdm_OR,Tmin_sp,56.9831119994077,0.114914425427873,17
MHRFdm_OR,DD_0_sp,49.6022544387999,0.114914425427873,17
MHRFdm_OR,PPT_sm,49.2806850793887,0.114914425427873,17
MHRFdm_OR,PAS_sp,48.5463011445407,0.114914425427873,17
MHRFdm_OR,PPT_sp,47.9624427884605,0.114914425427873,17
MHRFds_CA,Eref_at,86.2928550380583,0.108659861705631,21
MHRFds_CA,PPT.dormant,83.017059487896,0.108659861705631,21
MHRFds_CA,PPT_MJ,65.6895041803482,0.108659861705631,21
MHRFds_CA,PAS_sp,64.9699884541691,0.108659861705631,21
MHRFds_CA,Tmax_wt,64.3113172323324,0.108659861705631,21
MHRFds_CA,TD,63.0016577959422,0.108659861705631,21
MHRFmm_OR,Eref_at,56.6622017330034,0.100431034482759,16
MHRFmm_OR,PAS_sp,51.9020357697515,0.100431034482759,16
MHRFmm_OR,MSP,51.0440224394511,0.100431034482759,16
MHRFmm_OR,PPT_sm,45.1120276621464,0.100431034482759,16
MHRFmm_OR,SHM,45.0796800329513,0.100431034482759,16
MHRFmm_OR,Tmin_sp,44.17928809748,0.100431034482759,16
MHun,CMI,29.7866171856003,0.0433333333333333,4
MHun,PPT.dormant,21.8880341226853,0.0433333333333333,4
MHun,MAP,20.5291919881413,0.0433333333333333,4
MHun,PAS_sp,15.8348696142686,0.0433333333333333,4
MHun,NFFD,15.72426132349,0.0433333333333333,4
MHun,NFFD_sm,13.4094181178658,0.0433333333333333,4
MHwh,NFFD_at,25.1969305326638,0.153333333333333,5
MHwh,Tmin_wt,22.5605941401995,0.153333333333333,5
MHwh,DD_0,22.5095636533478,0.153333333333333,5
MHwh,DD_0_wt,21.3925004496518,0.153333333333333,5
MHwh,MCMT,21.2835178207774,0.153333333333333,5
MHwh,EMT,21.2058000308027,0.153333333333333,5
MHwh1,Eref_at,34.6684086444972,0.182652210175146,8
MHwh1,DD_18_sp,34.0731547719397,0.182652210175146,8
MHwh1,DD_0_sp,33.2453351916748,0.182652210175146,8
MHwh1,Tave_sp,32.2820038144611,0.182652210175146,8
MHwh1,Tmin_sp,32.0254542128458,0.182652210175146,8
MHwh1,Tmin_sm,30.9198015430426,0.182652210175146,8
MHwhp,Tmax_sp,41.348533358348,0.190909090909091,11
MHwhp,DD_0_sp,39.3126146761514,0.190909090909091,11
MHwhp,NFFD_at,39.2762525836854,0.190909090909091,11
MHwhp,Eref_sm,35.2873336628242,0.190909090909091,11
MHwhp,Eref_sp,35.1663231330716,0.190909090909091,11
MHwhp,PPT_sm,33.4040425511372,0.190909090909091,11
MMMdk_NV,TD,98.4345929389444,0.104823395366502,18
MMMdk_NV,Eref_at,91.765479030694,0.104823395366502,18
MMMdk_NV,PPT_JAS,79.8593936216695,0.104823395366502,18
MMMdk_NV,EXT,65.0169255073223,0.104823395366502,18
MMMdk_NV,PPT.dormant,64.6868480571284,0.104823395366502,18
MMMdk_NV,Tmax_sm,63.1852383429024,0.104823395366502,18
MSabN,DD18_sp,29.389649701888,0.124166666666667,8
MSabN,Tmin_wt,28.8899644680704,0.124166666666667,8
MSabN,DD18_wt,28.1071832243544,0.124166666666667,8
MSabN,TD,25.7886498818532,0.124166666666667,8
MSabN,PPT.dormant,25.6845426386293,0.124166666666667,8
MSabN,PAS_at,25.544007965824,0.124166666666667,8
MSabS,Tmin_wt,51.8702045380942,0.125714285714286,14
MSabS,NFFD_wt,51.2359466576491,0.125714285714286,14
MSabS,CMDMax,50.2809164568398,0.125714285714286,14
MSabS,DD5_sp,49.7939058030032,0.125714285714286,14
MSabS,PAS_at,48.3922936930007,0.125714285714286,14
MSabS,DD18_sp,48.2087443253904,0.125714285714286,14
MSdc1,Tmin_wt,30.2233173878733,0.261481481481481,9
MSdc1,Tmax_wt,29.375445735203,0.261481481481481,9
MSdc1,NFFD_wt,28.154612480927,0.261481481481481,9
MSdc1,Tmax_sm,26.4523779743869,0.261481481481481,9
MSdc1,DD_18_wt,26.4260131127116,0.261481481481481,9
MSdc1,CMI,25.5833287839688,0.261481481481481,9
MSdc2,DD5_wt,38.177114678536,0.141333333333333,10
MSdc2,DD_0,34.6637063381253,0.141333333333333,10
MSdc2,DD18_wt,32.3067398015782,0.141333333333333,10
MSdc2,Tave_wt,32.2789345180837,0.141333333333333,10
MSdc2,eFFP,30.9164976469767,0.141333333333333,10
MSdc2,CMD,30.7867920091748,0.141333333333333,10
MSdc3,CMI,42.8920817669054,0.165714285714286,7
MSdc3,PPT,30.8540403258564,0.165714285714286,7
MSdc3,PPT.dormant,28.3929090946525,0.165714285714286,7
MSdc3,CMD.total,28.2604187965575,0.165714285714286,7
MSdc3,PAS,25.7865241890984,0.165714285714286,7
MSdc3,PAS_wt,24.9517836036072,0.165714285714286,7
MSdh_MT,Eref_at,124.235376205827,0.151006711409396,32
MSdh_MT,PPT.dormant,105.413613624452,0.151006711409396,32
MSdh_MT,TD,98.5629270474085,0.151006711409396,32
MSdh_MT,PAS_at,95.0621019839978,0.151006711409396,32
MSdh_MT,Tmax_sm,90.8135889797285,0.151006711409396,32
MSdh_MT,Tmin_wt,89.1862305351118,0.151006711409396,32
MSdh_UT,Eref_at,209.045233207462,0.139068344100646,41
MSdh_UT,PPT_JAS,148.356979176864,0.139068344100646,41
MSdh_UT,PPT_MJ,142.971216719493,0.139068344100646,41
MSdh_UT,EXT,123.951999101132,0.139068344100646,41
MSdh_UT,PAS_wt,119.616912473311,0.139068344100646,41
MSdh_UT,Tmax_wt,114.590009248192,0.139068344100646,41
MSdh_WY,Eref_at,195.516856364144,0.144841856340526,46
MSdh_WY,PPT_MJ,160.659662347909,0.144841856340526,46
MSdh_WY,PAS_wt,148.871521783534,0.144841856340526,46
MSdh_WY,PPT.dormant,138.872587831814,0.144841856340526,46
MSdh_WY,PPT_JAS,133.123119648906,0.144841856340526,46
MSdh_WY,CMD.total,132.236569760647,0.144841856340526,46
MSdk,Eref_at,57.7122316891016,0.22974358974359,13
MSdk,TD,55.567692517202,0.22974358974359,13
MSdk,Tmin_wt,54.092105460768,0.22974358974359,13
MSdk,NFFD_wt,44.2579736106929,0.22974358974359,13
MSdk,MCMT,39.7843191554027,0.22974358974359,13
MSdk,Eref,39.2973224576826,0.22974358974359,13
MSdk_CO,PPT_sm,52.7350110139487,0.136867469879518,16
MSdk_CO,SHM,51.8460938248473,0.136867469879518,16
MSdk_CO,PPT_JAS,49.478186467432,0.136867469879518,16
MSdk_CO,PPT.dormant,49.4230019487007,0.136867469879518,16
MSdk_CO,PPT_MJ,47.134996743056,0.136867469879518,16
MSdk_CO,PAS_wt,43.5163261578827,0.136867469879518,16
MSdm_WA,PPT_MJ,146.190481947566,0.135215159889459,34
MSdm_WA,PPT.dormant,124.684129713744,0.135215159889459,34
MSdm_WA,Eref_at,120.17493080808,0.135215159889459,34
MSdm_WA,MSP,119.880367934459,0.135215159889459,34
MSdm_WA,PPT_JAS,112.411549074508,0.135215159889459,34
MSdm_WA,PAS_wt,111.577803234615,0.135215159889459,34
MSdm1,TmaxJuly,33.7391144450824,0.218333333333333,8
MSdm1,CMD.total,28.3289969813344,0.218333333333333,8
MSdm1,MAP,27.2132544682201,0.218333333333333,8
MSdm1,PPT.dormant,26.3315408001071,0.218333333333333,8
MSdm1,PAS_wt,25.9362998686226,0.218333333333333,8
MSdm1,PPT_JAS,24.7476667198339,0.218333333333333,8
MSdm2,PPT_sp,71.1093993569544,0.158333333333333,16
MSdm2,PAS_wt,66.0395863197276,0.158333333333333,16
MSdm2,PPT_JAS,62.1848122789228,0.158333333333333,16
MSdm2,PPT.dormant,58.7831224796291,0.158333333333333,16
MSdm2,CMDMax,55.0522374666652,0.158333333333333,16
MSdm2,CMI,53.7967853656006,0.158333333333333,16
MSdm3,PPT_JAS,51.6074221325282,0.213846153846154,13
MSdm3,TD,49.4131312423408,0.213846153846154,13
MSdm3,MAP,44.7500963717606,0.213846153846154,13
MSdm3,MSP,44.2269225198526,0.213846153846154,13
MSdm3,PPT_sm,43.3981511653058,0.213846153846154,13
MSdm3,CMD.total,41.1367752603328,0.213846153846154,13
MSdv,eFFP,28.7741334065994,0.128888888888889,6
MSdv,NFFD_at,24.2054399292995,0.128888888888889,6
MSdv,Eref_at,20.5984389636875,0.128888888888889,6
MSdv,Tmax_at,19.6076605426357,0.128888888888889,6
MSdv,NFFD_wt,17.1955736180302,0.128888888888889,6
MSdv,Eref,16.9908096626228,0.128888888888889,6
MSdw,Tmin_wt,73.9311649096311,0.217619047619048,14
MSdw,EMT,62.819455156867,0.217619047619048,14
MSdw,NFFD_wt,61.231821243443,0.217619047619048,14
MSdw,Eref_sp,49.0269333762009,0.217619047619048,14
MSdw,PPT.dormant,45.16063997872,0.217619047619048,14
MSdw,PAS_at,44.474055100996,0.217619047619048,14
MSdw_MT,PPT_MJ,149.891234178896,0.154033832140534,41
MSdw_MT,Eref_at,143.207841720419,0.154033832140534,41
MSdw_MT,Tmin_wt,128.368618660445,0.154033832140534,41
MSdw_MT,TD,121.19772193019,0.154033832140534,41
MSdw_MT,PAS_wt,119.599060949787,0.154033832140534,41
MSdw_MT,PPT.dormant,119.389457334749,0.154033832140534,41
MSmm_ID,Eref_at,149.485056170358,0.138394547519879,36
MSmm_ID,PPT_MJ,120.76956926417,0.138394547519879,36
MSmm_ID,TD,112.745860532647,0.138394547519879,36
MSmm_ID,PPT_JAS,112.421474185768,0.138394547519879,36
MSmm_ID,Tmax_wt,109.582878260679,0.138394547519879,36
MSmm_ID,PPT.dormant,105.913628549382,0.138394547519879,36
MSxh_OR,TD,94.2342861352654,0.121943267036192,21
MSxh_OR,Eref_at,86.2232440563673,0.121943267036192,21
MSxh_OR,PPT.dormant,75.4789334416046,0.121943267036192,21
MSxh_OR,PPT_sm,73.688741835207,0.121943267036192,21
MSxh_OR,CMD.total,72.9706941889585,0.121943267036192,21
MSxh_OR,PPT_JAS,69.9540047094094,0.121943267036192,21
MSxk_WA,Eref_at,142.571535007985,0.113207547169811,29
MSxk_WA,PPT_MJ,103.616975176888,0.113207547169811,29
MSxk_WA,TD,103.118592154048,0.113207547169811,29
MSxk_WA,PPT.dormant,94.7410935043654,0.113207547169811,29
MSxk_WA,PAS_wt,91.3201770380936,0.113207547169811,29
MSxk_WA,Eref_sm,90.5373152383306,0.113207547169811,29
MSxk1,PPT_JAS,33.3329062102093,0.1525,8
MSxk1,Tave_sp,28.5518848019279,0.1525,8
MSxk1,Tmax_sp,27.3408894344205,0.1525,8
MSxk1,PPT_sp,27.2955486643945,0.1525,8
MSxk1,CMDMax,25.4952240876759,0.1525,8
MSxk1,CMD_at,25.3676943058054,0.1525,8
MSxk2,MCMT,41.6524846305795,0.155434122647237,11
MSxk2,TD,40.9539811374455,0.155434122647237,11
MSxk2,PPT_sp,39.3581603443941,0.155434122647237,11
MSxk2,PPT_sm,36.9517410904776,0.155434122647237,11
MSxk2,Tmax_sm,36.178972155725,0.155434122647237,11
MSxk2,CMI,33.7276409494629,0.155434122647237,11
MSxk3,Tmin_wt,54.594610341832,0.143061516452074,14
MSxk3,PPT.dormant,54.1349785748778,0.143061516452074,14
MSxk3,PAS_wt,49.97627503126,0.143061516452074,14
MSxk3,NFFD_wt,49.2832470403478,0.143061516452074,14
MSxk3,PAS_at,48.6940123454983,0.143061516452074,14
MSxk3,EMT,48.1286585418191,0.143061516452074,14
MSxm_CO,Eref_at,145.880444817426,0.143371017471737,27
MSxm_CO,PPT_MJ,99.8093617792554,0.143371017471737,27
MSxm_CO,EXT,89.4197445345158,0.143371017471737,27
MSxm_CO,NFFD_wt,82.7173662171913,0.143371017471737,27
MSxm_CO,MSP,76.2997480601836,0.143371017471737,27
MSxm_CO,Eref,75.6346749173759,0.143371017471737,27
MSxv,PAS_at,83.6367102851945,0.156666666666667,20
MSxv,Eref_at,79.178960771434,0.156666666666667,20
MSxv,PPT_JAS,71.9899588627295,0.156666666666667,20
MSxv,Tmax_wt,66.8956186530807,0.156666666666667,20
MSxv,DD18_wt,58.7440379883224,0.156666666666667,20
MSxv,CMD_at,56.4525589937905,0.156666666666667,20
MSxx_NV,Eref_at,145.294518305795,0.11548839719374,25
MSxx_NV,TmaxJuly,95.0525627281823,0.11548839719374,25
MSxx_NV,PPT_JAS,90.5071473644115,0.11548839719374,25
MSxx_NV,EXT,90.264874181318,0.11548839719374,25
MSxx_NV,Tmax_sm,86.5777839022382,0.11548839719374,25
MSxx_NV,NFFD_wt,85.1763442599282,0.11548839719374,25
OWdm_OR,PPT.dormant,56.1758665748522,0.100252206809584,12
OWdm_OR,PPT,47.9187545554044,0.100252206809584,12
OWdm_OR,AHM,43.5099531925468,0.100252206809584,12
OWdm_OR,MAP,42.0431031614098,0.100252206809584,12
OWdm_OR,CMD_at,41.7001364055937,0.100252206809584,12
OWdm_OR,CMD.total,41.6210913752862,0.100252206809584,12
OWmm_OR,Tmax_wt,22.0085269417832,0.0505050505050505,4
OWmm_OR,PAS_sp,17.1068663844949,0.0505050505050505,4
OWmm_OR,NFFD_sp,16.9983222524396,0.0505050505050505,4
OWmm_OR,MAP,16.470789513359,0.0505050505050505,4
OWmm_OR,PPT_JAS,15.4750281333919,0.0505050505050505,4
OWmm_OR,Tmin_sp,15.2417147070429,0.0505050505050505,4
PPmx_WY,CMD_at,21.9242808350531,0.108953613807983,8
PPmx_WY,Tmin_sm,20.6423379019865,0.108953613807983,8
PPmx_WY,DD18_sp,20.5416594887713,0.108953613807983,8
PPmx_WY,Eref_at,20.3709052320625,0.108953613807983,8
PPmx_WY,Tmax_sm,19.644149621539,0.108953613807983,8
PPmx_WY,DD5_sp,17.6522569275833,0.108953613807983,8
PPxh_CO,PPT_JAS,73.5586841450298,0.116792562463684,15
PPxh_CO,SHM,58.236984853612,0.116792562463684,15
PPxh_CO,PPT_sm,53.432299202676,0.116792562463684,15
PPxh_CO,TD,37.6644300382801,0.116792562463684,15
PPxh_CO,CMDMax,36.859449776054,0.116792562463684,15
PPxh_CO,MSP,35.8756214936101,0.116792562463684,15
PPxh_WA,Eref_at,161.756403427109,0.101075268817204,28
PPxh_WA,PPT_MJ,107.823119049103,0.101075268817204,28
PPxh_WA,PPT_JAS,100.189425331152,0.101075268817204,28
PPxh_WA,PPT_sm,93.506173982767,0.101075268817204,28
PPxh_WA,MSP,91.8754814278401,0.101075268817204,28
PPxh_WA,TD,88.3305895757591,0.101075268817204,28
PPxh1,CMD_at,38.7486617688268,0.0566666666666667,6
PPxh1,CMDMax,36.818233605515,0.0566666666666667,6
PPxh1,CMD_sm,26.5922712256644,0.0566666666666667,6
PPxh1,PPT_JAS,25.6595220242022,0.0566666666666667,6
PPxh1,PPT_sm,21.9748226105941,0.0566666666666667,6
PPxh1,Eref,21.451320761949,0.0566666666666667,6
PPxh2,CMI,37.6591792757549,0.168333333333333,8
PPxh2,PPT_sp,31.2554486390096,0.168333333333333,8
PPxh2,AHM,30.7898527591852,0.168333333333333,8
PPxh2,PAS,28.2334110302989,0.168333333333333,8
PPxh2,PAS_at,26.8163069423224,0.168333333333333,8
PPxh2,MAP,26.5091172425544,0.168333333333333,8
PPxk_OR,TD,33.2897231778134,0.0869565217391304,7
PPxk_OR,PPT.dormant,32.0050717062823,0.0869565217391304,7
PPxk_OR,PAS,27.4028502933227,0.0869565217391304,7
PPxk_OR,PAS_wt,27.2843872514381,0.0869565217391304,7
PPxk_OR,CMI,25.0255324805297,0.0869565217391304,7
PPxk_OR,Eref_wt,24.4077524300431,0.0869565217391304,7
PPxm_OR,TD,113.682020676717,0.135343459532986,30
PPxm_OR,PPT.dormant,110.933909165482,0.135343459532986,30
PPxm_OR,Eref_at,110.192022172123,0.135343459532986,30
PPxm_OR,CMD_at,107.99178544969,0.135343459532986,30
PPxm_OR,PPT_sm,101.725408219883,0.135343459532986,30
PPxm_OR,CMI,95.2161316221068,0.135343459532986,30
PPxw_MT,Eref_at,102.49269628064,0.133129770992366,24
PPxw_MT,PPT_MJ,84.4134551504001,0.133129770992366,24
PPxw_MT,PAS_wt,76.3421051618952,0.133129770992366,24
PPxw_MT,PPT.dormant,71.2334313658102,0.133129770992366,24
PPxw_MT,PPT_JAS,69.3991928813442,0.133129770992366,24
PPxw_MT,SHM,67.8907547693948,0.133129770992366,24
PPxw_WY,PPT_MJ,72.3424899386467,0.120636550308008,16
PPxw_WY,PPT_JAS,57.1708675986582,0.120636550308008,16
PPxw_WY,PPT_sm,41.5661666910943,0.120636550308008,16
PPxw_WY,CMD_at,39.2857906705846,0.120636550308008,16
PPxw_WY,MCMT,39.0118222190667,0.120636550308008,16
PPxw_WY,MSP,38.2898611324279,0.120636550308008,16
PPxx_OR,Tmax_wt,51.753811266244,0.0749086479902558,11
PPxx_OR,CMD.total,44.2916217600419,0.0749086479902558,11
PPxx_OR,MCMT,44.1830865100296,0.0749086479902558,11
PPxx_OR,CMD_at,43.6611156562224,0.0749086479902558,11
PPxx_OR,Eref_at,42.3427010687781,0.0749086479902558,11
PPxx_OR,PPT.dormant,38.6844429768128,0.0749086479902558,11
SASbo,DD5,16.994439478949,0.0755555555555556,3
SASbo,AHM,13.7856891491402,0.0755555555555556,3
SASbo,DD18,12.5627591135,0.0755555555555556,3
SASbo,DD5.grow,11.2033041095417,0.0755555555555556,3
SASbo,DD18_sm,9.908198181194,0.0755555555555556,3
SASbo,PAS_wt,9.65207323836887,0.0755555555555556,3
SBAPcp,CMD.grow,20.6063427341549,0.0786666666666667,5
SBAPcp,CMD_sm,19.0219301528519,0.0786666666666667,5
SBAPcp,Eref_sm,18.9220235059234,0.0786666666666667,5
SBAPcp,DD5_wt,18.1593527049923,0.0786666666666667,5
SBAPcp,DD_0,17.466547367196,0.0786666666666667,5
SBAPcp,Tmin_wt,17.4214193195109,0.0786666666666667,5
SBAPfp,DD18_sp,26.6763775665406,0.0790476190476191,7
SBAPfp,CMD_sm,26.430356499831,0.0790476190476191,7
SBAPfp,Eref_sm,26.1724127395025,0.0790476190476191,7
SBAPfp,CMDMax,23.2068719955654,0.0790476190476191,7
SBAPfp,Eref_at,22.0127988637494,0.0790476190476191,7
SBAPfp,Tmax_sm,21.4257277852722,0.0790476190476191,7
SBPSdc,CMD_at,53.0900164691768,0.117777777777778,9
SBPSdc,Eref_at,44.2249494460426,0.117777777777778,9
SBPSdc,MSP,32.2540223549452,0.117777777777778,9
SBPSdc,Eref_sp,29.4042509899723,0.117777777777778,9
SBPSdc,PPT_MJ,28.9862305429411,0.117777777777778,9
SBPSdc,Tmin_sp,26.7610381117248,0.117777777777778,9
SBPSmc,Eref_at,64.8674086306075,0.135555555555556,9
SBPSmc,CMD_at,60.8142065522177,0.135555555555556,9
SBPSmc,Tmax_wt,31.8377662748461,0.135555555555556,9
SBPSmc,PPT_MJ,31.4970802184856,0.135555555555556,9
SBPSmc,Eref,27.9811064922514,0.135555555555556,9
SBPSmc,PPT_JAS,27.934831055757,0.135555555555556,9
SBPSmk,PPT_sm,63.0314540267651,0.144761904761905,14
SBPSmk,PPT_MJ,59.6826501135928,0.144761904761905,14
SBPSmk,MSP,50.505112625704,0.144761904761905,14
SBPSmk,PPT_JAS,44.6627171363067,0.144761904761905,14
SBPSmk,CMD_at,41.8932365811537,0.144761904761905,14
SBPSmk,Eref_at,41.6457167006692,0.144761904761905,14
SBPSxc,PPT_sm,36.1997884431859,0.128666666666667,10
SBPSxc,PAS_at,35.0451295634585,0.128666666666667,10
SBPSxc,DD_18_wt,34.729161099977,0.128666666666667,10
SBPSxc,PPT_MJ,34.360172433919,0.128666666666667,10
SBPSxc,PAS_sp,34.1448391698541,0.128666666666667,10
SBPSxc,MSP,32.8042284204801,0.128666666666667,10
SBSdh1,MCMT,32.7496054942425,0.15,6
SBSdh1,TD,25.3368726836012,0.15,6
SBSdh1,DD_0_at,24.050073207357,0.15,6
SBSdh1,DD18_wt,23.1967000483149,0.15,6
SBSdh1,Tmin_at,22.88909787909,0.15,6
SBSdh1,NFFD_at,21.8056492535563,0.15,6
SBSdh2,MCMT,36.4597516393538,0.124439461883408,6
SBSdh2,PPT.dormant,29.399717564472,0.124439461883408,6
SBSdh2,DD18_wt,26.6244441416348,0.124439461883408,6
SBSdh2,Tmin_wt,24.3714020563449,0.124439461883408,6
SBSdh2,PAS_at,24.0077773193018,0.124439461883408,6
SBSdh2,TD,23.1094101484616,0.124439461883408,6
SBSdk,Eref_at,56.1005707108365,0.115151515151515,11
SBSdk,PPT_JAS,49.7233573395646,0.115151515151515,11
SBSdk,Tmin_wt,47.1485624847089,0.115151515151515,11
SBSdk,MSP,43.5121890039853,0.115151515151515,11
SBSdk,NFFD_wt,41.1080106017695,0.115151515151515,11
SBSdk,CMD_at,37.9263333505122,0.115151515151515,11
SBSdw1,Tmin_wt,52.1279209248816,0.139444444444444,12
SBSdw1,MCMT,48.1546583689486,0.139444444444444,12
SBSdw1,NFFD_wt,47.8813128018506,0.139444444444444,12
SBSdw1,EMT,46.2273145490629,0.139444444444444,12
SBSdw1,PPT_sm,41.086402627925,0.139444444444444,12
SBSdw1,PPT_MJ,35.2076713634136,0.139444444444444,12
SBSdw2,Eref_at,57.9739149675527,0.157516675218061,13
SBSdw2,PPT_sm,51.6556508282776,0.157516675218061,13
SBSdw2,CMD_at,49.6258727382364,0.157516675218061,13
SBSdw2,PPT_MJ,49.2042807298516,0.157516675218061,13
SBSdw2,MSP,47.3757180463489,0.157516675218061,13
SBSdw2,PPT_JAS,41.4083565989476,0.157516675218061,13
SBSdw3,PPT_MJ,43.095173557555,0.111934766493699,9
SBSdw3,Tmax_wt,34.751470967598,0.111934766493699,9
SBSdw3,PPT_sm,33.9493777073646,0.111934766493699,9
SBSdw3,Eref_at,31.5228453725959,0.111934766493699,9
SBSdw3,DD18_wt,30.799665378457,0.111934766493699,9
SBSdw3,DD_18_wt,29.294689416164,0.111934766493699,9
SBSmc1,PPT_JAS,39.0958895338024,0.141481481481482,9
SBSmc1,PPT_sm,35.9316379119582,0.141481481481482,9
SBSmc1,NFFD_wt,33.8070481709722,0.141481481481482,9
SBSmc1,Tmin_wt,33.1651934525411,0.141481481481482,9
SBSmc1,CMD_sp,30.533295529593,0.141481481481482,9
SBSmc1,PPT_sp,28.4768799371682,0.141481481481482,9
SBSmc2,Eref_at,104.786549205048,0.182371701942592,23
SBSmc2,Tmax_wt,78.628559178523,0.182371701942592,23
SBSmc2,DD5_wt,73.379808268056,0.182371701942592,23
SBSmc2,PPT.dormant,70.7060330943952,0.182371701942592,23
SBSmc2,DD_18_wt,65.1636114607396,0.182371701942592,23
SBSmc2,DD18_wt,65.0208879063903,0.182371701942592,23
SBSmc3,Eref_at,46.0402411072038,0.149333333333333,10
SBSmc3,CMD_at,38.8321854276962,0.149333333333333,10
SBSmc3,Tmax_wt,31.0054361406913,0.149333333333333,10
SBSmc3,PPT_MJ,29.5592836418407,0.149333333333333,10
SBSmc3,MSP,27.4496147351915,0.149333333333333,10
SBSmc3,TD,26.4985790038873,0.149333333333333,10
SBSmh,PPT_sm,49.8944017716949,0.146764509673115,10
SBSmh,CMD_at,48.9602674442686,0.146764509673115,10
SBSmh,MSP,47.8222634715497,0.146764509673115,10
SBSmh,MAP,44.7848882957223,0.146764509673115,10
SBSmh,PPT,42.2769685914676,0.146764509673115,10
SBSmh,PPT_MJ,41.4234453911458,0.146764509673115,10
SBSmk1,MSP,58.9213535021517,0.124404194470925,14
SBSmk1,PPT_sp,56.3762725082343,0.124404194470925,14
SBSmk1,Tave_wt,54.2040783440379,0.124404194470925,14
SBSmk1,PPT_sm,51.2775653255676,0.124404194470925,14
SBSmk1,PPT_MJ,48.6535959938616,0.124404194470925,14
SBSmk1,DD5_wt,47.2947082458143,0.124404194470925,14
SBSmk2,CMDMax,37.1964601898774,0.156296296296296,9
SBSmk2,TD,35.9672736989397,0.156296296296296,9
SBSmk2,PPT_JAS,32.0237018848133,0.156296296296296,9
SBSmk2,PPT_sm,30.8318271077748,0.156296296296296,9
SBSmk2,Tmin_sp,30.7032309521431,0.156296296296296,9
SBSmk2,PPT,29.6892755648611,0.156296296296296,9
SBSmm,Tmin_wt,55.6266833587601,0.17205957883924,13
SBSmm,PAS_at,45.6574344672164,0.17205957883924,13
SBSmm,Tmax_sm,45.5957300931728,0.17205957883924,13
SBSmm,PPT,45.2646089266971,0.17205957883924,13
SBSmm,PPT.dormant,44.4894578727127,0.17205957883924,13
SBSmm,PPT_MJ,43.6817149663565,0.17205957883924,13
SBSmw,PPT_JAS,48.7407885848882,0.126,10
SBSmw,PPT_sm,37.5743954628642,0.126,10
SBSmw,PPT_sp,35.8959961489614,0.126,10
SBSmw,MSP,33.4920596998822,0.126,10
SBSmw,MAP,33.1693077028817,0.126,10
SBSmw,DD18_sp,32.7257315067309,0.126,10
SBSun,PPT_MJ,36.7542544212522,0.168888888888889,9
SBSun,PPT_sp,35.6592077181995,0.168888888888889,9
SBSun,PAS_sp,32.4389588317456,0.168888888888889,9
SBSun,TD,30.3374831046552,0.168888888888889,9
SBSun,PAS_wt,29.995369338567,0.168888888888889,9
SBSun,DD5_wt,29.3021595115469,0.168888888888889,9
SBSvk,TD,64.7414595655791,0.204102564102564,13
SBSvk,MCMT,61.7946304116743,0.204102564102564,13
SBSvk,NFFD_wt,57.4213540647877,0.204102564102564,13
SBSvk,Tmin_wt,54.1884499710022,0.204102564102564,13
SBSvk,DD18_wt,52.7761461146955,0.204102564102564,13
SBSvk,Tave_wt,45.061682884431,0.204102564102564,13
SBSwk1,PPT_JAS,46.871342909828,0.157333333333333,10
SBSwk1,NFFD_wt,38.2528100287331,0.157333333333333,10
SBSwk1,EMT,36.5511526914553,0.157333333333333,10
SBSwk1,Tmin_wt,35.2723076509201,0.157333333333333,10
SBSwk1,CMDMax,33.8667667775964,0.157333333333333,10
SBSwk1,PPT_sm,33.7368526498522,0.157333333333333,10
SBSwk2,PAS_wt,53.4351292816899,0.157516675218061,13
SBSwk2,CMDMax,50.5142605404427,0.157516675218061,13
SBSwk2,CMD_sm,47.3610671662384,0.157516675218061,13
SBSwk2,PPT_sm,46.8650482330189,0.157516675218061,13
SBSwk2,PPT.dormant,45.6389433327581,0.157516675218061,13
SBSwk2,PPT_MJ,43.9818022201744,0.157516675218061,13
SBSwk3,PPT_MJ,29.5646110952429,0.114444444444444,6
SBSwk3,DD_18_wt,24.444544181421,0.114444444444444,6
SBSwk3,MCMT,24.422361149466,0.114444444444444,6
SBSwk3,MSP,23.899942641028,0.114444444444444,6
SBSwk3,DD18_wt,23.4713996800821,0.114444444444444,6
SBSwk3,DD5_wt,23.1000489547659,0.114444444444444,6
SBSwk3a,PPT_sp,31.0093389809959,0.138333333333333,8
SBSwk3a,Tmax_wt,29.6458938530093,0.138333333333333,8
SBSwk3a,PPT_JAS,25.187871570892,0.138333333333333,8
SBSwk3a,Tave_wt,24.0820289746326,0.138333333333333,8
SBSwk3a,DD_0_wt,23.7697332348751,0.138333333333333,8
SBSwk3a,MSP,22.7162958409372,0.138333333333333,8
SGPdm_CO,TD,27.4751155574023,0.0716889428918591,9
SGPdm_CO,SHM,23.5550711441832,0.0716889428918591,9
SGPdm_CO,PPT_MJ,23.3716410500983,0.0716889428918591,9
SGPdm_CO,PPT_sm,20.5197690326265,0.0716889428918591,9
SGPdm_CO,CMD_sp,19.50603202877,0.0716889428918591,9
SGPdm_CO,CMDMax,18.820621433694,0.0716889428918591,9
SWBmk,TD,66.374137632353,0.191372549019608,17
SWBmk,PAS_wt,63.5908857311857,0.191372549019608,17
SWBmk,PPT.dormant,61.8637036190468,0.191372549019608,17
SWBmk,PPT_MJ,58.6873347812394,0.191372549019608,17
SWBmk,Eref_at,51.6045862756514,0.191372549019608,17
SWBmk,CMDMax,51.2411033348976,0.191372549019608,17
SWBmks,PAS_at,39.1102128780957,0.214545454545455,11
SWBmks,PAS_wt,36.4359648484306,0.214545454545455,11
SWBmks,Eref_at,33.8284263621086,0.214545454545455,11
SWBmks,TD,33.7503446907391,0.214545454545455,11
SWBmks,Eref_sm,32.4711948831762,0.214545454545455,11
SWBmks,Tmax_sp,31.7864422313068,0.214545454545455,11
SWBun,Eref_sm,37.8615386529882,0.192727272727273,11
SWBun,TD,34.8390338585205,0.192727272727273,11
SWBun,EXT,33.52381733494,0.192727272727273,11
SWBun,Tmax_sm,32.4392306706997,0.192727272727273,11
SWBun,PPT.dormant,32.0031397627165,0.192727272727273,11
SWBun,MWMT,31.0340977192699,0.192727272727273,11
SWBvk,DD5_sp,34.4421762304273,0.17,6
SWBvk,DD18_sp,27.3038106778689,0.17,6
SWBvk,DD5_at,23.7669701860044,0.17,6
SWBvk,DD18_at,21.6168905917295,0.17,6
SWBvk,MAP,21.2702691564717,0.17,6
SWBvk,Tmax_sp,20.4056672193622,0.17,6
SWBvks,CMD_sp,33.3458827586548,0.156666666666667,6
SWBvks,DD5_at,28.0954026512107,0.156666666666667,6
SWBvks,DD18_at,20.8073479620644,0.156666666666667,6
SWBvks,DD5,19.3275461854958,0.156666666666667,6
SWBvks,CMI,18.5546019575173,0.156666666666667,6
SWBvks,Tmax_at,18.198729373773,0.156666666666667,6
WJPxm_OR,TD,139.772667740203,0.122924901185771,35
WJPxm_OR,PPT.dormant,115.96484543151,0.122924901185771,35
WJPxm_OR,Eref_at,114.925707016064,0.122924901185771,35
WJPxm_OR,CMD.total,112.782271718853,0.122924901185771,35
WJPxm_OR,MSP,107.680539334566,0.122924901185771,35
WJPxm_OR,CMD_at,105.04814799061,0.122924901185771,35
