Focal,Var,Importance,OOB,NumberBGCs
BGdh_OR,MCMT,186.555159625733,0.140416173236339,40
BGdh_OR,Tmin_wt,185.980801862394,0.140416173236339,40
BGdh_OR,DD_0,181.518421885003,0.140416173236339,40
BGdh_OR,PPT_wt,165.939918764296,0.140416173236339,40
BGdh_OR,PPT_sm,162.946560762802,0.140416173236339,40
BGdh_OR,PPT_JAS,155.828197889425,0.140416173236339,40
BGdw_OR,MCMT,86.8129691652147,0.139827179890024,17
BGdw_OR,MSP,78.7305556023353,0.139827179890024,17
BGdw_OR,PPT_wt,75.990782516384,0.139827179890024,17
BGdw_OR,PPT_JAS,75.1200529738443,0.139827179890024,17
BGdw_OR,PPT_sm,71.2866507733808,0.139827179890024,17
BGdw_OR,PPT_MJ,68.1054572121549,0.139827179890024,17
BGdw_WA,CMDMax,35.77671101835,0.0855555555555556,6
BGdw_WA,CMD.grow,34.8589786317959,0.0855555555555556,6
BGdw_WA,CMD_sm,32.9847671729472,0.0855555555555556,6
BGdw_WA,PPT_sm,32.5806820778271,0.0855555555555556,6
BGdw_WA,PPT_MJ,31.3895057097407,0.0855555555555556,6
BGdw_WA,DD_0_sp,29.9375200943158,0.0855555555555556,6
BGmk_MT,PPT_MJ,153.569850998583,0.137741046831956,28
BGmk_MT,Tmin_wt,130.743221184684,0.137741046831956,28
BGmk_MT,PPT_JAS,130.459403478376,0.137741046831956,28
BGmk_MT,PPT_wt,119.396518337294,0.137741046831956,28
BGmk_MT,MCMT,118.117682976552,0.137741046831956,28
BGmk_MT,PPT_sm,117.387682816823,0.137741046831956,28
BGmk_NV,MCMT,156.948153168354,0.134902763561924,33
BGmk_NV,PPT_wt,151.209871281991,0.134902763561924,33
BGmk_NV,PPT_JAS,148.024665975991,0.134902763561924,33
BGmk_NV,Tmin_wt,144.779506169252,0.134902763561924,33
BGmk_NV,PPT_MJ,138.221803365905,0.134902763561924,33
BGmk_NV,DD_0,127.544464404629,0.134902763561924,33
BGmm_MT,PPT_MJ,111.676059525957,0.153600567577155,22
BGmm_MT,DD_0,84.7590895264441,0.153600567577155,22
BGmm_MT,MCMT,83.1082237409315,0.153600567577155,22
BGmm_MT,Tmin_wt,76.7626053683258,0.153600567577155,22
BGmm_MT,PPT_wt,75.6842284587901,0.153600567577155,22
BGmm_MT,MSP,72.9198031751644,0.153600567577155,22
BGmw_OR,PPT_wt,84.5655512270943,0.1120826709062,17
BGmw_OR,Tmin_wt,78.8996150168988,0.1120826709062,17
BGmw_OR,PPT_JAS,75.2652336939095,0.1120826709062,17
BGmw_OR,DD_0_sp,74.9959940224611,0.1120826709062,17
BGmw_OR,MCMT,74.0205244496624,0.1120826709062,17
BGmw_OR,NFFD_sp,69.9166467556396,0.1120826709062,17
BGmw_WA,PPT_JAS,63.4751131889357,0.120795831359545,15
BGmw_WA,SHM,60.9464918496176,0.120795831359545,15
BGmw_WA,MSP,58.6607508894199,0.120795831359545,15
BGmw_WA,PPT_MJ,56.9284029869692,0.120795831359545,15
BGmw_WA,CMD.total,51.5511940309172,0.120795831359545,15
BGmw_WA,NFFD_sp,51.3892952647517,0.120795831359545,15
BGwm_WA,DD_0,58.7484071712831,0.109010011123471,12
BGwm_WA,MCMT,58.746448722414,0.109010011123471,12
BGwm_WA,MSP,58.1464236709044,0.109010011123471,12
BGwm_WA,PPT_MJ,54.4775386409041,0.109010011123471,12
BGwm_WA,PPT_sp,48.8341299224384,0.109010011123471,12
BGwm_WA,CMD.total,48.321806494703,0.109010011123471,12
BGxh_WA,MCMT,166.513208127107,0.111681643132221,28
BGxh_WA,DD_0,119.796024465746,0.111681643132221,28
BGxh_WA,PPT_sm,115.710399396699,0.111681643132221,28
BGxh_WA,PPT_wt,107.805226098903,0.111681643132221,28
BGxh_WA,Tmin_wt,102.882511447352,0.111681643132221,28
BGxh_WA,Eref_sm,101.075401561858,0.111681643132221,28
BGxh1,CMD_sm,42.8830335279953,0.0746666666666667,5
BGxh1,CMDMax,35.6556938508372,0.0746666666666667,5
BGxh1,CMD.total,31.9832438708322,0.0746666666666667,5
BGxh1,CMD.grow,29.0138688215086,0.0746666666666667,5
BGxh1,PAS,28.6207135315125,0.0746666666666667,5
BGxh1,PPT_JAS,28.4750332555412,0.0746666666666667,5
BGxh2,PAS,17.6239323859279,0.146666666666667,3
BGxh2,DD18_sm,16.1438824504108,0.146666666666667,3
BGxh2,Tmax_sm,14.3882098528238,0.146666666666667,3
BGxh2,CMD_sp,11.9901578427573,0.146666666666667,3
BGxh2,eFFP,10.3897955988321,0.146666666666667,3
BGxh2,Tmin,9.3511474841073,0.146666666666667,3
BGxh3,CMD.def,29.5688200093729,0.142666666666667,5
BGxh3,PPT_wt,29.3496270308115,0.142666666666667,5
BGxh3,PPT_at,26.9565256070309,0.142666666666667,5
BGxh3,MCMT,25.9645333313491,0.142666666666667,5
BGxh3,EMT,23.4905441832661,0.142666666666667,5
BGxh3,Tmin_wt,23.1469848644917,0.142666666666667,5
BGxw1,PAS,23.3402438249925,0.158333333333333,4
BGxw1,Eref_sm,16.6549026056338,0.158333333333333,4
BGxw1,Tmax_sm,16.4941363971821,0.158333333333333,4
BGxw1,TmaxJuly,15.7426822475008,0.158333333333333,4
BGxw1,EXT,13.4776364441,0.158333333333333,4
BGxw1,CMD.total,12.7403044395707,0.158333333333333,4
BGxw2,EMT,21.3434903695658,0.128333333333333,4
BGxw2,Tmin_sp,17.6254980630157,0.128333333333333,4
BGxw2,Tmin_wt,17.5148892970422,0.128333333333333,4
BGxw2,MCMT,17.309726782043,0.128333333333333,4
BGxw2,DD18_sm,16.5992948151378,0.128333333333333,4
BGxw2,DD5_sp,15.5492142237158,0.128333333333333,4
BGxx_WY,PPT_JAS,104.039867690048,0.155775075987842,19
BGxx_WY,PPT_MJ,99.9452382985659,0.155775075987842,19
BGxx_WY,PPT_sm,81.1289107055679,0.155775075987842,19
BGxx_WY,MCMT,79.1782509244755,0.155775075987842,19
BGxx_WY,DD_0,73.3636924232183,0.155775075987842,19
BGxx_WY,MSP,68.8542569504283,0.155775075987842,19
BGxxx_WY,PPT_MJ,84.6273237428927,0.124049429657795,15
BGxxx_WY,PPT_wt,73.0480482113551,0.124049429657795,15
BGxxx_WY,PPT_JAS,71.2095346577427,0.124049429657795,15
BGxxx_WY,MCMT,60.382497550532,0.124049429657795,15
BGxxx_WY,PPT_sm,59.4289400628622,0.124049429657795,15
BGxxx_WY,MSP,57.9557701368454,0.124049429657795,15
BSJPap,PPT_wt,30.7536408077035,0.0666666666666667,5
BSJPap,DD_0,26.7540652115248,0.0666666666666667,5
BSJPap,CMD.grow,25.9337035002464,0.0666666666666667,5
BSJPap,PPT_MJ,23.7992715366165,0.0666666666666667,5
BSJPap,Tmin_wt,21.6108652722955,0.0666666666666667,5
BSJPap,CMDMax,20.6448849438549,0.0666666666666667,5
BSJPku,Tmin,35.0309513961527,0.0466666666666667,5
BSJPku,DD_0,27.9212720564236,0.0466666666666667,5
BSJPku,MAT,23.467506173245,0.0466666666666667,5
BSJPku,CMI,21.9987451399826,0.0466666666666667,5
BSJPku,PPT_sm,20.6716861324774,0.0466666666666667,5
BSJPku,Tmin_wt,19.7802094532551,0.0466666666666667,5
BSJPpa,PPT_wt,33.9891098081784,0.0533333333333333,5
BSJPpa,Tmin,26.9867745326121,0.0533333333333333,5
BSJPpa,EMT,26.2477793702437,0.0533333333333333,5
BSJPpa,DD_0,25.0608190398414,0.0533333333333333,5
BSJPpa,CMI,24.8780128522428,0.0533333333333333,5
BSJPpa,Tave,24.6653864871755,0.0533333333333333,5
BWBScm,Tmin_sm,25.0247703355019,0.0222222222222222,3
BWBScm,Tave_sm,16.2620728859477,0.0222222222222222,3
BWBScm,FFP,15.464273030356,0.0222222222222222,3
BWBScm,PPT_wt,15.0378291652021,0.0222222222222222,3
BWBScm,DD5_sm,14.2849265453326,0.0222222222222222,3
BWBScm,NFFD_sm,12.7580684016303,0.0222222222222222,3
BWBScmC,PPT_JAS,80.985615805006,0.0846153846153846,13
BWBScmC,CMDMax,67.8858143184244,0.0846153846153846,13
BWBScmC,PPT_wt,58.9302031975276,0.0846153846153846,13
BWBScmC,CMD_sm,58.9172044182376,0.0846153846153846,13
BWBScmC,MAT,56.9313423556881,0.0846153846153846,13
BWBScmC,DD_0,53.7167573444483,0.0846153846153846,13
BWBScmE,MAT,37.5956136029795,0.0704761904761905,7
BWBScmE,Tmin,35.7101135652445,0.0704761904761905,7
BWBScmE,EMT,34.3481710342166,0.0704761904761905,7
BWBScmE,Tmin_wt,32.2910778584209,0.0704761904761905,7
BWBScmE,Tmin_sm,32.2862843758004,0.0704761904761905,7
BWBScmE,NFFD_sm,29.8071695325833,0.0704761904761905,7
BWBScmNW,Tmax_sp,40.3698021861398,0.0647619047619048,7
BWBScmNW,CMD_sp,38.6975462693946,0.0647619047619048,7
BWBScmNW,MAT,32.7140660167012,0.0647619047619048,7
BWBScmNW,DD_0,32.4334185250179,0.0647619047619048,7
BWBScmNW,PPT_JAS,31.9135858736006,0.0647619047619048,7
BWBScmNW,CMDMax,30.0123844112367,0.0647619047619048,7
BWBScmW,DD5_sp,30.8151518258458,0.09,6
BWBScmW,PPT_JAS,24.8262995499764,0.09,6
BWBScmW,CMDMax,23.9728743781937,0.09,6
BWBScmW,EXT,23.8225637791974,0.09,6
BWBScmW,PPT_sm,21.6883431265472,0.09,6
BWBScmW,Tmin_at,21.551628182732,0.09,6
BWBSdk,PPT_MJ,109.660076340896,0.165379213483146,19
BWBSdk,PPT_at,95.0804602952704,0.165379213483146,19
BWBSdk,PPT_JAS,78.3941959909247,0.165379213483146,19
BWBSdk,MCMT,74.8436481995777,0.165379213483146,19
BWBSdk,DD_0,73.5441855144779,0.165379213483146,19
BWBSdk,Tmin_wt,72.3093352330847,0.165379213483146,19
BWBSdmN,PPT_JAS,35.8615698807932,0.0983333333333333,8
BWBSdmN,DD_0_sp,35.5851249998213,0.0983333333333333,8
BWBSdmN,DD_0,34.9182581428386,0.0983333333333333,8
BWBSdmN,PPT_sm,33.7740330947488,0.0983333333333333,8
BWBSdmN,DD5_sp,32.9531610621615,0.0983333333333333,8
BWBSdmN,CMDMax,32.7122365309373,0.0983333333333333,8
BWBSdmS,DD_0,58.3169201051864,0.104761904761905,7
BWBSdmS,Tave,35.077943022178,0.104761904761905,7
BWBSdmS,Tmin_wt,33.8052040623829,0.104761904761905,7
BWBSdmS,MCMT,32.970964546196,0.104761904761905,7
BWBSdmS,Tmax,32.1366994954072,0.104761904761905,7
BWBSdmS,Eref_sm,30.2122088671245,0.104761904761905,7
BWBSlbE,NFFD_sm,33.8710344027789,0.0373333333333333,5
BWBSlbE,DD5.grow,33.2964408954621,0.0373333333333333,5
BWBSlbE,PPT_wt,31.8382956800088,0.0373333333333333,5
BWBSlbE,DD18_sm,27.2427074179164,0.0373333333333333,5
BWBSlbE,Tmin_sm,26.5571697912315,0.0373333333333333,5
BWBSlbE,DD5_sm,25.8782294338251,0.0373333333333333,5
BWBSlbN,PAS,34.6310887440997,0.0577777777777778,6
BWBSlbN,Tmin_at,33.8046934585943,0.0577777777777778,6
BWBSlbN,Tmax,31.6416371765495,0.0577777777777778,6
BWBSlbN,CMD_sp,29.9811993432757,0.0577777777777778,6
BWBSlbN,DD_0,29.7019298465263,0.0577777777777778,6
BWBSlbN,CMDMax,24.0301632370126,0.0577777777777778,6
BWBSlbW,Tmax_sp,38.3243331678883,0.06,7
BWBSlbW,PPT_at,37.6092100153008,0.06,7
BWBSlbW,AHM,35.565378814195,0.06,7
BWBSlbW,Tmin_at,32.9838107480002,0.06,7
BWBSlbW,DD5_sp,28.8267921926017,0.06,7
BWBSlbW,Tmax,27.8867038356946,0.06,7
BWBSlf,CMDMax,71.539168576155,0.114444444444444,12
BWBSlf,Tmin_wt,52.6630234569095,0.114444444444444,12
BWBSlf,DD5_sp,47.9264949904922,0.114444444444444,12
BWBSlf,PPT_MJ,47.7635471794657,0.114444444444444,12
BWBSlf,Tmin_at,44.7539672272575,0.114444444444444,12
BWBSlf,PPT_sm,44.2413341726133,0.114444444444444,12
BWBSmk,DD_0,63.1240827767648,0.0877777777777778,12
BWBSmk,MCMT,56.0515693298535,0.0877777777777778,12
BWBSmk,DD_0_sp,50.9644305056543,0.0877777777777778,12
BWBSmk,Tmin_sm,47.1815253594038,0.0877777777777778,12
BWBSmk,PPT_MJ,46.8011605496277,0.0877777777777778,12
BWBSmk,CMD_sm,46.7160640790815,0.0877777777777778,12
BWBSmw,DD5_sp,56.9247644038681,0.0945454545454546,11
BWBSmw,PPT_wt,53.860122496097,0.0945454545454546,11
BWBSmw,DD18_sm,53.3451777240065,0.0945454545454546,11
BWBSmw,MCMT,51.2935519659293,0.0945454545454546,11
BWBSmw,PPT_at,47.1844768778501,0.0945454545454546,11
BWBSmw,DD_0_sp,46.470951780918,0.0945454545454546,11
BWBSnm,PPT_wt,50.2755913176055,0.0566666666666667,8
BWBSnm,CMD_sp,39.0189799236,0.0566666666666667,8
BWBSnm,Tmin_at,34.5327646054429,0.0566666666666667,8
BWBSnm,Tmin_wt,33.0654375183515,0.0566666666666667,8
BWBSnm,EMT,32.9403274747142,0.0566666666666667,8
BWBSnm,DD_0,32.0842853189838,0.0566666666666667,8
BWBSpp,CMD_sp,23.9604552228422,0.0422222222222222,3
BWBSpp,SHM,21.4118246614482,0.0422222222222222,3
BWBSpp,CMD,14.2506826486004,0.0422222222222222,3
BWBSpp,Tmin_wt,12.1505065545518,0.0422222222222222,3
BWBSpp,PPT_sm,11.4928489544378,0.0422222222222222,3
BWBSpp,PAS_sp,11.3452896018055,0.0422222222222222,3
BWBSub,PPT_at,22.3762728135773,0.055,4
BWBSub,CMD_sp,22.0333576724209,0.055,4
BWBSub,PPT_JAS,21.5978679393887,0.055,4
BWBSub,DD5_sm,14.418361577098,0.055,4
BWBSub,PPT_sp,14.3429553427372,0.055,4
BWBSub,Tmax_sm,14.0787577273409,0.055,4
BWBSuf,Tmin_at,56.0710366345151,0.116363636363636,11
BWBSuf,CMDMax,54.3301996948391,0.116363636363636,11
BWBSuf,CMD_sp,51.9481565117255,0.116363636363636,11
BWBSuf,CMD_sm,48.3960078514866,0.116363636363636,11
BWBSuf,Eref_sm,44.6977269857302,0.116363636363636,11
BWBSuf,PPT_MJ,43.7636172996376,0.116363636363636,11
BWBSvk,PAS_sm,22.8156354232958,0.0966666666666667,4
BWBSvk,PPT_JAS,21.6151691688376,0.0966666666666667,4
BWBSvk,PPT,20.6250785579736,0.0966666666666667,4
BWBSvk,MAP,19.1613852926711,0.0966666666666667,4
BWBSvk,Tmax,18.8604221435827,0.0966666666666667,4
BWBSvk,Tmax_sp,17.7791923490306,0.0966666666666667,4
BWBSwk1,PPT_wt,45.342208487363,0.151428571428571,7
BWBSwk1,CMD.def,35.0840575233556,0.151428571428571,7
BWBSwk1,DD5_sm,33.4502505935478,0.151428571428571,7
BWBSwk1,PAS,32.9018460446083,0.151428571428571,7
BWBSwk1,PPT_at,32.2752481793403,0.151428571428571,7
BWBSwk1,CMD_sm,27.6928041713389,0.151428571428571,7
BWBSwk2,Tmin_wt,39.078875519046,0.0922222222222222,6
BWBSwk2,PPT_wt,36.1798760262427,0.0922222222222222,6
BWBSwk2,DD_0,34.7633060306249,0.0922222222222222,6
BWBSwk2,EMT,30.9707701326156,0.0922222222222222,6
BWBSwk2,MCMT,30.0941028965947,0.0922222222222222,6
BWBSwk2,DD5_sp,26.2369263241329,0.0922222222222222,6
BWBSwk3,CMD.total,20.3895963619186,0.0644444444444445,3
BWBSwk3,PAS_sm,18.4989765129515,0.0644444444444445,3
BWBSwk3,CMI,14.5682709774966,0.0644444444444445,3
BWBSwk3,SHM,14.3404652555627,0.0644444444444445,3
BWBSwk3,DD18_sm,13.8065757367853,0.0644444444444445,3
BWBSwk3,MWMT,13.0564155329243,0.0644444444444445,3
CDFmm,PAS_sm,30.5615362389867,0.0716666666666667,4
CDFmm,PPT_wt,27.6316175717018,0.0716666666666667,4
CDFmm,PPT_at,24.1169713505742,0.0716666666666667,4
CDFmm,CMI,23.3389623859746,0.0716666666666667,4
CDFmm,PPT_sp,21.0952982807838,0.0716666666666667,4
CDFmm,Tmin_sm,20.0474569045236,0.0716666666666667,4
CDFmm_OR,MCMT,78.707814089901,0.100371747211896,9
CDFmm_OR,DD_0,63.9235472431261,0.100371747211896,9
CDFmm_OR,CMD_sm,45.4470790871943,0.100371747211896,9
CDFmm_OR,CMDMax,44.3759866188584,0.100371747211896,9
CDFmm_OR,EMT,36.9741670221174,0.100371747211896,9
CDFmm_OR,Tmin_wt,36.1075910499347,0.100371747211896,9
CDFmm_WA,PPT_wt,21.3631611752708,0.0636515912897823,4
CDFmm_WA,Eref_sp,21.059647192496,0.0636515912897823,4
CDFmm_WA,Eref_sm,19.5576121225044,0.0636515912897823,4
CDFmm_WA,Tave,19.060761654539,0.0636515912897823,4
CDFmm_WA,Tmax,19.0211287911486,0.0636515912897823,4
CDFmm_WA,Tmax_sp,18.5055935816259,0.0636515912897823,4
CDFxm_CA,MCMT,94.7901098736636,0.134931828866949,16
CDFxm_CA,CMI,69.8962232142774,0.134931828866949,16
CDFxm_CA,PPT_wt,66.8472609532167,0.134931828866949,16
CDFxm_CA,DD_0,63.7657981355322,0.134931828866949,16
CDFxm_CA,CMD.total,58.3568380858588,0.134931828866949,16
CDFxm_CA,Tmin_wt,56.9248425827249,0.134931828866949,16
CMAun,MCMT,136.39310887342,0.233684210526316,19
CMAun,Tmin_wt,103.553237422836,0.233684210526316,19
CMAun,EMT,98.3778355246546,0.233684210526316,19
CMAun,Tmin_at,82.9301671503893,0.233684210526316,19
CMAun,PPT_at,74.6776547430277,0.233684210526316,19
CMAun,Tmin_sp,67.4913077007364,0.233684210526316,19
CMAwh,EMT,33.7569971068659,0.0777777777777778,3
CMAwh,MCMT,31.435343726351,0.0777777777777778,3
CMAwh,Tmin_wt,24.9319986344191,0.0777777777777778,3
CMAwh,NFFD,19.8428541189315,0.0777777777777778,3
CMAwh,Tmax_sp,13.1051851595912,0.0777777777777778,3
CMAwh,DD_0,11.3823440968225,0.0777777777777778,3
CMXdm_OR,PPT_wt,130.552543346226,0.12697628458498,30
CMXdm_OR,MCMT,127.293861899367,0.12697628458498,30
CMXdm_OR,Tmin_wt,116.586879329153,0.12697628458498,30
CMXdm_OR,MWMT,103.159606013768,0.12697628458498,30
CMXdm_OR,MAP,103.096664217614,0.12697628458498,30
CMXdm_OR,AHM,102.817304065048,0.12697628458498,30
CMXmm_OR,MCMT,92.7456719050934,0.130060292850991,18
CMXmm_OR,DD_0,88.8214975896264,0.130060292850991,18
CMXmm_OR,NFFD_sp,62.344982776653,0.130060292850991,18
CMXmm_OR,Tmin_wt,57.4937560103728,0.130060292850991,18
CMXmm_OR,Tmin_sp,55.9757463642517,0.130060292850991,18
CMXmm_OR,PAS,55.6439373868601,0.130060292850991,18
CMXwm_OR,MCMT,69.6784448250289,0.137594799566631,13
CMXwm_OR,DD_0,68.9987681017326,0.137594799566631,13
CMXwm_OR,DD_0_sp,60.4700252922258,0.137594799566631,13
CMXwm_OR,Tmax,58.9512336182208,0.137594799566631,13
CMXwm_OR,Tmin_wt,44.0130002737657,0.137594799566631,13
CMXwm_OR,MWMT,41.5320244687144,0.137594799566631,13
CMXxm_CA,MCMT,52.3427461437189,0.122340425531915,12
CMXxm_CA,DD_0,49.3645974631702,0.122340425531915,12
CMXxm_CA,MAT,40.6807930686515,0.122340425531915,12
CMXxm_CA,PAS_sp,37.309449814346,0.122340425531915,12
CMXxm_CA,PAS,35.8785340982186,0.122340425531915,12
CMXxm_CA,NFFD_sp,34.5497561755337,0.122340425531915,12
CRFdh_CA,DD_0,37.5041678034166,0.0769230769230769,7
CRFdh_CA,DD_0_sp,30.8682036213276,0.0769230769230769,7
CRFdh_CA,DD18_sm,28.5298334968255,0.0769230769230769,7
CRFdh_CA,DD5_sm,28.1004645192187,0.0769230769230769,7
CRFdh_CA,MWMT,27.9062604180367,0.0769230769230769,7
CRFdh_CA,Tave_sm,27.2631679354142,0.0769230769230769,7
CVGdm_CA,PPT_sp,18.5630375384634,0.0453514739229025,7
CVGdm_CA,PPT_sm,17.8559344366808,0.0453514739229025,7
CVGdm_CA,DD_0,17.7369061914377,0.0453514739229025,7
CVGdm_CA,AHM,16.8408122908633,0.0453514739229025,7
CVGdm_CA,DD5,15.8807391894174,0.0453514739229025,7
CVGdm_CA,PPT,15.7779374189361,0.0453514739229025,7
CWFdm_OR,CMI,117.947768860283,0.117975783918038,24
CWFdm_OR,MCMT,109.930065465531,0.117975783918038,24
CWFdm_OR,PPT_wt,102.002716093912,0.117975783918038,24
CWFdm_OR,DD_0,91.4847144517783,0.117975783918038,24
CWFdm_OR,Tmin_sm,80.9836200732729,0.117975783918038,24
CWFdm_OR,PPT_sp,74.5925096815845,0.117975783918038,24
CWFds_CA,PPT_wt,89.9773157752334,0.125324434556915,20
CWFds_CA,DD_0,84.292108282219,0.125324434556915,20
CWFds_CA,CMI,78.2267116319564,0.125324434556915,20
CWFds_CA,MCMT,76.8368769048206,0.125324434556915,20
CWFds_CA,PPT,69.8741635906941,0.125324434556915,20
CWFds_CA,PPT_at,67.110846763334,0.125324434556915,20
CWFmm_OR,MSP,61.2425443634918,0.136837335749887,15
CWFmm_OR,DD_0_sp,59.0800494643302,0.136837335749887,15
CWFmm_OR,CMD,56.876422277753,0.136837335749887,15
CWFmm_OR,CMD_sm,56.3437445422897,0.136837335749887,15
CWFmm_OR,PPT_sm,55.999960455735,0.136837335749887,15
CWFmm_OR,SHM,55.1459077864271,0.136837335749887,15
CWFwm_OR,DD_0_sp,58.712425115898,0.116279069767442,13
CWFwm_OR,Tave_sp,54.879273399874,0.116279069767442,13
CWFwm_OR,CMD,51.2507110122453,0.116279069767442,13
CWFwm_OR,PPT,49.0412751459068,0.116279069767442,13
CWFwm_OR,PPT_wt,48.1405908713483,0.116279069767442,13
CWFwm_OR,PPT_sm,46.3676186485771,0.116279069767442,13
CWHdm,MCMT,39.9173038301348,0.204166666666667,8
CWHdm,EMT,38.6671533077926,0.204166666666667,8
CWHdm,PPT_at,35.7760489168003,0.204166666666667,8
CWHdm,Tmin_wt,35.375682672782,0.204166666666667,8
CWHdm,MAP,29.3046596123662,0.204166666666667,8
CWHdm,PPT_JAS,29.1978139689201,0.204166666666667,8
CWHdm_OC,DD_0,67.4254328746147,0.115384615384615,13
CWHdm_OC,CMDMax,66.3891023118701,0.115384615384615,13
CWHdm_OC,EXT,61.0086685736968,0.115384615384615,13
CWHdm_OC,DD_0_sp,60.1139821954328,0.115384615384615,13
CWHdm_OC,MCMT,57.1120972505894,0.115384615384615,13
CWHdm_OC,Tave,57.0142973586869,0.115384615384615,13
CWHdm_OR,CMDMax,117.772364099917,0.147506082725061,22
CWHdm_OR,DD_0,114.906288426706,0.147506082725061,22
CWHdm_OR,MCMT,114.775959134803,0.147506082725061,22
CWHdm_OR,Tave_sp,95.6303271856422,0.147506082725061,22
CWHdm_OR,DD_0_sp,80.6340643711324,0.147506082725061,22
CWHdm_OR,Tmin_wt,78.8741651747128,0.147506082725061,22
CWHdm_WA,CMDMax,121.141084444952,0.155873015873016,21
CWHdm_WA,MCMT,116.845332766535,0.155873015873016,21
CWHdm_WA,Tmin_wt,87.1069306047076,0.155873015873016,21
CWHdm_WA,Eref_sm,80.3595685444056,0.155873015873016,21
CWHdm_WA,PPT_JAS,78.8925822286888,0.155873015873016,21
CWHdm_WA,DD_0,78.0536643473645,0.155873015873016,21
CWHdm_WC,CMDMax,66.0584812565352,0.122,10
CWHdm_WC,DD_0,50.8323455049916,0.122,10
CWHdm_WC,MCMT,41.8516661101688,0.122,10
CWHdm_WC,Eref_sm,40.5880034933362,0.122,10
CWHdm_WC,bFFP,40.0996878917628,0.122,10
CWHdm_WC,EXT,39.762294257917,0.122,10
CWHds_WA,MCMT,108.354813206582,0.122638014079289,18
CWHds_WA,CMDMax,105.557109030946,0.122638014079289,18
CWHds_WA,DD_0,89.9991266877227,0.122638014079289,18
CWHds_WA,PPT_sm,86.0955912757563,0.122638014079289,18
CWHds_WA,PPT_sp,68.5698750614913,0.122638014079289,18
CWHds_WA,PAS_sp,67.1551931185552,0.122638014079289,18
CWHds1,PPT_at,69.8299829720811,0.177948717948718,13
CWHds1,DD_0,64.491706424049,0.177948717948718,13
CWHds1,Tmin_wt,57.4111294795137,0.177948717948718,13
CWHds1,PPT_wt,55.9700372908685,0.177948717948718,13
CWHds1,CMD_sp,53.5446394744803,0.177948717948718,13
CWHds1,EMT,52.186906024332,0.177948717948718,13
CWHds2,MCMT,45.3840926227399,0.162222222222222,9
CWHds2,CMDMax,42.1042586772297,0.162222222222222,9
CWHds2,PPT_wt,42.0659263445954,0.162222222222222,9
CWHds2,Tmax,32.4688799938601,0.162222222222222,9
CWHds2,PPT_at,32.0091935513444,0.162222222222222,9
CWHds2,PPT_sp,31.8044340761798,0.162222222222222,9
CWHmh_OR,DD_0,56.2303261362201,0.0731225296442688,7
CWHmh_OR,MWMT,37.2094214997395,0.0731225296442688,7
CWHmh_OR,MCMT,36.9105242343684,0.0731225296442688,7
CWHmh_OR,Eref_sm,32.967556796361,0.0731225296442688,7
CWHmh_OR,CMDMax,28.9458682212835,0.0731225296442688,7
CWHmh_OR,DD_0_sp,27.7354001754751,0.0731225296442688,7
CWHmm1,DD_0_sp,33.2923779630602,0.253897550111359,6
CWHmm1,Tave_sp,31.8186431965558,0.253897550111359,6
CWHmm1,CMDMax,28.8762645048574,0.253897550111359,6
CWHmm1,DD5_sp,28.7661585439891,0.253897550111359,6
CWHmm1,DD5,26.0087810911939,0.253897550111359,6
CWHmm1,Tmax_sp,23.9825020088169,0.253897550111359,6
CWHmm2,Tave_sp,36.8909120156291,0.220244716351502,6
CWHmm2,DD5_sp,33.1768016245958,0.220244716351502,6
CWHmm2,CMDMax,31.9035901498274,0.220244716351502,6
CWHmm2,DD5,29.3840230854962,0.220244716351502,6
CWHmm2,DD_0_sp,26.6117988417933,0.220244716351502,6
CWHmm2,CMD,26.0157111782801,0.220244716351502,6
CWHms_OR,MCMT,108.493335716018,0.149803921568627,17
CWHms_OR,CMDMax,104.565433981436,0.149803921568627,17
CWHms_OR,DD_0,82.3906228309149,0.149803921568627,17
CWHms_OR,PPT_sp,74.9789975356303,0.149803921568627,17
CWHms_OR,PPT_MJ,68.0231872686282,0.149803921568627,17
CWHms_OR,CMD.grow,67.7715757239447,0.149803921568627,17
CWHms_WA,MCMT,95.698323328362,0.139607843137255,17
CWHms_WA,PPT_MJ,78.2225345275666,0.139607843137255,17
CWHms_WA,PPT_sm,72.1548148176165,0.139607843137255,17
CWHms_WA,PPT_JAS,70.8258427882499,0.139607843137255,17
CWHms_WA,Tmin_wt,68.832679827034,0.139607843137255,17
CWHms_WA,CMD.grow,66.8598198016353,0.139607843137255,17
CWHms1,Tmin_wt,109.775546901221,0.204242424242424,22
CWHms1,EMT,102.695434867825,0.204242424242424,22
CWHms1,CMDMax,100.622700814111,0.204242424242424,22
CWHms1,Eref_sm,97.4262231088857,0.204242424242424,22
CWHms1,MCMT,90.4656329756337,0.204242424242424,22
CWHms1,PPT_JAS,84.9200640271252,0.204242424242424,22
CWHms2,PPT_sp,36.0551884965759,0.14,5
CWHms2,Tmax_sp,29.2927571006459,0.14,5
CWHms2,CMDMax,26.9309968559334,0.14,5
CWHms2,EMT,22.1936041540092,0.14,5
CWHms2,MCMT,19.9954964249023,0.14,5
CWHms2,Tmin_wt,18.9300799867577,0.14,5
CWHvh_WA,bFFP,32.4448068402892,0.0986666666666667,5
CWHvh_WA,FFP,31.5105789217232,0.0986666666666667,5
CWHvh_WA,NFFD,27.4252282582311,0.0986666666666667,5
CWHvh_WA,DD_0,26.4783278144484,0.0986666666666667,5
CWHvh_WA,Eref_sm,24.7021620828012,0.0986666666666667,5
CWHvh_WA,EXT,20.3908458742861,0.0986666666666667,5
CWHvh1,MCMT,19.1790128839153,0.155555555555556,3
CWHvh1,Tmax_sp,18.6772300410179,0.155555555555556,3
CWHvh1,DD_0,16.2327736553455,0.155555555555556,3
CWHvh1,NFFD_sp,14.2926983370546,0.155555555555556,3
CWHvh1,bFFP,13.0980162131009,0.155555555555556,3
CWHvh1,EXT,12.7125124449228,0.155555555555556,3
CWHvh2,Tave_sp,46.4771850235101,0.18,8
CWHvh2,Eref_sm,40.1892675010878,0.18,8
CWHvh2,DD_0_sp,39.7745443681863,0.18,8
CWHvh2,DD5_sp,37.0896849111712,0.18,8
CWHvh2,NFFD_sm,35.9425216287701,0.18,8
CWHvh2,PAS_sp,35.1960181943758,0.18,8
CWHvh3,eFFP,35.716174862223,0.176,5
CWHvh3,FFP,33.7033010559014,0.176,5
CWHvh3,NFFD,32.5337641935824,0.176,5
CWHvh3,Tmin,31.6628094961724,0.176,5
CWHvh3,Tmin_wt,23.1976727045997,0.176,5
CWHvh3,EMT,22.7994365494802,0.176,5
CWHvm_OR,CMDMax,103.315267771178,0.121452420701169,16
CWHvm_OR,CMD_sm,69.7001914977529,0.121452420701169,16
CWHvm_OR,MCMT,64.5458186589502,0.121452420701169,16
CWHvm_OR,Eref_sm,60.7535677073949,0.121452420701169,16
CWHvm_OR,CMD,58.8928675595931,0.121452420701169,16
CWHvm_OR,Tmin_sp,57.8000588429594,0.121452420701169,16
CWHvm_WA,MCMT,166.475873426494,0.143333333333333,24
CWHvm_WA,DD_0,145.273692923807,0.143333333333333,24
CWHvm_WA,CMDMax,128.831040164614,0.143333333333333,24
CWHvm_WA,EMT,96.5718486593631,0.143333333333333,24
CWHvm_WA,Tmin_wt,95.6413989119401,0.143333333333333,24
CWHvm_WA,PPT_wt,88.2725109645757,0.143333333333333,24
CWHvm1,Eref_sm,99.8519682688256,0.225363172359639,17
CWHvm1,MCMT,92.1800549330653,0.225363172359639,17
CWHvm1,EMT,78.6274967749266,0.225363172359639,17
CWHvm1,Tmin_wt,74.2407030211047,0.225363172359639,17
CWHvm1,PPT_JAS,70.8605723959057,0.225363172359639,17
CWHvm1,EXT,70.3583869396476,0.225363172359639,17
CWHvm2,Eref_sm,132.996636151317,0.261594422552289,22
CWHvm2,Tmax,107.327634240424,0.261594422552289,22
CWHvm2,MCMT,106.266188150504,0.261594422552289,22
CWHvm2,DD5_sp,88.4216471277353,0.261594422552289,22
CWHvm2,Eref_sp,83.6066662797623,0.261594422552289,22
CWHvm2,NFFD_sm,83.3133007539794,0.261594422552289,22
CWHwh_OR,DD_0,66.4917135377598,0.118983957219251,10
CWHwh_OR,MCMT,65.7703427782683,0.118983957219251,10
CWHwh_OR,bFFP,56.8783340125654,0.118983957219251,10
CWHwh_OR,CMDMax,49.5169260160155,0.118983957219251,10
CWHwh_OR,Tmax,49.404902549234,0.118983957219251,10
CWHwh_OR,Tave,43.0158204566434,0.118983957219251,10
CWHwh_WA,DD_0,66.1514584764794,0.118078719146097,10
CWHwh_WA,MCMT,63.495979270084,0.118078719146097,10
CWHwh_WA,bFFP,62.6045558513349,0.118078719146097,10
CWHwh_WA,Tave,53.3521973672603,0.118078719146097,10
CWHwh_WA,EXT,52.6347924405142,0.118078719146097,10
CWHwh_WA,CMDMax,48.8502823466571,0.118078719146097,10
CWHwh1,eFFP,14.6120298287583,0.14,3
CWHwh1,FFP,11.9878748144099,0.14,3
CWHwh1,Tmin,10.993220938678,0.14,3
CWHwh1,CMD,10.7349197291552,0.14,3
CWHwh1,CMD.grow,10.0424197941501,0.14,3
CWHwh1,PPT_sm,9.9399988313263,0.14,3
CWHwh2,Tmin_wt,28.6422542783558,0.169559412550067,5
CWHwh2,Tmin_at,28.4631053959549,0.169559412550067,5
CWHwh2,NFFD,27.0273671219556,0.169559412550067,5
CWHwh2,eFFP,24.6355077387676,0.169559412550067,5
CWHwh2,NFFD_sp,23.9695931392812,0.169559412550067,5
CWHwh2,Tmin,22.1808423510273,0.169559412550067,5
CWHwm,MCMT,91.4806215958688,0.217142857142857,14
CWHwm,Eref_sm,73.2612895579332,0.217142857142857,14
CWHwm,Tmin_wt,67.0756393923242,0.217142857142857,14
CWHwm,DD_0,60.8842869380619,0.217142857142857,14
CWHwm,EMT,60.7573232960326,0.217142857142857,14
CWHwm,EXT,58.5670416767164,0.217142857142857,14
CWHws1,MCMT,37.8487165410077,0.153333333333333,6
CWHws1,PPT_sp,34.1738835535274,0.153333333333333,6
CWHws1,EMT,30.9612419690345,0.153333333333333,6
CWHws1,Tmin_wt,29.3681484089205,0.153333333333333,6
CWHws1,PPT_wt,27.1341420432292,0.153333333333333,6
CWHws1,PAS_sp,25.7217538792364,0.153333333333333,6
CWHws2,PPT_wt,105.591023841122,0.212631578947368,19
CWHws2,MCMT,102.481985474303,0.212631578947368,19
CWHws2,CMI,76.5665313261012,0.212631578947368,19
CWHws2,CMDMax,74.6206653349629,0.212631578947368,19
CWHws2,PPT_JAS,70.0833918625055,0.212631578947368,19
CWHws2,Eref_sp,69.414284680303,0.212631578947368,19
CWHxm_OR,MCMT,68.3867146665978,0.102203182374541,11
CWHxm_OR,CMDMax,61.1164737821542,0.102203182374541,11
CWHxm_OR,DD_0,54.1143362695159,0.102203182374541,11
CWHxm_OR,NFFD_sp,47.8366951441592,0.102203182374541,11
CWHxm_OR,bFFP,44.8590667241959,0.102203182374541,11
CWHxm_OR,CMD.grow,44.8517968820084,0.102203182374541,11
CWHxm_WA,MCMT,70.9269051124278,0.0960743801652893,13
CWHxm_WA,CMDMax,62.7940623317252,0.0960743801652893,13
CWHxm_WA,PPT_sp,58.6802344940169,0.0960743801652893,13
CWHxm_WA,PAS_sp,56.8642238586125,0.0960743801652893,13
CWHxm_WA,DD_0,51.5630776730105,0.0960743801652893,13
CWHxm_WA,SHM,50.1403805691843,0.0960743801652893,13
CWHxm1,Eref_sp,33.0508284694424,0.133333333333333,5
CWHxm1,Eref_sm,30.9279455144554,0.133333333333333,5
CWHxm1,PPT_sp,28.3443337812528,0.133333333333333,5
CWHxm1,PPT_MJ,27.9954394450047,0.133333333333333,5
CWHxm1,PPT,27.2902037204109,0.133333333333333,5
CWHxm1,CMDMax,25.9739934538715,0.133333333333333,5
CWHxm2,CMD_sm,39.0288209258227,0.22952380952381,7
CWHxm2,CMD.grow,33.7011202071416,0.22952380952381,7
CWHxm2,DD5_sp,33.5245317453249,0.22952380952381,7
CWHxm2,CMDMax,33.4786210085195,0.22952380952381,7
CWHxm2,PAS_sm,31.8152883585038,0.22952380952381,7
CWHxm2,PPT_at,27.9954760495812,0.22952380952381,7
ESSFabC,Tmin_wt,87.7285298186882,0.296470588235294,17
ESSFabC,PPT_wt,84.1999887011303,0.296470588235294,17
ESSFabC,EMT,83.1077774562574,0.296470588235294,17
ESSFabC,Eref_sm,78.48592998871,0.296470588235294,17
ESSFabC,Tmax_sp,70.6821291799921,0.296470588235294,17
ESSFabC,Tmax_sm,64.5913030015143,0.296470588235294,17
ESSFabE,CMDMax,28.8699816208409,0.150666666666667,5
ESSFabE,DD5,25.9038490783153,0.150666666666667,5
ESSFabE,DD5.grow,25.3180232552705,0.150666666666667,5
ESSFabE,DD5_sp,24.7472498800461,0.150666666666667,5
ESSFabE,PPT_sm,23.205861981786,0.150666666666667,5
ESSFabE,CMD_sm,23.0624890514218,0.150666666666667,5
ESSFabN,EMT,81.8501636271989,0.237916666666667,16
ESSFabN,PPT_wt,76.4537443213473,0.237916666666667,16
ESSFabN,Tmin_wt,76.312405812676,0.237916666666667,16
ESSFabN,MCMT,67.3584741753505,0.237916666666667,16
ESSFabN,PAS,65.6896994465195,0.237916666666667,16
ESSFabN,Tmin_at,65.2942546476369,0.237916666666667,16
ESSFabS,EMT,78.1981450823295,0.218461538461538,13
ESSFabS,PPT_wt,76.4916454829298,0.218461538461538,13
ESSFabS,Tmin_wt,73.0868194875361,0.218461538461538,13
ESSFabS,Eref_sm,70.5493975064807,0.218461538461538,13
ESSFabS,TmaxJuly,54.911107790219,0.218461538461538,13
ESSFabS,CMDMax,54.6786950523374,0.218461538461538,13
ESSFdc1,PPT_at,52.9259337173113,0.188,10
ESSFdc1,CMI,50.642890835883,0.188,10
ESSFdc1,DD5_sp,48.5161199925565,0.188,10
ESSFdc1,PPT,47.3670357881796,0.188,10
ESSFdc1,PAS,40.31741175852,0.188,10
ESSFdc1,MAP,39.8981441737818,0.188,10
ESSFdc2,PPT_wt,93.7901174137896,0.170416666666667,16
ESSFdc2,CMDMax,78.0880969675447,0.170416666666667,16
ESSFdc2,CMI,67.2943238770183,0.170416666666667,16
ESSFdc2,PPT_sm,66.2659530973663,0.170416666666667,16
ESSFdc2,MCMT,58.1310104482681,0.170416666666667,16
ESSFdc2,DD_0,57.4303469060948,0.170416666666667,16
ESSFdc3,CMI,69.4763595013199,0.200952380952381,14
ESSFdc3,MAP,67.7630208119983,0.200952380952381,14
ESSFdc3,PPT_at,65.4891620195725,0.200952380952381,14
ESSFdc3,Tmax_sm,61.7845930349282,0.200952380952381,14
ESSFdc3,Tmax,59.0074445391117,0.200952380952381,14
ESSFdc3,PPT,55.2649575556903,0.200952380952381,14
ESSFdcp,MCMT,45.1775664766756,0.194285714285714,7
ESSFdcp,Tmin_wt,30.8401619932132,0.194285714285714,7
ESSFdcp,DD_0,29.01113588369,0.194285714285714,7
ESSFdcp,CMDMax,27.7169866411795,0.194285714285714,7
ESSFdcp,EMT,26.0138363695248,0.194285714285714,7
ESSFdcp,MWMT,25.3050469521611,0.194285714285714,7
ESSFdcw,CMDMax,95.7418640056225,0.188571428571429,14
ESSFdcw,MCMT,94.6653729129832,0.188571428571429,14
ESSFdcw,PPT_at,69.9450590886767,0.188571428571429,14
ESSFdcw,Tmin_wt,62.3839406427807,0.188571428571429,14
ESSFdcw,DD_0,54.2796811899493,0.188571428571429,14
ESSFdcw,PPT_wt,54.2355333612206,0.188571428571429,14
ESSFdh_WA,MCMT,84.7456961372867,0.114117647058824,17
ESSFdh_WA,EMT,77.3889311569265,0.114117647058824,17
ESSFdh_WA,PPT_wt,74.6085976723612,0.114117647058824,17
ESSFdh_WA,PPT,69.3687738096451,0.114117647058824,17
ESSFdh_WA,CMDMax,68.6991181940349,0.114117647058824,17
ESSFdh_WA,CMI,68.3616966875733,0.114117647058824,17
ESSFdh1,CMDMax,69.9369562680458,0.114666666666667,10
ESSFdh1,PPT_JAS,52.6645901114995,0.114666666666667,10
ESSFdh1,PPT_wt,52.2320944701098,0.114666666666667,10
ESSFdh1,Eref_sm,51.1633546479411,0.114666666666667,10
ESSFdh1,Tmax,41.8662439513269,0.114666666666667,10
ESSFdh1,Tave,41.2346553832564,0.114666666666667,10
ESSFdh2,MCMT,80.2473980363508,0.24,12
ESSFdh2,DD_0,58.0167892072486,0.24,12
ESSFdh2,EMT,57.7195175117882,0.24,12
ESSFdh2,Tmin_wt,56.5442639603905,0.24,12
ESSFdh2,PPT,47.7098407738874,0.24,12
ESSFdh2,Tmax,46.2070916615288,0.24,12
ESSFdk_MT,EMT,109.225777953899,0.140333333333333,20
ESSFdk_MT,Eref_sm,97.9547561413917,0.140333333333333,20
ESSFdk_MT,Tmin_wt,93.1732227820327,0.140333333333333,20
ESSFdk_MT,TmaxJuly,87.9063104021511,0.140333333333333,20
ESSFdk_MT,Tmin_sp,87.8466584251707,0.140333333333333,20
ESSFdk_MT,NFFD_sp,79.5245975890827,0.140333333333333,20
ESSFdk1,EMT,143.115322183153,0.242105263157895,19
ESSFdk1,Tmin_wt,140.108671181764,0.242105263157895,19
ESSFdk1,MCMT,98.7993044310012,0.242105263157895,19
ESSFdk1,TmaxJuly,75.7898667212963,0.242105263157895,19
ESSFdk1,Eref_sm,73.6747972101635,0.242105263157895,19
ESSFdk1,Tmin,70.8801231554105,0.242105263157895,19
ESSFdk2,Tmin_wt,107.165526704076,0.304166666666667,16
ESSFdk2,EMT,97.810232817603,0.304166666666667,16
ESSFdk2,MCMT,95.5163890682818,0.304166666666667,16
ESSFdk2,PPT_wt,71.9035238878923,0.304166666666667,16
ESSFdk2,Tmax_sp,69.7660040445129,0.304166666666667,16
ESSFdk2,Eref_sp,65.3684734630142,0.304166666666667,16
ESSFdkp,Tmin_wt,97.4755759056013,0.275384615384615,13
ESSFdkp,EMT,86.1196522918169,0.275384615384615,13
ESSFdkp,Eref_sm,72.6324915435377,0.275384615384615,13
ESSFdkp,MCMT,59.7534554488094,0.275384615384615,13
ESSFdkp,TmaxJuly,57.2634736882406,0.275384615384615,13
ESSFdkp,PPT_wt,56.5868208577386,0.275384615384615,13
ESSFdkw,EMT,134.364537186288,0.280350877192983,19
ESSFdkw,Tmin_wt,131.291883374163,0.280350877192983,19
ESSFdkw,Eref_sm,107.629682861973,0.280350877192983,19
ESSFdkw,MCMT,95.630431277115,0.280350877192983,19
ESSFdkw,PPT_wt,81.0190575689589,0.280350877192983,19
ESSFdkw,TmaxJuly,80.9267319568203,0.280350877192983,19
ESSFdm_ID,Tmin_wt,156.131142280561,0.139434595112602,28
ESSFdm_ID,PPT_MJ,138.111226886709,0.139434595112602,28
ESSFdm_ID,MCMT,135.769518949023,0.139434595112602,28
ESSFdm_ID,PPT_JAS,120.957866092761,0.139434595112602,28
ESSFdm_ID,EMT,116.423302653633,0.139434595112602,28
ESSFdm_ID,TmaxJuly,114.565224480052,0.139434595112602,28
ESSFdv1,MCMT,43.232948631715,0.238095238095238,7
ESSFdv1,EMT,34.7196682652608,0.238095238095238,7
ESSFdv1,DD_0,34.2882615101303,0.238095238095238,7
ESSFdv1,PPT_wt,32.0404426209387,0.238095238095238,7
ESSFdv1,Tmin_sp,29.7473487510293,0.238095238095238,7
ESSFdv1,Tmin_wt,28.4252251624564,0.238095238095238,7
ESSFdv2,MCMT,68.18480519862,0.218787878787879,11
ESSFdv2,Tmin_wt,55.5355722179687,0.218787878787879,11
ESSFdv2,PPT_wt,51.7472616089153,0.218787878787879,11
ESSFdv2,PPT_at,51.7246109292351,0.218787878787879,11
ESSFdv2,EMT,49.0111797991302,0.218787878787879,11
ESSFdv2,Eref_sp,46.6613649031931,0.218787878787879,11
ESSFdvp,MCMT,105.96894732904,0.243111111111111,15
ESSFdvp,Tmin_wt,86.9597935768881,0.243111111111111,15
ESSFdvp,EMT,78.4474774620213,0.243111111111111,15
ESSFdvp,PPT_at,68.2646922859419,0.243111111111111,15
ESSFdvp,PPT_JAS,62.1353807650917,0.243111111111111,15
ESSFdvp,DD_0,59.4463787806625,0.243111111111111,15
ESSFdvw,MCMT,84.649412209768,0.282083333333333,16
ESSFdvw,EMT,77.3392804743366,0.282083333333333,16
ESSFdvw,Tmin_wt,71.5990998722302,0.282083333333333,16
ESSFdvw,PPT_wt,70.137556372896,0.282083333333333,16
ESSFdvw,PPT_at,65.9349172820212,0.282083333333333,16
ESSFdvw,PPT_JAS,61.4232851354097,0.282083333333333,16
ESSFdw_ID,PPT_wt,74.3299362413181,0.111555555555556,15
ESSFdw_ID,MCMT,69.5933520004677,0.111555555555556,15
ESSFdw_ID,PPT_at,62.3787493819811,0.111555555555556,15
ESSFdw_ID,CMD,59.5157192354432,0.111555555555556,15
ESSFdw_ID,Tmax,59.3528676555688,0.111555555555556,15
ESSFdw_ID,CMD_sp,59.3152477583912,0.111555555555556,15
ESSFmc,MCMT,140.278080841709,0.196666666666667,22
ESSFmc,CMDMax,110.036197329904,0.196666666666667,22
ESSFmc,Tmin_wt,97.1401279542829,0.196666666666667,22
ESSFmc,DD_0,96.9076440110109,0.196666666666667,22
ESSFmc,Tmin_sp,92.367720150282,0.196666666666667,22
ESSFmc,EMT,85.4653496124827,0.196666666666667,22
ESSFmcp,MCMT,81.8412284912396,0.238461538461538,13
ESSFmcp,CMDMax,73.7273882690389,0.238461538461538,13
ESSFmcp,Tmin_wt,66.1236036076319,0.238461538461538,13
ESSFmcp,DD_0,57.6302796287877,0.238461538461538,13
ESSFmcp,Eref_sm,50.7822434920488,0.238461538461538,13
ESSFmcp,Tmin_sp,50.1967789165789,0.238461538461538,13
ESSFmcw,CMDMax,97.470551528306,0.251111111111111,15
ESSFmcw,MCMT,75.3221862746749,0.251111111111111,15
ESSFmcw,Tmin_wt,69.8813325498185,0.251111111111111,15
ESSFmcw,DD_0,64.8473221099062,0.251111111111111,15
ESSFmcw,EMT,64.5128202602413,0.251111111111111,15
ESSFmcw,Eref_sm,61.531806243409,0.251111111111111,15
ESSFmh,MAP,51.4273554238288,0.224444444444444,9
ESSFmh,PPT_at,47.697334627795,0.224444444444444,9
ESSFmh,PPT,43.1430350185813,0.224444444444444,9
ESSFmh,Tmax_sp,38.2579977704937,0.224444444444444,9
ESSFmh,PPT_sm,37.936807784294,0.224444444444444,9
ESSFmh,Tmax,37.8801170482379,0.224444444444444,9
ESSFmk,Tmin,47.4962161313633,0.196666666666667,10
ESSFmk,PPT_wt,46.0170024550526,0.196666666666667,10
ESSFmk,Tmin_sp,36.9849404443758,0.196666666666667,10
ESSFmk,Tave_sm,33.6045642917165,0.196666666666667,10
ESSFmk,bFFP,33.493561315239,0.196666666666667,10
ESSFmk,NFFD_sm,32.953738365011,0.196666666666667,10
ESSFmkp,MCMT,63.7726595714148,0.231515151515152,11
ESSFmkp,CMDMax,51.5125705209894,0.231515151515152,11
ESSFmkp,EMT,43.0029856529051,0.231515151515152,11
ESSFmkp,Tmin_wt,42.9953062038012,0.231515151515152,11
ESSFmkp,Eref_sm,42.7850129824792,0.231515151515152,11
ESSFmkp,PPT_at,42.3621892444077,0.231515151515152,11
ESSFmkw,PPT_wt,51.4046207976507,0.23030303030303,11
ESSFmkw,Eref_sm,42.848275855199,0.23030303030303,11
ESSFmkw,Tmax_sm,40.4785962095972,0.23030303030303,11
ESSFmkw,Tmin_sp,40.3956940354403,0.23030303030303,11
ESSFmkw,Tmin_wt,40.0942318294477,0.23030303030303,11
ESSFmkw,PAS,38.9735506999077,0.23030303030303,11
ESSFmm1,EMT,125.083593297749,0.256333333333333,20
ESSFmm1,MCMT,116.365726488823,0.256333333333333,20
ESSFmm1,Tmin_wt,110.615500394939,0.256333333333333,20
ESSFmm1,PPT_wt,106.832595065992,0.256333333333333,20
ESSFmm1,Tmin_at,82.1911265111246,0.256333333333333,20
ESSFmm1,PPT_at,79.988606308538,0.256333333333333,20
ESSFmm2,MCMT,80.3054400776271,0.216969696969697,11
ESSFmm2,Tmin_wt,69.794835347754,0.216969696969697,11
ESSFmm2,EMT,69.2992113137001,0.216969696969697,11
ESSFmm2,PPT_wt,59.2649718149908,0.216969696969697,11
ESSFmm2,CMD.def,44.643542864615,0.216969696969697,11
ESSFmm2,DD5_sp,42.8759025018573,0.216969696969697,11
ESSFmm3,PPT_wt,92.6043118583464,0.287619047619048,14
ESSFmm3,Tmin_wt,86.649163061375,0.287619047619048,14
ESSFmm3,EMT,83.4558385858687,0.287619047619048,14
ESSFmm3,MCMT,77.9591144924426,0.287619047619048,14
ESSFmm3,PPT_at,65.7843585062818,0.287619047619048,14
ESSFmm3,Eref_sm,52.4624743207916,0.287619047619048,14
ESSFmmp,PPT_wt,111.252134216233,0.308333333333333,16
ESSFmmp,EMT,88.7638154604996,0.308333333333333,16
ESSFmmp,Tmin_wt,88.2180207159719,0.308333333333333,16
ESSFmmp,PPT_at,73.9047291049893,0.308333333333333,16
ESSFmmp,MCMT,72.2954949349088,0.308333333333333,16
ESSFmmp,Tmax_sp,58.078633027691,0.308333333333333,16
ESSFmmw,PPT_wt,127.958129309548,0.33962962962963,18
ESSFmmw,EMT,87.5094111520664,0.33962962962963,18
ESSFmmw,Tmin_wt,86.9863454191291,0.33962962962963,18
ESSFmmw,MCMT,86.922051929443,0.33962962962963,18
ESSFmmw,PPT_at,83.307574268556,0.33962962962963,18
ESSFmmw,Eref_sm,82.7212008493725,0.33962962962963,18
ESSFmv1,Tmin,52.5680741962832,0.0588888888888889,6
ESSFmv1,Tave,36.5897751585983,0.0588888888888889,6
ESSFmv1,Tave_sp,35.4529868364038,0.0588888888888889,6
ESSFmv1,MAT,31.7990798876454,0.0588888888888889,6
ESSFmv1,DD_0_sp,24.5781352900135,0.0588888888888889,6
ESSFmv1,Eref_sp,22.8528038323389,0.0588888888888889,6
ESSFmv2,PPT_wt,66.564102108599,0.18969696969697,11
ESSFmv2,CMD.def,47.4665551414388,0.18969696969697,11
ESSFmv2,PPT_at,44.7300563892216,0.18969696969697,11
ESSFmv2,PPT_MJ,43.0417092011099,0.18969696969697,11
ESSFmv2,Tmax_sm,41.932024461651,0.18969696969697,11
ESSFmv2,TmaxJuly,41.1788092080954,0.18969696969697,11
ESSFmv3,MCMT,97.2224359687935,0.19125,16
ESSFmv3,Tmin_wt,96.2133802746891,0.19125,16
ESSFmv3,Eref_sp,77.6022008238651,0.19125,16
ESSFmv3,EMT,76.410831516528,0.19125,16
ESSFmv3,DD5_sp,68.0995649438288,0.19125,16
ESSFmv3,PPT_JAS,65.1733663177225,0.19125,16
ESSFmv4,DD5_sp,73.8201292022242,0.204761904761905,14
ESSFmv4,PPT_wt,56.6239459469562,0.204761904761905,14
ESSFmv4,Tmax_sm,55.8237361290052,0.204761904761905,14
ESSFmv4,CMDMax,53.011000137232,0.204761904761905,14
ESSFmv4,CMD.def,49.2087375083925,0.204761904761905,14
ESSFmv4,DD5,47.1053862998737,0.204761904761905,14
ESSFmvp,MCMT,73.3416093331522,0.193846153846154,13
ESSFmvp,Tmin_wt,68.4352036353591,0.193846153846154,13
ESSFmvp,EMT,55.1263205719518,0.193846153846154,13
ESSFmvp,PPT_wt,52.5358225942266,0.193846153846154,13
ESSFmvp,CMDMax,52.4824247902275,0.193846153846154,13
ESSFmvp,DD5_sp,52.092656212888,0.193846153846154,13
ESSFmw,MCMT,99.9017035518065,0.23,18
ESSFmw,PPT_JAS,98.6180621068462,0.23,18
ESSFmw,Tmin_wt,84.8175527649284,0.23,18
ESSFmw,EMT,77.7082691712759,0.23,18
ESSFmw,Eref_sm,70.5909733849229,0.23,18
ESSFmw,PPT_at,66.999608591355,0.23,18
ESSFmw_WA,CMDMax,118.007731921803,0.136894824707846,24
ESSFmw_WA,MCMT,114.227239322196,0.136894824707846,24
ESSFmw_WA,PPT_wt,105.839869210794,0.136894824707846,24
ESSFmw_WA,PAS_sp,98.125343779982,0.136894824707846,24
ESSFmw_WA,EMT,88.5676561601742,0.136894824707846,24
ESSFmw_WA,MAP,88.4058082937913,0.136894824707846,24
ESSFmw1,CMDMax,74.7985991379264,0.202380952380952,14
ESSFmw1,Tave_sp,60.6758756117764,0.202380952380952,14
ESSFmw1,PPT_JAS,59.2110406390707,0.202380952380952,14
ESSFmw1,PPT_at,58.2763279210451,0.202380952380952,14
ESSFmw1,CMD_sm,55.6885951710452,0.202380952380952,14
ESSFmw1,MCMT,55.5157311416654,0.202380952380952,14
ESSFmw2,MCMT,59.0310189670124,0.311904761904762,14
ESSFmw2,PPT_JAS,55.3658893296026,0.311904761904762,14
ESSFmw2,EMT,53.4938071890008,0.311904761904762,14
ESSFmw2,Tmin_wt,52.8501628717867,0.311904761904762,14
ESSFmw2,CMI,52.1038404251792,0.311904761904762,14
ESSFmw2,Tave_sp,51.1598021734533,0.311904761904762,14
ESSFmwp,MCMT,115.489388329178,0.274666666666667,20
ESSFmwp,PPT_at,98.5495708786829,0.274666666666667,20
ESSFmwp,EMT,95.9044161094479,0.274666666666667,20
ESSFmwp,PPT_JAS,95.35384911381,0.274666666666667,20
ESSFmwp,Tmin_wt,92.3798584240315,0.274666666666667,20
ESSFmwp,CMDMax,78.3292717873322,0.274666666666667,20
ESSFmww,CMDMax,102.456908136187,0.244583333333333,16
ESSFmww,MCMT,102.123395279862,0.244583333333333,16
ESSFmww,PPT_at,68.2219806473084,0.244583333333333,16
ESSFmww,Tmin_wt,68.1727228653431,0.244583333333333,16
ESSFmww,EMT,64.2481363722922,0.244583333333333,16
ESSFmww,CMD_sm,63.9648481236406,0.244583333333333,16
ESSFun,PPT_at,84.2147420800046,0.244814814814815,18
ESSFun,MCMT,78.8858847952014,0.244814814814815,18
ESSFun,Tmax_sm,77.9179046328883,0.244814814814815,18
ESSFun,Tmin_wt,74.2630205811115,0.244814814814815,18
ESSFun,PPT_wt,71.7861847802605,0.244814814814815,18
ESSFun,Eref_sm,70.3165714908998,0.244814814814815,18
ESSFvc,MCMT,55.0462967039153,0.328666666666667,10
ESSFvc,Tmin_wt,51.4212386748746,0.328666666666667,10
ESSFvc,EMT,43.7746801427642,0.328666666666667,10
ESSFvc,PPT_wt,43.7355269407684,0.328666666666667,10
ESSFvc,DD5_sp,40.3551146988539,0.328666666666667,10
ESSFvc,Eref_sm,39.5694431465481,0.328666666666667,10
ESSFvcp,PPT_wt,44.1051963472374,0.294285714285714,7
ESSFvcp,Tmin_wt,32.5545108151137,0.294285714285714,7
ESSFvcp,Tmin_sp,25.6270817900205,0.294285714285714,7
ESSFvcp,Tmin,25.5394432315873,0.294285714285714,7
ESSFvcp,EMT,24.331809596451,0.294285714285714,7
ESSFvcp,NFFD_sp,23.6973580386333,0.294285714285714,7
ESSFvcw,PPT_wt,54.167892540566,0.328666666666667,10
ESSFvcw,Tmin_wt,44.6126241630659,0.328666666666667,10
ESSFvcw,Eref_sm,42.647470646791,0.328666666666667,10
ESSFvcw,EMT,40.6233071441767,0.328666666666667,10
ESSFvcw,MCMT,38.7169210339673,0.328666666666667,10
ESSFvcw,PPT_at,37.9666931811527,0.328666666666667,10
ESSFwc2,PPT_wt,135.08005533493,0.283188405797101,23
ESSFwc2,MCMT,122.932354001763,0.283188405797101,23
ESSFwc2,Tmin_wt,118.801863816335,0.283188405797101,23
ESSFwc2,EMT,107.98122186984,0.283188405797101,23
ESSFwc2,Eref_sm,98.0230710194125,0.283188405797101,23
ESSFwc2,PPT_at,95.2437611372292,0.283188405797101,23
ESSFwc3,MCMT,93.3976156426574,0.224,15
ESSFwc3,Tmin_wt,86.6536873701832,0.224,15
ESSFwc3,PPT_wt,85.5817064995605,0.224,15
ESSFwc3,EMT,77.4726945167737,0.224,15
ESSFwc3,DD_0,63.1472369320226,0.224,15
ESSFwc3,Tmin_sm,54.7828722843247,0.224,15
ESSFwc4,MCMT,86.1982944493012,0.242916666666667,16
ESSFwc4,Tmin_wt,85.2640332475004,0.242916666666667,16
ESSFwc4,EMT,77.159158683119,0.242916666666667,16
ESSFwc4,Tmax_sp,70.3984013129909,0.242916666666667,16
ESSFwc4,DD_0_sp,65.9861700979346,0.242916666666667,16
ESSFwc4,Tave_sp,64.5025434986305,0.242916666666667,16
ESSFwcp,PPT_wt,130.00552465588,0.288611111111111,24
ESSFwcp,Tmin_wt,127.49177574818,0.288611111111111,24
ESSFwcp,EMT,126.681426217789,0.288611111111111,24
ESSFwcp,MCMT,106.981176634545,0.288611111111111,24
ESSFwcp,Tmin_at,87.9109541230809,0.288611111111111,24
ESSFwcp,PPT_at,85.801448026475,0.288611111111111,24
ESSFwcw,Tmin_wt,133.906186261494,0.283733333333333,25
ESSFwcw,PPT_wt,132.655213047204,0.283733333333333,25
ESSFwcw,EMT,130.257464620134,0.283733333333333,25
ESSFwcw,MCMT,126.121652464405,0.283733333333333,25
ESSFwcw,PPT_at,109.722342427083,0.283733333333333,25
ESSFwcw,PAS_sp,103.673506063644,0.283733333333333,25
ESSFwh_MT,Tmin_sp,72.8318988578302,0.105833333333333,16
ESSFwh_MT,NFFD_sp,65.8082566228451,0.105833333333333,16
ESSFwh_MT,TmaxJuly,63.5897653956582,0.105833333333333,16
ESSFwh_MT,MSP,62.1836513241709,0.105833333333333,16
ESSFwh_MT,Tmin_wt,61.7956438781786,0.105833333333333,16
ESSFwh_MT,EMT,59.646604686947,0.105833333333333,16
ESSFwh1,MCMT,82.6357504023083,0.271904761904762,14
ESSFwh1,Tmax_sp,67.9487872410851,0.271904761904762,14
ESSFwh1,PPT_sp,63.9256159237245,0.271904761904762,14
ESSFwh1,PPT_JAS,63.1353315808392,0.271904761904762,14
ESSFwh1,PPT_at,61.715646720561,0.271904761904762,14
ESSFwh1,CMDMax,60.0156457198585,0.271904761904762,14
ESSFwh2,MCMT,66.7620449415107,0.174074074074074,9
ESSFwh2,PPT_JAS,64.182572877936,0.174074074074074,9
ESSFwh2,Tmin_wt,60.8281115868268,0.174074074074074,9
ESSFwh2,EMT,52.5506327704395,0.174074074074074,9
ESSFwh2,DD5_sp,51.4016086174887,0.174074074074074,9
ESSFwh2,Tmax_sp,36.4383666715955,0.174074074074074,9
ESSFwh3,PPT_sp,51.6925221783567,0.161481481481481,9
ESSFwh3,CMDMax,47.6150099421519,0.161481481481481,9
ESSFwh3,PPT_MJ,44.6936612698196,0.161481481481481,9
ESSFwh3,PAS_sp,40.3876564578825,0.161481481481481,9
ESSFwh3,Tmax_sp,38.9446231670842,0.161481481481481,9
ESSFwh3,PPT_JAS,37.850670625264,0.161481481481481,9
ESSFwk1,MCMT,142.17833121048,0.228852228852229,19
ESSFwk1,EMT,121.72742252831,0.228852228852229,19
ESSFwk1,Tmin_wt,121.41242377398,0.228852228852229,19
ESSFwk1,PPT_JAS,83.3738482989967,0.228852228852229,19
ESSFwk1,Tmin_at,73.0431996014421,0.228852228852229,19
ESSFwk1,DD_0,72.7479826930764,0.228852228852229,19
ESSFwk2,MCMT,110.819053559731,0.186666666666667,15
ESSFwk2,Tmin_wt,91.8835087867203,0.186666666666667,15
ESSFwk2,EMT,78.0421566446525,0.186666666666667,15
ESSFwk2,PPT_JAS,65.6965009633502,0.186666666666667,15
ESSFwk2,DD_0,62.6701797936076,0.186666666666667,15
ESSFwk2,PPT_sm,57.9563870843785,0.186666666666667,15
ESSFwm_MT,Tmin_wt,160.506844047505,0.154553817847286,29
ESSFwm_MT,EMT,152.645731082847,0.154553817847286,29
ESSFwm_MT,MCMT,131.629289941025,0.154553817847286,29
ESSFwm_MT,Eref_sm,129.082442054053,0.154553817847286,29
ESSFwm_MT,Tmin_sp,123.913377983591,0.154553817847286,29
ESSFwm_MT,DD_0,123.480467228809,0.154553817847286,29
ESSFwm1,Tmin_wt,74.4294110761664,0.246666666666667,10
ESSFwm1,EMT,68.1414064828014,0.246666666666667,10
ESSFwm1,MCMT,62.1067669355239,0.246666666666667,10
ESSFwm1,Eref_sp,44.8922825651778,0.246666666666667,10
ESSFwm1,Tmax_sm,41.2149279215328,0.246666666666667,10
ESSFwm1,Eref_sm,41.1838849110545,0.246666666666667,10
ESSFwm2,Tmin_wt,66.9112200340618,0.263636363636364,11
ESSFwm2,Eref_sm,53.9952987995051,0.263636363636364,11
ESSFwm2,Tmax_sp,51.3800513060237,0.263636363636364,11
ESSFwm2,EMT,51.2194899228371,0.263636363636364,11
ESSFwm2,MCMT,48.6431166824353,0.263636363636364,11
ESSFwm2,DD_0_sp,48.4435228123115,0.263636363636364,11
ESSFwm3,CMDMax,62.0937539668698,0.178333333333333,8
ESSFwm3,Tmax_sp,42.6282967604601,0.178333333333333,8
ESSFwm3,Eref_sp,38.6971037471609,0.178333333333333,8
ESSFwm3,EMT,36.6209639189313,0.178333333333333,8
ESSFwm3,TmaxJuly,33.292090698565,0.178333333333333,8
ESSFwm3,PPT_sp,31.7266697436002,0.178333333333333,8
ESSFwm4,EMT,106.982635426352,0.217142857142857,14
ESSFwm4,Tmin_wt,79.8971364285684,0.217142857142857,14
ESSFwm4,Eref_sm,65.7426042093877,0.217142857142857,14
ESSFwm4,TmaxJuly,64.5534191202954,0.217142857142857,14
ESSFwm4,DD_0,53.7993229512809,0.217142857142857,14
ESSFwm4,eFFP,53.0493345420889,0.217142857142857,14
ESSFwmp,Eref_sm,49.9758416431528,0.300833333333333,8
ESSFwmp,TmaxJuly,45.3439217822198,0.300833333333333,8
ESSFwmp,Tmin_wt,39.4598135288861,0.300833333333333,8
ESSFwmp,Tmax_sm,38.326071464775,0.300833333333333,8
ESSFwmp,EMT,32.5547118955557,0.300833333333333,8
ESSFwmp,Tmax_sp,31.3861356388209,0.300833333333333,8
ESSFwmw,Tmin_wt,90.9568651670167,0.314761904761905,14
ESSFwmw,EMT,63.9536558519191,0.314761904761905,14
ESSFwmw,PPT_JAS,55.8037146220411,0.314761904761905,14
ESSFwmw,PPT_at,55.5697575395616,0.314761904761905,14
ESSFwmw,Eref_sm,55.3841655794357,0.314761904761905,14
ESSFwmw,eFFP,51.1156245129728,0.314761904761905,14
ESSFwv,Tmin_wt,71.2769726278991,0.25047619047619,14
ESSFwv,PPT_at,66.8285441246385,0.25047619047619,14
ESSFwv,EMT,62.1095008160223,0.25047619047619,14
ESSFwv,Tmax_sm,53.4434925434989,0.25047619047619,14
ESSFwv,MCMT,52.9563644422305,0.25047619047619,14
ESSFwv,PAS,52.4618452380528,0.25047619047619,14
ESSFwvp,DD_0_sp,49.1890767736652,0.247272727272727,11
ESSFwvp,Eref_sm,48.8666602100344,0.247272727272727,11
ESSFwvp,Tmin_wt,42.7161795339373,0.247272727272727,11
ESSFwvp,EMT,41.7072341958264,0.247272727272727,11
ESSFwvp,MCMT,41.5294011239496,0.247272727272727,11
ESSFwvp,PPT_at,41.4842723917689,0.247272727272727,11
ESSFwvw,Tmin_wt,57.7226450098375,0.301666666666667,12
ESSFwvw,EMT,55.5992740747979,0.301666666666667,12
ESSFwvw,Eref_sm,53.7642474099431,0.301666666666667,12
ESSFwvw,MCMT,49.69994687807,0.301666666666667,12
ESSFwvw,PPT_at,48.4335075643755,0.301666666666667,12
ESSFwvw,Tmax_sm,46.2068746624275,0.301666666666667,12
ESSFxc_CO,PPT_MJ,124.06518706708,0.133928571428571,21
ESSFxc_CO,Eref_sp,104.907397276001,0.133928571428571,21
ESSFxc_CO,Tmin_wt,96.5817136870851,0.133928571428571,21
ESSFxc_CO,Tmax,86.0985267175238,0.133928571428571,21
ESSFxc_CO,CMD.total,85.9430868356144,0.133928571428571,21
ESSFxc_CO,TmaxJuly,85.3747044545884,0.133928571428571,21
ESSFxc_WA,Tmin_wt,182.021758663322,0.129026073619632,35
ESSFxc_WA,PPT_MJ,168.923985322452,0.129026073619632,35
ESSFxc_WA,PPT_wt,141.793367483006,0.129026073619632,35
ESSFxc_WA,EMT,138.988302411366,0.129026073619632,35
ESSFxc_WA,MCMT,136.657924681123,0.129026073619632,35
ESSFxc_WA,Eref_sm,136.404951387201,0.129026073619632,35
ESSFxc1,Tmax_sp,28.9533367445808,0.128888888888889,6
ESSFxc1,Eref_sm,28.8379645643198,0.128888888888889,6
ESSFxc1,DD_0_sp,28.6474365195341,0.128888888888889,6
ESSFxc1,CMDMax,27.3903168654174,0.128888888888889,6
ESSFxc1,PPT_JAS,26.6612037530415,0.128888888888889,6
ESSFxc1,EXT,26.3742303398206,0.128888888888889,6
ESSFxc2,DD5_sp,52.6264842688612,0.141212121212121,11
ESSFxc2,PPT_JAS,46.7535775426522,0.141212121212121,11
ESSFxc2,CMI,45.5703614511579,0.141212121212121,11
ESSFxc2,PPT_sp,42.1717487108326,0.141212121212121,11
ESSFxc2,PAS_sp,41.4984067945712,0.141212121212121,11
ESSFxc2,PPT_wt,41.1988527619996,0.141212121212121,11
ESSFxc3,EMT,78.1460968421198,0.180606060606061,11
ESSFxc3,Eref_sp,48.9468737963654,0.180606060606061,11
ESSFxc3,Tmin_wt,48.0539082031189,0.180606060606061,11
ESSFxc3,Tmax_sp,47.147386733987,0.180606060606061,11
ESSFxc3,PPT_at,46.85284385381,0.180606060606061,11
ESSFxc3,MCMT,44.6045195031694,0.180606060606061,11
ESSFxcp,PPT_wt,59.5499736701403,0.175,12
ESSFxcp,MCMT,58.8258822308775,0.175,12
ESSFxcp,CMDMax,55.092126050829,0.175,12
ESSFxcp,EMT,54.3640175259301,0.175,12
ESSFxcp,Eref_sm,54.1857561652821,0.175,12
ESSFxcp,Tmin_wt,53.2987355516409,0.175,12
ESSFxcw,Eref_sm,70.4529776492127,0.177142857142857,14
ESSFxcw,CMDMax,68.8911910507126,0.177142857142857,14
ESSFxcw,PPT_at,66.8840673151894,0.177142857142857,14
ESSFxcw,PPT_JAS,63.5902990031573,0.177142857142857,14
ESSFxcw,EMT,61.9992742661849,0.177142857142857,14
ESSFxcw,Tmin_wt,60.8205651863138,0.177142857142857,14
ESSFxh_WA,Tmin_wt,113.639527230958,0.118947368421053,19
ESSFxh_WA,PPT_MJ,98.0993778795811,0.118947368421053,19
ESSFxh_WA,MCMT,87.5535567500334,0.118947368421053,19
ESSFxh_WA,EMT,87.4413242990326,0.118947368421053,19
ESSFxh_WA,Eref_sm,73.1078859439406,0.118947368421053,19
ESSFxh_WA,PPT_JAS,69.6476413631332,0.118947368421053,19
ESSFxk_MT,Tmin_wt,132.677145794179,0.151312530955919,27
ESSFxk_MT,PPT_JAS,120.388279961198,0.151312530955919,27
ESSFxk_MT,Tmin_sp,115.853345976412,0.151312530955919,27
ESSFxk_MT,DD_0,108.924655315348,0.151312530955919,27
ESSFxk_MT,MCMT,107.16805688161,0.151312530955919,27
ESSFxk_MT,DD5_sp,105.286050956576,0.151312530955919,27
ESSFxk_UT,PPT_MJ,134.940218165474,0.135686707115279,25
ESSFxk_UT,Eref_sm,120.453936769515,0.135686707115279,25
ESSFxk_UT,Tmin_wt,112.227979505395,0.135686707115279,25
ESSFxk_UT,Eref_sp,101.119485757285,0.135686707115279,25
ESSFxk_UT,EXT,100.36075810067,0.135686707115279,25
ESSFxk_UT,PPT_JAS,95.3448178085021,0.135686707115279,25
ESSFxk_WY,MCMT,126.559262392228,0.145553257497415,26
ESSFxk_WY,Tmin_wt,125.062237272586,0.145553257497415,26
ESSFxk_WY,EXT,123.956676082948,0.145553257497415,26
ESSFxk_WY,PPT_wt,116.61627695078,0.145553257497415,26
ESSFxk_WY,PPT_MJ,112.259036158365,0.145553257497415,26
ESSFxk_WY,CMDMax,109.275902091773,0.145553257497415,26
ESSFxv1,MCMT,105.233435302976,0.184444444444444,18
ESSFxv1,PPT_JAS,88.7412329501558,0.184444444444444,18
ESSFxv1,DD_0,87.3417940366891,0.184444444444444,18
ESSFxv1,EMT,79.0986052810689,0.184444444444444,18
ESSFxv1,eFFP,74.8123507868567,0.184444444444444,18
ESSFxv1,Eref_sm,73.9554900304819,0.184444444444444,18
ESSFxv2,EMT,73.2613787348631,0.182777777777778,12
ESSFxv2,Tmin_wt,57.111747512199,0.182777777777778,12
ESSFxv2,eFFP,51.2832687783714,0.182777777777778,12
ESSFxv2,PPT_wt,51.1293721181875,0.182777777777778,12
ESSFxv2,Tmax_sp,50.5048879363929,0.182777777777778,12
ESSFxv2,Eref_sp,49.9695954193095,0.182777777777778,12
ESSFxvp,PPT_at,106.331831286157,0.240701754385965,19
ESSFxvp,MCMT,101.458889397305,0.240701754385965,19
ESSFxvp,EMT,89.7817173232835,0.240701754385965,19
ESSFxvp,PPT_JAS,89.1249048746103,0.240701754385965,19
ESSFxvp,PPT_wt,76.3887890044446,0.240701754385965,19
ESSFxvp,Tmin_wt,76.1845774659428,0.240701754385965,19
ESSFxvw,Eref_sp,41.2168963482266,0.145833333333333,8
ESSFxvw,Tmin_wt,40.3906651867714,0.145833333333333,8
ESSFxvw,EMT,37.4731511513928,0.145833333333333,8
ESSFxvw,PPT_at,37.1072769838813,0.145833333333333,8
ESSFxvw,Eref_sm,36.9509963623502,0.145833333333333,8
ESSFxvw,MCMT,32.4812910840691,0.145833333333333,8
ESSFxw_OR,MCMT,185.053832350047,0.118758989110335,33
ESSFxw_OR,Tmin_wt,148.633093401394,0.118758989110335,33
ESSFxw_OR,PPT_JAS,146.582154343029,0.118758989110335,33
ESSFxw_OR,PPT_MJ,141.949917423129,0.118758989110335,33
ESSFxw_OR,DD_0,138.401157615673,0.118758989110335,33
ESSFxw_OR,Tmax_sm,133.956383782358,0.118758989110335,33
ESSFxx_WY,Eref_sp,37.0695798572271,0.103370786516854,6
ESSFxx_WY,Tmax,34.133201048198,0.103370786516854,6
ESSFxx_WY,PPT_MJ,33.8888404007954,0.103370786516854,6
ESSFxx_WY,EXT,31.5889176978842,0.103370786516854,6
ESSFxx_WY,TmaxJuly,29.183880199304,0.103370786516854,6
ESSFxx_WY,CMD.total,27.5287773573505,0.103370786516854,6
FGff,MCMT,82.4913883601407,0.138518177634607,15
FGff,CMDMax,74.274965306967,0.138518177634607,15
FGff,Tmin_wt,71.8507859211192,0.138518177634607,15
FGff,DD5_sp,70.1377749524308,0.138518177634607,15
FGff,EMT,66.976189271976,0.138518177634607,15
FGff,DD_0,58.0776533828366,0.138518177634607,15
FGnf,PPT_sm,30.9561831361051,0.0693333333333333,5
FGnf,PAS_sm,28.4949746802217,0.0693333333333333,5
FGnf,SHM,27.0598336908867,0.0693333333333333,5
FGnf,CMDMax,26.3186504864576,0.0693333333333333,5
FGnf,MSP,24.5011248188312,0.0693333333333333,5
FGnf,Tmin_wt,22.2415650172051,0.0693333333333333,5
GBDdw_UT,PPT_JAS,50.2687270072872,0.117983963344788,6
GBDdw_UT,EXT,35.6514041840666,0.117983963344788,6
GBDdw_UT,MCMT,33.103660900665,0.117983963344788,6
GBDdw_UT,DD_0,30.4175609312983,0.117983963344788,6
GBDdw_UT,MWMT,25.0597868977154,0.117983963344788,6
GBDdw_UT,DD5_sm,20.3678483111641,0.117983963344788,6
GBDxh_NV,PPT_JAS,96.4887482551814,0.111916264090177,20
GBDxh_NV,MCMT,86.1402905809818,0.111916264090177,20
GBDxh_NV,DD_0,84.6266236957702,0.111916264090177,20
GBDxh_NV,PPT_wt,83.6791333434802,0.111916264090177,20
GBDxh_NV,CMD.def,80.8634640886823,0.111916264090177,20
GBDxh_NV,CMD.total,78.3076968705617,0.111916264090177,20
GBDxx_UT,DD_0,39.4728891153297,0.094391244870041,6
GBDxx_UT,MCMT,33.9420692599956,0.094391244870041,6
GBDxx_UT,EXT,28.3874208671274,0.094391244870041,6
GBDxx_UT,MWMT,25.9210637734795,0.094391244870041,6
GBDxx_UT,DD18_sm,20.4640061263714,0.094391244870041,6
GBDxx_UT,TmaxJuly,20.0040052517488,0.094391244870041,6
ICHdh_ID,DD_0,108.524991430536,0.147,20
ICHdh_ID,MCMT,105.996727048698,0.147,20
ICHdh_ID,Tmin_wt,88.1879482222705,0.147,20
ICHdh_ID,EMT,77.8304337943305,0.147,20
ICHdh_ID,PPT_sm,76.2005867178687,0.147,20
ICHdh_ID,PAS,75.7811255868833,0.147,20
ICHdk,EMT,51.3959259733532,0.116190476190476,7
ICHdk,Tmin_wt,47.6767273945247,0.116190476190476,7
ICHdk,Tmax_sm,33.5992352977571,0.116190476190476,7
ICHdk,CMD.grow,31.2120711047683,0.116190476190476,7
ICHdk,SHM,28.6079375882096,0.116190476190476,7
ICHdk,MSP,28.4598531115459,0.116190476190476,7
ICHdm,EMT,90.3429194904304,0.18,14
ICHdm,Tmin_wt,89.4421376904803,0.18,14
ICHdm,PPT_JAS,67.4067649695174,0.18,14
ICHdm,CMDMax,62.1825277569231,0.18,14
ICHdm,MCMT,57.9751799185958,0.18,14
ICHdm,PPT_wt,54.4214718948948,0.18,14
ICHdw_ID,MCMT,220.625453317563,0.161333333333333,45
ICHdw_ID,PPT_MJ,210.725253098866,0.161333333333333,45
ICHdw_ID,PPT_wt,199.738010246486,0.161333333333333,45
ICHdw_ID,Tmin_wt,196.948098289537,0.161333333333333,45
ICHdw_ID,PPT_sm,177.587828062266,0.161333333333333,45
ICHdw_ID,DD_0,168.255220713309,0.161333333333333,45
ICHdw1,PPT_JAS,57.9488085841344,0.172666666666667,10
ICHdw1,CMDMax,55.9300288502729,0.172666666666667,10
ICHdw1,PPT_MJ,46.5968524229901,0.172666666666667,10
ICHdw1,PPT_sp,40.5685883734207,0.172666666666667,10
ICHdw1,EMT,36.6297400162222,0.172666666666667,10
ICHdw1,Tmin_wt,34.7182697229014,0.172666666666667,10
ICHdw3,PAS,48.8780947298321,0.26962962962963,9
ICHdw3,TmaxJuly,45.6290241462504,0.26962962962963,9
ICHdw3,PPT_at,41.8348523318221,0.26962962962963,9
ICHdw3,MAP,39.8644735004828,0.26962962962963,9
ICHdw3,Tmax_sm,38.7580273114686,0.26962962962963,9
ICHdw3,PPT,36.4712651044884,0.26962962962963,9
ICHdw4,PPT_JAS,51.1843652693428,0.217973231357553,7
ICHdw4,MCMT,40.8792873137334,0.217973231357553,7
ICHdw4,PPT_wt,38.9800354903037,0.217973231357553,7
ICHdw4,PPT_sp,37.8259154619839,0.217973231357553,7
ICHdw4,PPT_sm,33.8552151622932,0.217973231357553,7
ICHdw4,PPT_at,31.1768766441752,0.217973231357553,7
ICHmc1,PPT_at,56.970082695064,0.192666666666667,10
ICHmc1,PPT_JAS,51.9280106578118,0.192666666666667,10
ICHmc1,PPT_wt,51.0789930323487,0.192666666666667,10
ICHmc1,Tmin_wt,48.2190993079837,0.192666666666667,10
ICHmc1,CMI,46.5232624521491,0.192666666666667,10
ICHmc1,PPT,44.5830599676426,0.192666666666667,10
ICHmc1a,PPT_wt,35.4177591699586,0.154666666666667,5
ICHmc1a,PPT_at,34.2744901175578,0.154666666666667,5
ICHmc1a,MCMT,28.6390839629092,0.154666666666667,5
ICHmc1a,PAS,23.2167410311629,0.154666666666667,5
ICHmc1a,MAP,21.185640637446,0.154666666666667,5
ICHmc1a,PAS_sp,19.6597267001115,0.154666666666667,5
ICHmc2,PPT_at,52.7107951745141,0.115555555555556,6
ICHmc2,PPT_JAS,32.3573495426601,0.115555555555556,6
ICHmc2,PPT_wt,31.7893001952356,0.115555555555556,6
ICHmc2,Tave,30.599427286416,0.115555555555556,6
ICHmc2,MAT,27.8473489219219,0.115555555555556,6
ICHmc2,CMI,27.6221700189102,0.115555555555556,6
ICHmh_MT,MCMT,42.744976458564,0.0971428571428571,7
ICHmh_MT,PPT_MJ,39.633879921186,0.0971428571428571,7
ICHmh_MT,Tmin_wt,39.5166696799212,0.0971428571428571,7
ICHmh_MT,EMT,36.802006425459,0.0971428571428571,7
ICHmh_MT,Tmin_sp,35.2879898657315,0.0971428571428571,7
ICHmh_MT,DD_0,32.6359648943694,0.0971428571428571,7
ICHmk1,CMDMax,96.3719060058942,0.211764705882353,17
ICHmk1,PPT_JAS,95.0278107361392,0.211764705882353,17
ICHmk1,PPT_MJ,86.7705016040211,0.211764705882353,17
ICHmk1,MSP,71.0958513832441,0.211764705882353,17
ICHmk1,PPT_wt,71.0148062784476,0.211764705882353,17
ICHmk1,PPT_sm,68.9547108906075,0.211764705882353,17
ICHmk2,PPT_at,71.0371797890005,0.201904761904762,14
ICHmk2,PPT_JAS,70.4530095388389,0.201904761904762,14
ICHmk2,MCMT,65.8837177811379,0.201904761904762,14
ICHmk2,EMT,61.4408417594889,0.201904761904762,14
ICHmk2,Tmin_wt,60.6615167870981,0.201904761904762,14
ICHmk2,PPT,60.0419294779815,0.201904761904762,14
ICHmk3,Tmin_wt,67.9214384385989,0.144242424242424,11
ICHmk3,EMT,60.83878081323,0.144242424242424,11
ICHmk3,PPT_JAS,55.1218020070365,0.144242424242424,11
ICHmk3,MSP,49.820670104548,0.144242424242424,11
ICHmk3,PPT_sm,47.0252967175588,0.144242424242424,11
ICHmk3,PPT_MJ,46.3676971251398,0.144242424242424,11
ICHmk4,Tmin_wt,71.4537801187823,0.206666666666667,8
ICHmk4,MCMT,56.9754707914318,0.206666666666667,8
ICHmk4,EMT,45.5801260952455,0.206666666666667,8
ICHmk4,Tmax_sp,35.3648206689553,0.206666666666667,8
ICHmk4,Tmin_at,34.4285214630568,0.206666666666667,8
ICHmk4,Tmax,33.2273265606484,0.206666666666667,8
ICHmk5,MCMT,54.7530543354277,0.244166666666667,8
ICHmk5,Tmax_sp,39.2405146435295,0.244166666666667,8
ICHmk5,Tmin_wt,38.8651524404447,0.244166666666667,8
ICHmk5,Eref_sp,37.2729983627191,0.244166666666667,8
ICHmk5,PPT_wt,36.8283691760603,0.244166666666667,8
ICHmk5,PPT_MJ,32.3709038028178,0.244166666666667,8
ICHmm,EMT,92.3689001250049,0.223165554881747,11
ICHmm,Tmin_wt,91.0291115032888,0.223165554881747,11
ICHmm,MCMT,89.160489255235,0.223165554881747,11
ICHmm,Tmin,52.0350540614855,0.223165554881747,11
ICHmm,PPT_wt,45.4693404168923,0.223165554881747,11
ICHmm,DD_0,43.7951890098216,0.223165554881747,11
ICHmw_MT,PPT_MJ,83.4833303548788,0.13,18
ICHmw_MT,MCMT,80.41967995675,0.13,18
ICHmw_MT,PPT_sp,70.8158433797288,0.13,18
ICHmw_MT,EMT,69.46495392028,0.13,18
ICHmw_MT,Tmin_wt,69.4115367617987,0.13,18
ICHmw_MT,DD_0,66.4538748759506,0.13,18
ICHmw1,Tmin_wt,53.0598930761778,0.271111111111111,9
ICHmw1,PPT_wt,51.0817306130196,0.271111111111111,9
ICHmw1,PPT_at,44.300802585787,0.271111111111111,9
ICHmw1,EMT,42.1041282872545,0.271111111111111,9
ICHmw1,Eref_sm,41.8430833339477,0.271111111111111,9
ICHmw1,MCMT,40.0682750608193,0.271111111111111,9
ICHmw2,PPT_JAS,78.9314579302403,0.256190476190476,14
ICHmw2,MCMT,74.7214135902663,0.256190476190476,14
ICHmw2,PPT_MJ,71.7105396109288,0.256190476190476,14
ICHmw2,CMDMax,68.5787734967502,0.256190476190476,14
ICHmw2,PPT_sp,63.4627941045168,0.256190476190476,14
ICHmw2,Tmin_wt,61.1903427770297,0.256190476190476,14
ICHmw3,PPT_at,68.993976808399,0.248,15
ICHmw3,MCMT,68.3227029464318,0.248,15
ICHmw3,Tmin_wt,67.2362547649895,0.248,15
ICHmw3,PPT_JAS,64.4279330780394,0.248,15
ICHmw3,MAP,63.0640574705145,0.248,15
ICHmw3,PPT_MJ,59.7352143960633,0.248,15
ICHmw4,CMDMax,73.1338243643427,0.1225,8
ICHmw4,PPT_MJ,44.3660894256427,0.1225,8
ICHmw4,DD_0_sp,41.7120710393656,0.1225,8
ICHmw4,PPT_JAS,39.2173211691307,0.1225,8
ICHmw4,PPT_sp,36.2530626377612,0.1225,8
ICHmw4,CMD_sp,36.1823331905394,0.1225,8
ICHmw5,CMDMax,73.7780572130907,0.220606060606061,11
ICHmw5,PPT_JAS,55.9510550588696,0.220606060606061,11
ICHmw5,PPT_wt,48.675102342849,0.220606060606061,11
ICHmw5,PPT,47.5072573944628,0.220606060606061,11
ICHmw5,PPT_sp,47.4922855631968,0.220606060606061,11
ICHmw5,AHM,44.0499673020819,0.220606060606061,11
ICHvc,MCMT,70.5601971055032,0.145714285714286,7
ICHvc,Tmin_wt,52.9594293558277,0.145714285714286,7
ICHvc,EMT,44.4483626960228,0.145714285714286,7
ICHvc,DD_0,41.0214075888238,0.145714285714286,7
ICHvc,PPT_wt,28.7613584538483,0.145714285714286,7
ICHvc,TmaxJuly,28.5316084263897,0.145714285714286,7
ICHvk1,MCMT,72.1995711535644,0.252121212121212,11
ICHvk1,Tmin_wt,62.606932386298,0.252121212121212,11
ICHvk1,PPT_wt,60.3747366001731,0.252121212121212,11
ICHvk1,EMT,59.1577415711803,0.252121212121212,11
ICHvk1,Tmin_sm,39.6757886581337,0.252121212121212,11
ICHvk1,Tmax,38.0400193408664,0.252121212121212,11
ICHvk2,MCMT,78.8878616907884,0.170638703527169,7
ICHvk2,Tmin_wt,56.5800677424083,0.170638703527169,7
ICHvk2,EMT,54.5106147964546,0.170638703527169,7
ICHvk2,DD_0,30.9748407863773,0.170638703527169,7
ICHvk2,Tmin_sm,26.4708521016562,0.170638703527169,7
ICHvk2,Tave,25.3483489138121,0.170638703527169,7
ICHwc,DD_0,51.6924931753971,0.197037037037037,9
ICHwc,MCMT,46.011014527269,0.197037037037037,9
ICHwc,EMT,43.5387133189604,0.197037037037037,9
ICHwc,PPT_wt,42.9560960418837,0.197037037037037,9
ICHwc,EXT,42.4980619624555,0.197037037037037,9
ICHwc,Tmin_wt,36.9659787763871,0.197037037037037,9
ICHwk1,MCMT,113.917585652382,0.240833333333333,16
ICHwk1,Tmin_wt,109.182047650397,0.240833333333333,16
ICHwk1,EMT,86.7706261994647,0.240833333333333,16
ICHwk1,PPT_wt,82.8152807979902,0.240833333333333,16
ICHwk1,PPT_at,66.9131330180328,0.240833333333333,16
ICHwk1,DD_0,62.0750892130939,0.240833333333333,16
ICHwk2,CMI,35.4560430248358,0.12,7
ICHwk2,DD5_sp,30.1643953134577,0.12,7
ICHwk2,eFFP,29.3214220041211,0.12,7
ICHwk2,DD5.grow,29.0024216979782,0.12,7
ICHwk2,PAS_sm,27.6195440869575,0.12,7
ICHwk2,Tmin_sm,24.0744190729574,0.12,7
ICHwk3,MCMT,74.3553842252644,0.176666666666667,8
ICHwk3,EMT,47.5238156963656,0.176666666666667,8
ICHwk3,Tmin_wt,42.9590840786477,0.176666666666667,8
ICHwk3,Tmin_at,39.9076725542628,0.176666666666667,8
ICHwk3,DD_0_sp,38.2953407463691,0.176666666666667,8
ICHwk3,DD_0,36.9285556630653,0.176666666666667,8
ICHwk4,MCMT,50.4352036508117,0.170638703527169,7
ICHwk4,Tmin_wt,48.9925560487376,0.170638703527169,7
ICHwk4,EMT,44.2454726120643,0.170638703527169,7
ICHwk4,PPT_sm,32.822349526767,0.170638703527169,7
ICHwk4,PPT_sp,31.1373395567053,0.170638703527169,7
ICHwk4,DD_0,28.2292713929413,0.170638703527169,7
ICHxh_ID,PPT_MJ,75.1874518511497,0.143048128342246,15
ICHxh_ID,CMD.total,66.9292720937417,0.143048128342246,15
ICHxh_ID,CMD.grow,65.7150889744518,0.143048128342246,15
ICHxh_ID,Tmin_wt,61.6835629199346,0.143048128342246,15
ICHxh_ID,EMT,61.5259874302358,0.143048128342246,15
ICHxh_ID,MCMT,58.7200525316733,0.143048128342246,15
ICHxm1,PPT_MJ,93.0557651689424,0.23025641025641,13
ICHxm1,PPT_sp,84.7453629290734,0.23025641025641,13
ICHxm1,PPT_JAS,70.7619789650577,0.23025641025641,13
ICHxm1,PPT_sm,67.2623840053524,0.23025641025641,13
ICHxm1,MSP,64.391435982182,0.23025641025641,13
ICHxm1,MCMT,60.998840539191,0.23025641025641,13
ICHxw,PPT_sm,51.4468499915956,0.152,10
ICHxw,CMDMax,49.5848549344577,0.152,10
ICHxw,PPT_at,47.5168993567379,0.152,10
ICHxw,PPT_JAS,46.2780318351021,0.152,10
ICHxw,PPT_wt,44.2620914253947,0.152,10
ICHxw,CMD.def,38.5269960134937,0.152,10
ICHxw_ID,MCMT,70.8995416241612,0.117777777777778,12
ICHxw_ID,PPT_wt,68.8743070490868,0.117777777777778,12
ICHxw_ID,PPT_at,51.9174457489365,0.117777777777778,12
ICHxw_ID,DD_0,51.0909821278732,0.117777777777778,12
ICHxw_ID,NFFD_sp,49.6280830430957,0.117777777777778,12
ICHxw_ID,Tmin_sp,48.3751661620605,0.117777777777778,12
ICHxw_WA,PPT_MJ,115.661242715424,0.137453646477132,27
ICHxw_WA,PPT_wt,113.545739983593,0.137453646477132,27
ICHxw_WA,PPT_sm,111.485930465292,0.137453646477132,27
ICHxw_WA,DD_0,109.913099501674,0.137453646477132,27
ICHxw_WA,MCMT,107.210670801322,0.137453646477132,27
ICHxw_WA,Tmin_wt,106.421329087664,0.137453646477132,27
ICHxwa,CMD.def,28.4620424877635,0.157333333333333,5
ICHxwa,PPT_wt,28.2676899982328,0.157333333333333,5
ICHxwa,PPT_at,24.1592660202217,0.157333333333333,5
ICHxwa,CMI,23.8919308459854,0.157333333333333,5
ICHxwa,NFFD_sm,23.8281434002968,0.157333333333333,5
ICHxwa,PAS_sm,22.7502023093453,0.157333333333333,5
IDFdc,DD_0,69.0052177901205,0.161818181818182,11
IDFdc,PPT_at,63.624453434546,0.161818181818182,11
IDFdc,CMI,60.8336092085848,0.161818181818182,11
IDFdc,PPT_wt,56.6961985005163,0.161818181818182,11
IDFdc,EMT,54.2347665954827,0.161818181818182,11
IDFdc,PPT,53.0189119485593,0.161818181818182,11
IDFdh,PPT_sm,44.4562323751329,0.151666666666667,8
IDFdh,PPT_at,41.0836419087867,0.151666666666667,8
IDFdh,PPT_wt,38.1888510963955,0.151666666666667,8
IDFdh,PAS_sp,33.3106271558641,0.151666666666667,8
IDFdh,CMD.def,33.1119011978585,0.151666666666667,8
IDFdh,PPT_JAS,30.8140401731173,0.151666666666667,8
IDFdh_MT,Tmin_wt,112.686451107362,0.131184168528567,21
IDFdh_MT,MCMT,100.039428233653,0.131184168528567,21
IDFdh_MT,PPT_wt,100.038961356638,0.131184168528567,21
IDFdh_MT,DD_0,95.3706246513818,0.131184168528567,21
IDFdh_MT,CMD.def,84.1280360572014,0.131184168528567,21
IDFdh_MT,CMD.total,81.6865663446139,0.131184168528567,21
IDFdh_UT,MCMT,253.247409336611,0.152353854112778,55
IDFdh_UT,PPT_JAS,238.066465327552,0.152353854112778,55
IDFdh_UT,PPT_MJ,230.972939762786,0.152353854112778,55
IDFdh_UT,PPT_wt,208.930121054931,0.152353854112778,55
IDFdh_UT,Tmin_wt,208.757695220161,0.152353854112778,55
IDFdh_UT,DD_0,200.166661668606,0.152353854112778,55
IDFdh_WA,Tmin_wt,147.125960397667,0.131465517241379,31
IDFdh_WA,MCMT,145.598579153232,0.131465517241379,31
IDFdh_WA,PPT_MJ,139.692123174021,0.131465517241379,31
IDFdh_WA,PPT_JAS,138.013403409371,0.131465517241379,31
IDFdh_WA,DD_0,127.671489081416,0.131465517241379,31
IDFdh_WA,DD_0_sp,126.478042606786,0.131465517241379,31
IDFdk_MT,Tmin_wt,113.309128819681,0.140371229698376,23
IDFdk_MT,PPT_wt,108.434364326534,0.140371229698376,23
IDFdk_MT,MCMT,102.852368239283,0.140371229698376,23
IDFdk_MT,Eref_sm,96.3567701837928,0.140371229698376,23
IDFdk_MT,Tave_sp,95.8323015976876,0.140371229698376,23
IDFdk_MT,EMT,95.2498357615416,0.140371229698376,23
IDFdk_WA,PPT_sm,116.697741475653,0.105230769230769,22
IDFdk_WA,PPT_MJ,110.774203006612,0.105230769230769,22
IDFdk_WA,MSP,109.237377674697,0.105230769230769,22
IDFdk_WA,PPT_wt,103.922228878755,0.105230769230769,22
IDFdk_WA,PPT_JAS,100.10018202295,0.105230769230769,22
IDFdk_WA,Tmin_wt,93.9118012055286,0.105230769230769,22
IDFdk1,PPT_JAS,97.7949158808382,0.162745098039216,17
IDFdk1,PPT_MJ,93.243843687051,0.162745098039216,17
IDFdk1,PPT_sm,82.3850300231962,0.162745098039216,17
IDFdk1,Tmin_wt,79.6399479057994,0.162745098039216,17
IDFdk1,PPT_wt,78.8761895592668,0.162745098039216,17
IDFdk1,PAS_sp,75.3430579292572,0.162745098039216,17
IDFdk2,PPT_at,81.3134659501839,0.192857142857143,14
IDFdk2,PPT_sp,68.7943317851201,0.192857142857143,14
IDFdk2,PPT_wt,66.0544702255665,0.192857142857143,14
IDFdk2,Tmax,63.351476591246,0.192857142857143,14
IDFdk2,PPT_JAS,63.1475987938271,0.192857142857143,14
IDFdk2,MCMT,59.7375707554069,0.192857142857143,14
IDFdk3,MCMT,67.5427106873635,0.171794871794872,13
IDFdk3,PPT_sm,67.3897717779306,0.171794871794872,13
IDFdk3,EMT,64.5984304941147,0.171794871794872,13
IDFdk3,Tmin_wt,63.6299835046318,0.171794871794872,13
IDFdk3,PPT_MJ,47.8949214106644,0.171794871794872,13
IDFdk3,PAS_sm,47.8784887119108,0.171794871794872,13
IDFdk4,Tmin_sm,41.8109628005596,0.133333333333333,8
IDFdk4,NFFD_sm,40.0298831902542,0.133333333333333,8
IDFdk4,Tmin,35.3220920543611,0.133333333333333,8
IDFdk4,EMT,34.6507325787257,0.133333333333333,8
IDFdk4,Tmin_wt,32.0713775338339,0.133333333333333,8
IDFdk4,eFFP,32.0546954571312,0.133333333333333,8
IDFdk5,MCMT,48.1877926287168,0.198888888888889,6
IDFdk5,Tmin_wt,43.9970393387659,0.198888888888889,6
IDFdk5,EMT,37.0245789342038,0.198888888888889,6
IDFdk5,Tmax_sp,30.0796356113907,0.198888888888889,6
IDFdk5,Tave,28.288169287942,0.198888888888889,6
IDFdk5,DD_0,28.1965333831305,0.198888888888889,6
IDFdkx_MT,MCMT,215.95161459017,0.149612062655541,48
IDFdkx_MT,PPT_JAS,214.959829811636,0.149612062655541,48
IDFdkx_MT,Tmin_wt,210.175594779199,0.149612062655541,48
IDFdkx_MT,PPT_MJ,197.767365906349,0.149612062655541,48
IDFdkx_MT,PPT_wt,179.568213794473,0.149612062655541,48
IDFdkx_MT,EMT,176.313482438015,0.149612062655541,48
IDFdm_MT,MCMT,197.646798932536,0.136462699077955,40
IDFdm_MT,Tmin_wt,185.379353574077,0.136462699077955,40
IDFdm_MT,PPT_wt,174.590914332457,0.136462699077955,40
IDFdm_MT,PPT_JAS,158.894234709306,0.136462699077955,40
IDFdm_MT,PPT_MJ,156.761616891766,0.136462699077955,40
IDFdm_MT,PPT_sm,151.410771377138,0.136462699077955,40
IDFdm_WA,PPT_MJ,134.554247158986,0.13390092879257,26
IDFdm_WA,PPT_JAS,125.304071835395,0.13390092879257,26
IDFdm_WA,PPT_sm,122.870672207865,0.13390092879257,26
IDFdm_WA,PPT_wt,121.873981112197,0.13390092879257,26
IDFdm_WA,MSP,114.165572131238,0.13390092879257,26
IDFdm_WA,DD_0_sp,103.975812961209,0.13390092879257,26
IDFdm1,CMDMax,69.528149152818,0.158666666666667,10
IDFdm1,PPT_JAS,69.2829423038241,0.158666666666667,10
IDFdm1,PPT_sm,67.7283275362956,0.158666666666667,10
IDFdm1,MSP,64.7800121924549,0.158666666666667,10
IDFdm1,PPT_MJ,64.3589285428143,0.158666666666667,10
IDFdm1,CMD.grow,49.4074526287283,0.158666666666667,10
IDFdm2,Tmin_wt,90.9967659296243,0.161666666666667,8
IDFdm2,EMT,53.8074050104379,0.161666666666667,8
IDFdm2,MCMT,43.1961371200705,0.161666666666667,8
IDFdm2,Eref_sp,31.5121978539076,0.161666666666667,8
IDFdm2,PAS_sp,29.0480157358929,0.161666666666667,8
IDFdm2,PPT_sp,29.0052027588614,0.161666666666667,8
IDFdw,DD_0,51.2341354626537,0.158666666666667,10
IDFdw,Tmin_at,42.8364221676814,0.158666666666667,10
IDFdw,Tmin_sp,40.3844221268768,0.158666666666667,10
IDFdw,Tmin,37.7827281292782,0.158666666666667,10
IDFdw,CMD.grow,37.7237481069974,0.158666666666667,10
IDFdw,Tave,37.3872940516978,0.158666666666667,10
IDFdx_MT,MCMT,237.77859910803,0.158119658119658,49
IDFdx_MT,Tmin_wt,213.186662240785,0.158119658119658,49
IDFdx_MT,PPT_MJ,212.439850242797,0.158119658119658,49
IDFdx_MT,PPT_wt,206.966599698894,0.158119658119658,49
IDFdx_MT,PPT_JAS,201.464545453312,0.158119658119658,49
IDFdx_MT,DD_0_sp,171.239802243188,0.158119658119658,49
IDFdxx_WY,PPT_MJ,137.059446740562,0.13870381586917,24
IDFdxx_WY,MCMT,107.709134512801,0.13870381586917,24
IDFdxx_WY,Tmin_wt,104.121666499657,0.13870381586917,24
IDFdxx_WY,DD_0,98.6607413690432,0.13870381586917,24
IDFdxx_WY,PPT_wt,91.8379915189987,0.13870381586917,24
IDFdxx_WY,SHM,90.4099697674152,0.13870381586917,24
IDFmw2,Tmin_wt,98.3527909364178,0.21,14
IDFmw2,MSP,75.479237846541,0.21,14
IDFmw2,PPT_JAS,74.3471487643261,0.21,14
IDFmw2,MCMT,67.135923149852,0.21,14
IDFmw2,PPT_sm,64.1700388331824,0.21,14
IDFmw2,EMT,63.121402866929,0.21,14
IDFww,PPT_at,111.495112315922,0.219047619047619,21
IDFww,MCMT,104.610863324303,0.219047619047619,21
IDFww,Tmin_wt,98.7029227963819,0.219047619047619,21
IDFww,EMT,97.0245508151913,0.219047619047619,21
IDFww,CMI,87.8537428246535,0.219047619047619,21
IDFww,PPT_sp,86.2828945841572,0.219047619047619,21
IDFww1,PPT_wt,41.6630205577432,0.237142857142857,7
IDFww1,CMI,37.6124561989542,0.237142857142857,7
IDFww1,PPT,34.5402928801152,0.237142857142857,7
IDFww1,PPT_at,33.0793909348231,0.237142857142857,7
IDFww1,MCMT,32.3206059008348,0.237142857142857,7
IDFww1,PPT_sp,30.325284521436,0.237142857142857,7
IDFxc,PPT_at,70.4005618244906,0.19037037037037,9
IDFxc,PPT_wt,63.7240191303058,0.19037037037037,9
IDFxc,PPT,51.4529279601864,0.19037037037037,9
IDFxc,MAP,43.0040307786518,0.19037037037037,9
IDFxc,CMI,41.8175528106976,0.19037037037037,9
IDFxc,CMD.def,41.6820806392199,0.19037037037037,9
IDFxh_ID,MCMT,195.251018707797,0.148877374784111,39
IDFxh_ID,Tmin_wt,190.800909830115,0.148877374784111,39
IDFxh_ID,PPT_wt,167.905087238297,0.148877374784111,39
IDFxh_ID,PPT_MJ,165.564789104687,0.148877374784111,39
IDFxh_ID,PPT_JAS,162.869017473906,0.148877374784111,39
IDFxh_ID,DD_0,162.645915034389,0.148877374784111,39
IDFxh_OR,PPT_JAS,70.4654296180105,0.138063279002876,14
IDFxh_OR,PPT_sm,67.0175301611064,0.138063279002876,14
IDFxh_OR,CMD.total,62.5166631550535,0.138063279002876,14
IDFxh_OR,MSP,61.1974375927205,0.138063279002876,14
IDFxh_OR,Tmin_wt,60.3799968443268,0.138063279002876,14
IDFxh_OR,PPT_MJ,55.4483820933508,0.138063279002876,14
IDFxh_WA,PPT_wt,158.075446151042,0.119499568593615,31
IDFxh_WA,PPT_JAS,151.309487311598,0.119499568593615,31
IDFxh_WA,PPT_MJ,149.736976321115,0.119499568593615,31
IDFxh_WA,PPT_sm,139.013882532993,0.119499568593615,31
IDFxh_WA,Tmin_wt,134.735155168196,0.119499568593615,31
IDFxh_WA,MCMT,133.159290384592,0.119499568593615,31
IDFxh1,PPT_JAS,65.6740985089436,0.132666666666667,10
IDFxh1,PPT_MJ,55.8504107396703,0.132666666666667,10
IDFxh1,CMDMax,53.2861073049084,0.132666666666667,10
IDFxh1,PPT_sp,51.799850235583,0.132666666666667,10
IDFxh1,PPT_sm,48.4570372429966,0.132666666666667,10
IDFxh1,EMT,38.6700820198787,0.132666666666667,10
IDFxh2,PPT_at,83.4760960121498,0.203333333333333,14
IDFxh2,PPT_wt,80.8442131156273,0.203333333333333,14
IDFxh2,PPT_sm,71.5543977589843,0.203333333333333,14
IDFxh2,PPT_sp,71.2834940761652,0.203333333333333,14
IDFxh2,CMD.def,66.3733376759325,0.203333333333333,14
IDFxh2,CMI,66.331392286087,0.203333333333333,14
IDFxk,EMT,32.8910176982171,0.0733333333333333,3
IDFxk,MCMT,27.2312818795385,0.0733333333333333,3
IDFxk,DD_0,21.5287148797394,0.0733333333333333,3
IDFxk,Tmin_wt,19.9561748308152,0.0733333333333333,3
IDFxk,Tmax,14.2727563999748,0.0733333333333333,3
IDFxk,MAT,11.7367566755621,0.0733333333333333,3
IDFxm,PPT_MJ,55.2667449458394,0.101904761904762,7
IDFxm,MSP,44.5000402379992,0.101904761904762,7
IDFxm,PPT_JAS,40.8242088733313,0.101904761904762,7
IDFxm,Tmin,35.2365292456131,0.101904761904762,7
IDFxm,MCMT,33.1343492485928,0.101904761904762,7
IDFxm,PPT_sm,31.6184289831794,0.101904761904762,7
IDFxm_CO,PPT_MJ,148.411404780385,0.133578696687595,35
IDFxm_CO,PPT_JAS,145.307903872035,0.133578696687595,35
IDFxm_CO,MCMT,132.428779669225,0.133578696687595,35
IDFxm_CO,Tmin_wt,131.988327349367,0.133578696687595,35
IDFxm_CO,EXT,130.78283379077,0.133578696687595,35
IDFxm_CO,PPT_wt,123.27332465695,0.133578696687595,35
IDFxw,MCMT,58.160428045337,0.191111111111111,9
IDFxw,EMT,50.1284644695135,0.191111111111111,9
IDFxw,PPT_JAS,44.9525172211517,0.191111111111111,9
IDFxw,Tmin_wt,44.9340209961472,0.191111111111111,9
IDFxw,PPT_wt,41.4420269832803,0.191111111111111,9
IDFxw,MSP,35.80175738428,0.191111111111111,9
IDFxx_MT,Tmin_wt,105.084684969857,0.110936270653029,17
IDFxx_MT,MCMT,100.278884572034,0.110936270653029,17
IDFxx_MT,PPT_MJ,84.5851662572419,0.110936270653029,17
IDFxx_MT,DD_0,75.2720479969722,0.110936270653029,17
IDFxx_MT,PPT_sm,74.9171958817524,0.110936270653029,17
IDFxx_MT,EMT,71.3877482853569,0.110936270653029,17
IDFxx_WA,MCMT,82.8384960610988,0.0822669104204753,11
IDFxx_WA,Tmin_wt,60.8587244978017,0.0822669104204753,11
IDFxx_WA,PPT_wt,49.2810096510383,0.0822669104204753,11
IDFxx_WA,DD_0,46.4686947873727,0.0822669104204753,11
IDFxx_WA,EMT,43.2927026079693,0.0822669104204753,11
IDFxx_WA,PPT_at,41.704415030264,0.0822669104204753,11
IDFxx1,PPT_wt,43.147273420503,0.0906666666666667,5
IDFxx1,MCMT,29.9753539851924,0.0906666666666667,5
IDFxx1,CMD.def,26.5233734004155,0.0906666666666667,5
IDFxx1,PPT_sm,25.0018206709061,0.0906666666666667,5
IDFxx1,DD_0,24.0885569460038,0.0906666666666667,5
IDFxx1,PAS,23.5015587204668,0.0906666666666667,5
IDFxx2,CMD.total,10.5678032305442,0.11,2
IDFxx2,CMDMax,9.68988739268702,0.11,2
IDFxx2,CMD_sm,8.3540497108032,0.11,2
IDFxx2,AHM,8.16382325787391,0.11,2
IDFxx2,PAS_sm,8.02521095746811,0.11,2
IDFxx2,PAS,7.70825106354704,0.11,2
IGFdk_WA,MCMT,159.331901439264,0.111190646623717,28
IGFdk_WA,CMDMax,126.902004801665,0.111190646623717,28
IGFdk_WA,PPT_MJ,113.914283265335,0.111190646623717,28
IGFdk_WA,PAS_sp,112.391625869162,0.111190646623717,28
IGFdk_WA,DD_0,112.231065686137,0.111190646623717,28
IGFdk_WA,PPT_wt,111.413590063593,0.111190646623717,28
IGFdw_OR,MCMT,188.433896778832,0.135449262405007,30
IGFdw_OR,CMDMax,132.965685043332,0.135449262405007,30
IGFdw_OR,PPT_MJ,128.290733475953,0.135449262405007,30
IGFdw_OR,CMD.total,123.171435971158,0.135449262405007,30
IGFdw_OR,CMD_sm,110.508870951038,0.135449262405007,30
IGFdw_OR,NFFD_sp,109.238159382469,0.135449262405007,30
IGFmh_OR,PPT_wt,122.238681305089,0.124787775891341,24
IGFmh_OR,PPT_JAS,117.862550541094,0.124787775891341,24
IGFmh_OR,Tmin_wt,107.074867762762,0.124787775891341,24
IGFmh_OR,PPT_sm,105.485869968336,0.124787775891341,24
IGFmh_OR,MSP,101.264395259597,0.124787775891341,24
IGFmh_OR,PPT_MJ,99.7190745286429,0.124787775891341,24
IGFmm_OR,Tmin_wt,252.289122905814,0.149229821318546,55
IGFmm_OR,PPT_wt,252.08195831605,0.149229821318546,55
IGFmm_OR,PPT_MJ,250.597113196832,0.149229821318546,55
IGFmm_OR,MCMT,246.516703734503,0.149229821318546,55
IGFmm_OR,PPT_JAS,237.373627734473,0.149229821318546,55
IGFmm_OR,PPT_sm,201.885898478838,0.149229821318546,55
IGFxm_OR,PPT_MJ,196.040128294387,0.12779088763841,38
IGFxm_OR,Tmin_wt,186.213156296804,0.12779088763841,38
IGFxm_OR,MCMT,180.074026369278,0.12779088763841,38
IGFxm_OR,PPT_wt,175.198781155927,0.12779088763841,38
IGFxm_OR,PPT_JAS,167.790136838831,0.12779088763841,38
IGFxm_OR,PPT_sm,161.167963288397,0.12779088763841,38
IMAab,Tmin_wt,104.689252801386,0.247111111111111,15
IMAab,EMT,102.837142790946,0.247111111111111,15
IMAab,PPT_wt,90.6476467584504,0.247111111111111,15
IMAab,Eref_sm,78.6255422657577,0.247111111111111,15
IMAab,Tmin_at,61.300023750822,0.247111111111111,15
IMAab,PPT_at,58.9278562124622,0.247111111111111,15
IMAun,Tmin_wt,168.104148071846,0.249885057471264,29
IMAun,PPT_wt,146.824997480575,0.249885057471264,29
IMAun,EMT,145.544887192374,0.249885057471264,29
IMAun,MCMT,140.679217937902,0.249885057471264,29
IMAun,PPT_at,123.762705877248,0.249885057471264,29
IMAun,Eref_sm,116.583596723596,0.249885057471264,29
IWFdm_CO,EXT,88.9466640101502,0.124084249084249,17
IWFdm_CO,PPT_JAS,65.9518720355311,0.124084249084249,17
IWFdm_CO,TmaxJuly,60.9085953465799,0.124084249084249,17
IWFdm_CO,PPT_sm,60.3599780664411,0.124084249084249,17
IWFdm_CO,PPT_MJ,60.0250546997527,0.124084249084249,17
IWFdm_CO,Tmax_sm,58.1635587630295,0.124084249084249,17
IWFdw_OR,MCMT,154.356677514336,0.131239935587762,34
IWFdw_OR,PPT_wt,144.534452700356,0.131239935587762,34
IWFdw_OR,Tmin_wt,131.808680461614,0.131239935587762,34
IWFdw_OR,PPT_sm,125.723169749049,0.131239935587762,34
IWFdw_OR,CMD.total,123.585831204464,0.131239935587762,34
IWFdw_OR,MSP,119.457464578364,0.131239935587762,34
IWFxk_NV,PPT_JAS,201.73815262934,0.146065330363771,37
IWFxk_NV,Tmin_wt,178.991611807892,0.146065330363771,37
IWFxk_NV,PPT_MJ,178.183624311101,0.146065330363771,37
IWFxk_NV,MCMT,163.852833026514,0.146065330363771,37
IWFxk_NV,PPT_sm,145.918813173079,0.146065330363771,37
IWFxk_NV,DD_0,142.093421802246,0.146065330363771,37
IWFxm_CA,PPT_wt,64.1207058184601,0.123456790123457,12
IWFxm_CA,Tmin_wt,50.2243162211934,0.123456790123457,12
IWFxm_CA,CMD.def,48.362417650321,0.123456790123457,12
IWFxm_CA,CMI,45.3871976872626,0.123456790123457,12
IWFxm_CA,PAS_sp,40.1259024344461,0.123456790123457,12
IWFxm_CA,PPT,40.096948111593,0.123456790123457,12
JPWdm_WY,PPT_JAS,125.140960095359,0.135201724668925,23
JPWdm_WY,PPT_MJ,113.776052983971,0.135201724668925,23
JPWdm_WY,PPT_wt,103.878051710192,0.135201724668925,23
JPWdm_WY,MCMT,98.0149350552066,0.135201724668925,23
JPWdm_WY,Tmin_wt,94.0592584640619,0.135201724668925,23
JPWdm_WY,PPT_sm,90.5523493241035,0.135201724668925,23
JPWdw_UT,PPT_MJ,148.149326503759,0.13234542667348,30
JPWdw_UT,MCMT,120.748902265043,0.13234542667348,30
JPWdw_UT,DD_0,120.664201880139,0.13234542667348,30
JPWdw_UT,Tmin_wt,118.92542322662,0.13234542667348,30
JPWdw_UT,PPT_JAS,113.839489900151,0.13234542667348,30
JPWdw_UT,MSP,111.25118590952,0.13234542667348,30
JPWwm_CO,EXT,33.6488885287171,0.0858806404657933,8
JPWwm_CO,PPT_sm,25.256155945562,0.0858806404657933,8
JPWwm_CO,TmaxJuly,24.1776587295014,0.0858806404657933,8
JPWwm_CO,DD18_sm,19.7627171551971,0.0858806404657933,8
JPWwm_CO,Tmax_sm,19.7311395669101,0.0858806404657933,8
JPWwm_CO,CMD.def,18.1909041261725,0.0858806404657933,8
JPWxh_CA,MCMT,75.315918267216,0.114285714285714,17
JPWxh_CA,PPT_wt,59.7604187055993,0.114285714285714,17
JPWxh_CA,DD_0,58.4041467884233,0.114285714285714,17
JPWxh_CA,Tmin_wt,52.9818513960459,0.114285714285714,17
JPWxh_CA,MAP,51.3810499687456,0.114285714285714,17
JPWxh_CA,CMI,49.8901967290678,0.114285714285714,17
JPWxw_NV,MCMT,336.304539206676,0.149108762941616,69
JPWxw_NV,PPT_wt,298.644912754659,0.149108762941616,69
JPWxw_NV,Tmin_wt,269.22104708697,0.149108762941616,69
JPWxw_NV,PPT_JAS,267.106769556841,0.149108762941616,69
JPWxw_NV,PPT_MJ,257.716225241654,0.149108762941616,69
JPWxw_NV,DD_0,246.035571060378,0.149108762941616,69
MGPdm,Eref_sm,30.4331532847511,0.0579710144927536,4
MGPdm,CMDMax,26.2956458389269,0.0579710144927536,4
MGPdm,PPT_sm,20.554043874904,0.0579710144927536,4
MGPdm,CMD_sm,16.697928274499,0.0579710144927536,4
MGPdm,CMD.total,14.8451454190092,0.0579710144927536,4
MGPdm,EXT,14.5131573697374,0.0579710144927536,4
MGPmg,EXT,45.2146348818952,0.0570749108204518,6
MGPmg,PAS_sm,33.9649728449059,0.0570749108204518,6
MGPmg,DD5_sm,25.9804868697938,0.0570749108204518,6
MGPmg,Tmin_wt,23.2293184384695,0.0570749108204518,6
MGPmg,Tmax_sm,22.3107209824652,0.0570749108204518,6
MGPmg,DD5.grow,21.5127523943414,0.0570749108204518,6
MGPmw_MT,MCMT,119.425333009324,0.137919684002633,25
MGPmw_MT,PPT_JAS,108.342199473477,0.137919684002633,25
MGPmw_MT,PPT_MJ,99.4974656129728,0.137919684002633,25
MGPmw_MT,Tmin_wt,94.2530407961845,0.137919684002633,25
MGPmw_MT,PPT_sm,89.6489988081412,0.137919684002633,25
MGPmw_MT,EMT,84.0716110319913,0.137919684002633,25
MHdm_OR,CMDMax,107.279711133391,0.127592267135325,19
MHdm_OR,CMD.total,83.8300109506819,0.127592267135325,19
MHdm_OR,Tmin_sp,71.6209387451825,0.127592267135325,19
MHdm_OR,MCMT,71.3752055065189,0.127592267135325,19
MHdm_OR,PPT_JAS,70.116542998986,0.127592267135325,19
MHdm_OR,NFFD_sp,69.5199979049061,0.127592267135325,19
MHds_OR,Tmin_wt,80.1167955905626,0.102575107296137,16
MHds_OR,MCMT,78.8839145142642,0.102575107296137,16
MHds_OR,EMT,67.759088256293,0.102575107296137,16
MHds_OR,PPT_at,67.2814884178146,0.102575107296137,16
MHds_OR,NFFD_sp,64.8517132504079,0.102575107296137,16
MHds_OR,Tmin_sp,64.6117504813736,0.102575107296137,16
MHds_WA,CMDMax,71.5491007338362,0.151282051282051,13
MHds_WA,MCMT,70.1455537992136,0.151282051282051,13
MHds_WA,CMD.grow,65.4055524812546,0.151282051282051,13
MHds_WA,CMD.total,60.8030909161852,0.151282051282051,13
MHds_WA,CMD_sm,57.9165225018369,0.151282051282051,13
MHds_WA,PPT_sp,50.7059835732473,0.151282051282051,13
MHmm_WA,CMDMax,104.408258489772,0.156470588235294,17
MHmm_WA,MCMT,96.9810275366928,0.156470588235294,17
MHmm_WA,DD_0,88.0483694680341,0.156470588235294,17
MHmm_WA,Tmin_wt,72.9100454536602,0.156470588235294,17
MHmm_WA,EMT,69.3828766391656,0.156470588235294,17
MHmm_WA,CMD.total,62.775310395075,0.156470588235294,17
MHmm1,Eref_sm,110.392672179348,0.248053392658509,18
MHmm1,MCMT,86.855483471611,0.248053392658509,18
MHmm1,Tmax,76.5046849880664,0.248053392658509,18
MHmm1,DD5_sp,74.3457596673204,0.248053392658509,18
MHmm1,Tave_sp,73.3275792061168,0.248053392658509,18
MHmm1,Eref_sp,69.9574120456179,0.248053392658509,18
MHmm2,MCMT,265.489684817969,0.258333333333333,40
MHmm2,Tmin_wt,182.898883195558,0.258333333333333,40
MHmm2,EMT,179.662371134932,0.258333333333333,40
MHmm2,PPT_at,163.669148956151,0.258333333333333,40
MHmm2,PPT_wt,160.792025826704,0.258333333333333,40
MHmm2,Eref_sm,159.351969414568,0.258333333333333,40
MHmmp,MCMT,189.824464110233,0.2776,25
MHmmp,Tmin_wt,112.070376718894,0.2776,25
MHmmp,EMT,105.323617600062,0.2776,25
MHmmp,DD_0,98.0617338005082,0.2776,25
MHmmp,Tmax,95.6205280066915,0.2776,25
MHmmp,Eref_sm,91.1205800263379,0.2776,25
MHms_WA,CMDMax,83.6339047584728,0.143111111111111,15
MHms_WA,CMD,69.1194821655862,0.143111111111111,15
MHms_WA,Tmax,65.8825299294731,0.143111111111111,15
MHms_WA,CMD.grow,59.3469185550903,0.143111111111111,15
MHms_WA,CMD_sm,58.7097058170259,0.143111111111111,15
MHms_WA,PPT_JAS,58.39603877965,0.143111111111111,15
MHRFdm_OR,MCMT,84.7857521027267,0.122208688591149,17
MHRFdm_OR,Tmin_sp,72.6645646225293,0.122208688591149,17
MHRFdm_OR,PAS_sp,71.7128348567523,0.122208688591149,17
MHRFdm_OR,DD_0_sp,70.0411430944215,0.122208688591149,17
MHRFdm_OR,NFFD_sp,67.4239753874373,0.122208688591149,17
MHRFdm_OR,PPT_MJ,63.8157337313764,0.122208688591149,17
MHRFds_CA,MCMT,126.947203658927,0.107565789473684,21
MHRFds_CA,PPT_at,88.4300113216224,0.107565789473684,21
MHRFds_CA,PPT_wt,84.9186324049522,0.107565789473684,21
MHRFds_CA,DD_0_sp,80.4741329833201,0.107565789473684,21
MHRFds_CA,DD_0,77.0841746922821,0.107565789473684,21
MHRFds_CA,Tmin_wt,75.9388201927638,0.107565789473684,21
MHRFmm_OR,MCMT,91.0444640965522,0.104922279792746,16
MHRFmm_OR,NFFD_sp,71.9352939776184,0.104922279792746,16
MHRFmm_OR,Tmin_sp,67.0746711129556,0.104922279792746,16
MHRFmm_OR,PPT_MJ,66.5748237503688,0.104922279792746,16
MHRFmm_OR,CMD.total,64.3677780114156,0.104922279792746,16
MHRFmm_OR,Tmin_wt,61.5110738323646,0.104922279792746,16
MHun,NFFD,27.0994660598381,0.0466666666666667,4
MHun,PPT_at,18.5900966664438,0.0466666666666667,4
MHun,NFFD_sm,18.5739719106898,0.0466666666666667,4
MHun,CMI,18.2139266017109,0.0466666666666667,4
MHun,PPT,18.0799677781465,0.0466666666666667,4
MHun,Tmin_sm,17.762079800364,0.0466666666666667,4
MHwh,Tmin_wt,39.7790472107361,0.132352941176471,5
MHwh,Tmin_at,36.1007683260645,0.132352941176471,5
MHwh,FFP,34.8958393099718,0.132352941176471,5
MHwh,EMT,33.5043206648993,0.132352941176471,5
MHwh,DD_0,30.9704078361415,0.132352941176471,5
MHwh,Tmin,30.2749547506093,0.132352941176471,5
MHwh1,NFFD_sm,48.8903210555018,0.191666666666667,8
MHwh1,Tave_sp,45.0839735186265,0.191666666666667,8
MHwh1,PPT_sp,40.6219217240894,0.191666666666667,8
MHwh1,Tmin_sm,39.3668116235448,0.191666666666667,8
MHwh1,DD_0_sp,35.1228086812131,0.191666666666667,8
MHwh1,PAS_sp,34.5114861469839,0.191666666666667,8
MHwhp,Tmax_sp,56.4637350991411,0.202424242424242,11
MHwhp,Tave_sp,54.3833004136954,0.202424242424242,11
MHwhp,DD_0_sp,52.335619336583,0.202424242424242,11
MHwhp,NFFD,52.1932593541281,0.202424242424242,11
MHwhp,Tmin_at,50.979239482773,0.202424242424242,11
MHwhp,Tmin,50.6000883646125,0.202424242424242,11
MMMdk_NV,PPT_JAS,117.210187559461,0.102622576966933,18
MMMdk_NV,MCMT,96.0196493421244,0.102622576966933,18
MMMdk_NV,Tmin_wt,91.7137110127206,0.102622576966933,18
MMMdk_NV,CMD.total,78.51356569741,0.102622576966933,18
MMMdk_NV,TmaxJuly,77.371474461953,0.102622576966933,18
MMMdk_NV,DD_0,76.1848068577672,0.102622576966933,18
MSabN,MCMT,58.125564550827,0.104166666666667,8
MSabN,EMT,46.5424883214057,0.104166666666667,8
MSabN,Tmin_wt,43.1885724354648,0.104166666666667,8
MSabN,PAS,36.5316376111586,0.104166666666667,8
MSabN,DD5_sp,33.8930407295203,0.104166666666667,8
MSabN,PPT_wt,33.8134054828721,0.104166666666667,8
MSabS,EMT,82.5681968125337,0.116190476190476,14
MSabS,Tmin_wt,72.0322273641141,0.116190476190476,14
MSabS,PPT_wt,62.6862387500625,0.116190476190476,14
MSabS,DD5_sp,60.3061114852157,0.116190476190476,14
MSabS,MCMT,59.2898708476756,0.116190476190476,14
MSabS,Eref_sm,58.4908263212878,0.116190476190476,14
MSdc1,EMT,47.9317966500759,0.284444444444444,9
MSdc1,DD_0,45.0494864592573,0.284444444444444,9
MSdc1,MCMT,42.519668848699,0.284444444444444,9
MSdc1,Tmin_wt,42.400933354141,0.284444444444444,9
MSdc1,Eref_sm,36.3571619622952,0.284444444444444,9
MSdc1,PPT_wt,33.4390125951482,0.284444444444444,9
MSdc2,DD_0,61.2468438809427,0.151333333333333,10
MSdc2,PPT_at,43.1773112864388,0.151333333333333,10
MSdc2,CMD.grow,41.7678678726481,0.151333333333333,10
MSdc2,Tmin,40.9629502927444,0.151333333333333,10
MSdc2,eFFP,40.7014092273505,0.151333333333333,10
MSdc2,Tmin_wt,39.495008332574,0.151333333333333,10
MSdc3,CMI,45.7280445258488,0.151428571428571,7
MSdc3,PPT_at,45.2350608316618,0.151428571428571,7
MSdc3,PPT_wt,41.7046036795107,0.151428571428571,7
MSdc3,CMD.def,29.9391956269872,0.151428571428571,7
MSdc3,PPT,29.590924725066,0.151428571428571,7
MSdc3,CMD.total,25.3519205875878,0.151428571428571,7
MSdh_MT,Tmin_wt,158.467946018595,0.150157068062827,32
MSdh_MT,Tmin_sp,136.512077584659,0.150157068062827,32
MSdh_MT,MCMT,125.738167536019,0.150157068062827,32
MSdh_MT,Tave_sp,124.348716461691,0.150157068062827,32
MSdh_MT,DD_0,121.858347203737,0.150157068062827,32
MSdh_MT,DD5_sp,120.416157860723,0.150157068062827,32
MSdh_UT,PPT_MJ,208.582064667761,0.141833077316948,41
MSdh_UT,PPT_JAS,183.550780020956,0.141833077316948,41
MSdh_UT,MCMT,176.634925805975,0.141833077316948,41
MSdh_UT,Tmin_wt,174.94732801191,0.141833077316948,41
MSdh_UT,PPT_wt,156.715450628692,0.141833077316948,41
MSdh_UT,Eref_sm,150.475445223108,0.141833077316948,41
MSdh_WY,Tmin_wt,223.21840141871,0.155611489487711,46
MSdh_WY,MCMT,209.881190051714,0.155611489487711,46
MSdh_WY,PPT_MJ,205.516655631282,0.155611489487711,46
MSdh_WY,PPT_wt,197.200206193996,0.155611489487711,46
MSdh_WY,EMT,171.217748336603,0.155611489487711,46
MSdh_WY,PPT_JAS,164.289065876156,0.155611489487711,46
MSdk,Tmin_wt,91.7753835336578,0.22974358974359,13
MSdk,MCMT,75.2716712471215,0.22974358974359,13
MSdk,PPT_MJ,63.3531068615079,0.22974358974359,13
MSdk,Tmax_sp,62.8364580838446,0.22974358974359,13
MSdk,EMT,62.4088871765615,0.22974358974359,13
MSdk,Eref_sp,60.7036540079453,0.22974358974359,13
MSdk_CO,PPT_JAS,70.7383448549436,0.133203694701021,16
MSdk_CO,PPT_MJ,66.1062433317355,0.133203694701021,16
MSdk_CO,SHM,60.2537049667943,0.133203694701021,16
MSdk_CO,EXT,56.9546408103146,0.133203694701021,16
MSdk_CO,PPT_sm,55.4747206820719,0.133203694701021,16
MSdk_CO,PPT_wt,52.9775461517353,0.133203694701021,16
MSdm_WA,PPT_MJ,174.278021708957,0.142236270248913,34
MSdm_WA,PPT_wt,154.88208846664,0.142236270248913,34
MSdm_WA,Tmin_wt,144.178316909958,0.142236270248913,34
MSdm_WA,PPT_JAS,139.762999941303,0.142236270248913,34
MSdm_WA,PPT_sm,139.403046065227,0.142236270248913,34
MSdm_WA,DD_0_sp,133.560410350891,0.142236270248913,34
MSdm1,PPT_wt,37.2485066194249,0.194166666666667,8
MSdm1,CMD.total,32.6526915611787,0.194166666666667,8
MSdm1,CMI,31.5924059305672,0.194166666666667,8
MSdm1,PPT,30.5916039355477,0.194166666666667,8
MSdm1,DD5.grow,28.4564641481339,0.194166666666667,8
MSdm1,PPT_at,28.1837931959404,0.194166666666667,8
MSdm2,PPT_at,79.2608377764616,0.154583333333333,16
MSdm2,PPT_JAS,77.9275947961457,0.154583333333333,16
MSdm2,CMDMax,68.4144396708504,0.154583333333333,16
MSdm2,EMT,67.0304024303502,0.154583333333333,16
MSdm2,PPT_wt,66.2687924025511,0.154583333333333,16
MSdm2,Tmax_sp,65.5000529844918,0.154583333333333,16
MSdm3,PPT_JAS,63.4799440232311,0.207179487179487,13
MSdm3,MAP,57.8099134436515,0.207179487179487,13
MSdm3,PPT_sm,55.1939574563367,0.207179487179487,13
MSdm3,MSP,54.5735023537445,0.207179487179487,13
MSdm3,PPT,53.840351572602,0.207179487179487,13
MSdm3,PPT_at,45.2096704834918,0.207179487179487,13
MSdv,eFFP,37.6482449159816,0.133333333333333,6
MSdv,Tmax,28.5118453246586,0.133333333333333,6
MSdv,EMT,25.2222463832847,0.133333333333333,6
MSdv,Eref_sm,24.1454147507213,0.133333333333333,6
MSdv,DD_0,22.4728284260424,0.133333333333333,6
MSdv,Tave,22.0680906374439,0.133333333333333,6
MSdw,Tmin_wt,107.522102072011,0.237142857142857,14
MSdw,EMT,95.1904488805608,0.237142857142857,14
MSdw,MCMT,70.1299420734047,0.237142857142857,14
MSdw,PPT_wt,69.1496859595286,0.237142857142857,14
MSdw,Tmax_sp,58.6178695630187,0.237142857142857,14
MSdw,Eref_sm,56.8078509592995,0.237142857142857,14
MSdw_MT,Tmin_wt,230.056591153488,0.156936087168645,41
MSdw_MT,MCMT,216.867246976409,0.156936087168645,41
MSdw_MT,PPT_MJ,197.472581420141,0.156936087168645,41
MSdw_MT,EMT,186.867137508465,0.156936087168645,41
MSdw_MT,PPT_wt,168.440851723712,0.156936087168645,41
MSdw_MT,PPT_sm,151.36063382538,0.156936087168645,41
MSmm_ID,MCMT,168.830526508978,0.1499340742136,36
MSmm_ID,Tmin_wt,164.560976672563,0.1499340742136,36
MSmm_ID,Tmax,150.973596147766,0.1499340742136,36
MSmm_ID,PPT_MJ,150.190338573987,0.1499340742136,36
MSmm_ID,PPT_JAS,144.01774971003,0.1499340742136,36
MSmm_ID,Eref_sp,143.966843620482,0.1499340742136,36
MSxh_OR,PPT_wt,94.5776532696063,0.127278645833333,21
MSxh_OR,EXT,91.6608112060372,0.127278645833333,21
MSxh_OR,PPT_JAS,88.7440868682868,0.127278645833333,21
MSxh_OR,MCMT,86.1327552846008,0.127278645833333,21
MSxh_OR,PPT_sm,81.9624923790109,0.127278645833333,21
MSxh_OR,CMD.total,76.4707414158296,0.127278645833333,21
MSxk_WA,PPT_MJ,150.68702408644,0.126669737448181,29
MSxk_WA,PPT_wt,133.600189387413,0.126669737448181,29
MSxk_WA,Eref_sm,128.244603379755,0.126669737448181,29
MSxk_WA,Tmin_sp,123.255881959406,0.126669737448181,29
MSxk_WA,TmaxJuly,116.957814295673,0.126669737448181,29
MSxk_WA,Tmin_wt,116.681294069853,0.126669737448181,29
MSxk1,PPT_JAS,47.5608968354136,0.1725,8
MSxk1,DD_0_sp,34.1024360421077,0.1725,8
MSxk1,Tmax_sp,33.6647663935269,0.1725,8
MSxk1,CMI,31.2544077207026,0.1725,8
MSxk1,CMD.total,31.0850843721398,0.1725,8
MSxk1,CMD_sp,29.5233692232403,0.1725,8
MSxk2,MCMT,59.4307242849593,0.147878787878788,11
MSxk2,PPT_JAS,55.0275766357606,0.147878787878788,11
MSxk2,PPT_sm,46.6557819257655,0.147878787878788,11
MSxk2,Tmax_sm,46.1876865732079,0.147878787878788,11
MSxk2,Tmin_wt,44.5553464390045,0.147878787878788,11
MSxk2,PPT_wt,42.9873356635017,0.147878787878788,11
MSxk3,EMT,76.2864961413096,0.134826107670319,14
MSxk3,PPT_at,73.5912713900156,0.134826107670319,14
MSxk3,MCMT,66.6723512303925,0.134826107670319,14
MSxk3,Tmin_wt,63.5131203074879,0.134826107670319,14
MSxk3,CMI,57.005345132621,0.134826107670319,14
MSxk3,Tmax_sp,54.4156366570495,0.134826107670319,14
MSxm_CO,PPT_MJ,154.850046782325,0.140225179119754,27
MSxm_CO,Eref_sp,137.010513470247,0.140225179119754,27
MSxm_CO,EXT,115.307122806865,0.140225179119754,27
MSxm_CO,Tmin_wt,109.55392822279,0.140225179119754,27
MSxm_CO,Tmax_sm,105.323973076144,0.140225179119754,27
MSxm_CO,Tmax,103.948196165819,0.140225179119754,27
MSxv,PPT_at,102.647514338536,0.174666666666667,20
MSxv,MCMT,95.38201193693,0.174666666666667,20
MSxv,EMT,93.1230001482197,0.174666666666667,20
MSxv,PPT_JAS,91.8804488867181,0.174666666666667,20
MSxv,DD_0,87.6831909989646,0.174666666666667,20
MSxv,Tmin_wt,82.3259501609693,0.174666666666667,20
MSxx_NV,EXT,119.413931980938,0.125303152789006,25
MSxx_NV,PPT_JAS,114.152050335898,0.125303152789006,25
MSxx_NV,PPT_MJ,113.221513805103,0.125303152789006,25
MSxx_NV,Tmin_wt,112.74653722465,0.125303152789006,25
MSxx_NV,MCMT,106.859551805439,0.125303152789006,25
MSxx_NV,PPT_wt,103.812475563735,0.125303152789006,25
OWdm_OR,PPT_wt,58.4389031781977,0.106716886377903,12
OWdm_OR,Eref_sm,50.6400777041995,0.106716886377903,12
OWdm_OR,CMD.def,49.3872926969057,0.106716886377903,12
OWdm_OR,PPT_at,49.3233635312773,0.106716886377903,12
OWdm_OR,PPT,48.9939931069775,0.106716886377903,12
OWdm_OR,MAP,44.996540192676,0.106716886377903,12
OWmm_OR,NFFD_sp,25.0781809013574,0.0521885521885522,4
OWmm_OR,Tmin_sp,22.1082211300368,0.0521885521885522,4
OWmm_OR,PPT_sm,21.9947113741884,0.0521885521885522,4
OWmm_OR,MSP,19.8209395434155,0.0521885521885522,4
OWmm_OR,DD_0,16.4268672776568,0.0521885521885522,4
OWmm_OR,bFFP,15.9205038398912,0.0521885521885522,4
PPmx_WY,Tmax_sm,27.5165627542142,0.13015873015873,8
PPmx_WY,Tmax_sp,26.6082501616163,0.13015873015873,8
PPmx_WY,DD5_sp,25.3443838276167,0.13015873015873,8
PPmx_WY,EXT,21.2326251562023,0.13015873015873,8
PPmx_WY,Tave_sp,20.7357498349873,0.13015873015873,8
PPmx_WY,Tmin_sm,20.4583346694692,0.13015873015873,8
PPxh_CO,PPT_JAS,76.8033803724263,0.110075713453698,15
PPxh_CO,SHM,67.6937283522494,0.110075713453698,15
PPxh_CO,PPT_sm,67.2702298535076,0.110075713453698,15
PPxh_CO,MSP,59.1624435186299,0.110075713453698,15
PPxh_CO,MCMT,53.3893052449347,0.110075713453698,15
PPxh_CO,DD_0,51.1125401303211,0.110075713453698,15
PPxh_WA,PPT_wt,133.123343656835,0.10622009569378,28
PPxh_WA,Eref_sm,129.084190332435,0.10622009569378,28
PPxh_WA,DD_0,128.583988240922,0.10622009569378,28
PPxh_WA,PPT_MJ,128.148590962577,0.10622009569378,28
PPxh_WA,Tmin_wt,126.823899283602,0.10622009569378,28
PPxh_WA,MSP,125.198353119121,0.10622009569378,28
PPxh1,CMD.grow,41.8312943668363,0.0833333333333333,6
PPxh1,CMD_sm,41.7168439822455,0.0833333333333333,6
PPxh1,CMDMax,34.4324787790759,0.0833333333333333,6
PPxh1,PPT_JAS,34.2467978699122,0.0833333333333333,6
PPxh1,PPT_sm,27.4132585651853,0.0833333333333333,6
PPxh1,CMD.total,25.1008325159902,0.0833333333333333,6
PPxh2,CMI,48.6482763120536,0.154166666666667,8
PPxh2,MCMT,46.5641922904821,0.154166666666667,8
PPxh2,PPT_at,44.5639309584085,0.154166666666667,8
PPxh2,PAS,37.2826992600088,0.154166666666667,8
PPxh2,PPT_wt,36.5722214223806,0.154166666666667,8
PPxh2,CMD.total,32.4819736404115,0.154166666666667,8
PPxk_OR,PPT_wt,51.2396106189302,0.0957551826258638,7
PPxk_OR,Tmin_sm,39.1186948354112,0.0957551826258638,7
PPxk_OR,CMD.def,39.0647928926816,0.0957551826258638,7
PPxk_OR,CMI,30.7173315932842,0.0957551826258638,7
PPxk_OR,MAP,30.2627856873436,0.0957551826258638,7
PPxk_OR,PAS,28.6626741827232,0.0957551826258638,7
PPxm_OR,MCMT,144.220101646174,0.126301493888637,30
PPxm_OR,PPT_wt,136.569302367406,0.126301493888637,30
PPxm_OR,PPT_sm,128.719520338419,0.126301493888637,30
PPxm_OR,CMD.total,121.632656003175,0.126301493888637,30
PPxm_OR,CMD.def,116.340503153636,0.126301493888637,30
PPxm_OR,EMT,103.253671062011,0.126301493888637,30
PPxw_MT,PPT_MJ,113.191380346245,0.142029868942396,24
PPxw_MT,MCMT,112.613407775484,0.142029868942396,24
PPxw_MT,Tmin_wt,107.144037978953,0.142029868942396,24
PPxw_MT,PPT_wt,99.3162074939493,0.142029868942396,24
PPxw_MT,SHM,91.123599161281,0.142029868942396,24
PPxw_MT,DD_0,90.1322975406431,0.142029868942396,24
PPxw_WY,PPT_MJ,72.9857963104594,0.141895390989125,16
PPxw_WY,MCMT,71.1153279652227,0.141895390989125,16
PPxw_WY,PPT_JAS,64.3129196664249,0.141895390989125,16
PPxw_WY,SHM,60.952797015833,0.141895390989125,16
PPxw_WY,DD_0,58.4929333681021,0.141895390989125,16
PPxw_WY,PPT_sm,49.6690248351711,0.141895390989125,16
PPxx_OR,MCMT,78.885962987039,0.072782874617737,11
PPxx_OR,Tmin_wt,53.090965253191,0.072782874617737,11
PPxx_OR,PPT_wt,49.568060019457,0.072782874617737,11
PPxx_OR,EMT,45.8624634951609,0.072782874617737,11
PPxx_OR,Eref_sm,44.9115242847549,0.072782874617737,11
PPxx_OR,DD_0,42.9108129333738,0.072782874617737,11
SASbo,CMD,16.8147666695618,0.0822222222222222,3
SASbo,CMD.grow,16.706989337216,0.0822222222222222,3
SASbo,SHM,14.2960165702104,0.0822222222222222,3
SASbo,PPT,14.1322918006799,0.0822222222222222,3
SASbo,DD5,14.0216232147201,0.0822222222222222,3
SASbo,CMD_sm,13.1581652927397,0.0822222222222222,3
SBAPcp,CMD_sm,35.2554886756357,0.0573333333333333,5
SBAPcp,AHM,32.0440195295281,0.0573333333333333,5
SBAPcp,DD_0,28.4934956415246,0.0573333333333333,5
SBAPcp,Tmin_wt,28.1468649235559,0.0573333333333333,5
SBAPcp,MCMT,27.7775540090374,0.0573333333333333,5
SBAPcp,PPT_sm,25.4620364307617,0.0573333333333333,5
SBAPfp,Eref_sm,40.7492909941295,0.0761904761904762,7
SBAPfp,Tmin_wt,38.7263305598721,0.0761904761904762,7
SBAPfp,CMD_sm,38.0827709007664,0.0761904761904762,7
SBAPfp,CMDMax,34.1285128632691,0.0761904761904762,7
SBAPfp,DD5.grow,33.55628140552,0.0761904761904762,7
SBAPfp,DD_0,29.2228773512164,0.0761904761904762,7
SBPSdc,Eref_sp,43.8384658465988,0.133333333333333,9
SBPSdc,CMD.grow,42.4236541478659,0.133333333333333,9
SBPSdc,MSP,40.0517053248888,0.133333333333333,9
SBPSdc,PPT_at,38.5629845831858,0.133333333333333,9
SBPSdc,Tmin_sp,38.4962708878542,0.133333333333333,9
SBPSdc,PPT_MJ,37.4728142792453,0.133333333333333,9
SBPSmc,PPT_MJ,44.0997270874573,0.118518518518519,9
SBPSmc,PPT_at,41.9650388486885,0.118518518518519,9
SBPSmc,CMD.grow,40.9900979262221,0.118518518518519,9
SBPSmc,Eref_sm,40.6507729161471,0.118518518518519,9
SBPSmc,Tmin_at,37.1068472969351,0.118518518518519,9
SBPSmc,PPT_sm,33.8423707431893,0.118518518518519,9
SBPSmk,PPT_sm,74.9796584360437,0.14,14
SBPSmk,PPT_at,74.4714679980654,0.14,14
SBPSmk,MCMT,68.8779953104782,0.14,14
SBPSmk,PPT_MJ,59.7516623515789,0.14,14
SBPSmk,PPT_JAS,54.660466717409,0.14,14
SBPSmk,MSP,54.4532155024824,0.14,14
SBPSxc,eFFP,42.8054830502227,0.135333333333333,10
SBPSxc,PPT_at,41.9645687100139,0.135333333333333,10
SBPSxc,MCMT,41.5338627089778,0.135333333333333,10
SBPSxc,PAS_sp,41.0884778848387,0.135333333333333,10
SBPSxc,PPT_sp,40.9755803407965,0.135333333333333,10
SBPSxc,PPT_JAS,39.3229760160768,0.135333333333333,10
SBSdh1,MCMT,52.1469191655754,0.146666666666667,6
SBSdh1,Tmin_at,38.1851418617016,0.146666666666667,6
SBSdh1,FFP,28.5214058206152,0.146666666666667,6
SBSdh1,Tmin_wt,27.983760006861,0.146666666666667,6
SBSdh1,Tmin,25.5096174118232,0.146666666666667,6
SBSdh1,EMT,25.3749127665584,0.146666666666667,6
SBSdh2,MCMT,54.7614820067716,0.130044843049327,6
SBSdh2,Tmin_wt,39.4122192125657,0.130044843049327,6
SBSdh2,EMT,30.9844257231945,0.130044843049327,6
SBSdh2,CMD.def,30.5688380932508,0.130044843049327,6
SBSdh2,PPT_at,29.2898522313361,0.130044843049327,6
SBSdh2,Tmin,29.1611611684995,0.130044843049327,6
SBSdk,EMT,72.648448301331,0.141297756215888,11
SBSdk,Tmin_wt,65.3011363758282,0.141297756215888,11
SBSdk,PPT_JAS,59.1025902706772,0.141297756215888,11
SBSdk,MCMT,58.6983737338377,0.141297756215888,11
SBSdk,PPT_at,56.1723376142067,0.141297756215888,11
SBSdk,PPT_MJ,54.9546936636366,0.141297756215888,11
SBSdw1,MCMT,82.8636845270059,0.153888888888889,12
SBSdw1,Tmin_wt,71.9764052023426,0.153888888888889,12
SBSdw1,EMT,71.215131452295,0.153888888888889,12
SBSdw1,Eref_sm,49.7987054701293,0.153888888888889,12
SBSdw1,PPT_MJ,48.5945422525489,0.153888888888889,12
SBSdw1,DD5.grow,44.5866197962563,0.153888888888889,12
SBSdw2,PPT_MJ,64.8959545711254,0.156923076923077,13
SBSdw2,PPT_JAS,59.9291200962087,0.156923076923077,13
SBSdw2,PPT_at,58.0331621571153,0.156923076923077,13
SBSdw2,PPT_sm,58.0325672766032,0.156923076923077,13
SBSdw2,MSP,55.7620761991783,0.156923076923077,13
SBSdw2,MCMT,54.4225566045262,0.156923076923077,13
SBSdw3,MSP,43.5515392223534,0.102222222222222,9
SBSdw3,PPT_MJ,40.5977312291147,0.102222222222222,9
SBSdw3,MCMT,40.3353228792185,0.102222222222222,9
SBSdw3,EMT,36.7031633594029,0.102222222222222,9
SBSdw3,PPT_sp,36.4509052136567,0.102222222222222,9
SBSdw3,DD_0,36.377484610817,0.102222222222222,9
SBSmc1,PPT_JAS,47.836618220539,0.16,9
SBSmc1,Tmin_wt,46.310868022568,0.16,9
SBSmc1,Tmax,38.3024747739259,0.16,9
SBSmc1,MSP,36.2394437096255,0.16,9
SBSmc1,EMT,35.3116164771112,0.16,9
SBSmc1,Tmax_sp,34.7789431527872,0.16,9
SBSmc2,MCMT,155.84395864058,0.172173913043478,23
SBSmc2,DD_0,104.974038947546,0.172173913043478,23
SBSmc2,Tmin_wt,102.141239115989,0.172173913043478,23
SBSmc2,PPT_at,98.6918559260337,0.172173913043478,23
SBSmc2,PPT_wt,88.572023064819,0.172173913043478,23
SBSmc2,EMT,88.2586607366888,0.172173913043478,23
SBSmc3,PPT_at,50.096116881094,0.132,10
SBSmc3,PPT_MJ,49.3713880228661,0.132,10
SBSmc3,DD5_sp,42.0055901498742,0.132,10
SBSmc3,Tmin,37.6112994458894,0.132,10
SBSmc3,NFFD,35.5740976235702,0.132,10
SBSmc3,Tave_sp,34.6417443176161,0.132,10
SBSmh,MSP,67.915013670363,0.145333333333333,10
SBSmh,PPT_JAS,60.98032264421,0.145333333333333,10
SBSmh,PPT_sm,52.9143029010518,0.145333333333333,10
SBSmh,PPT_MJ,48.7257101843523,0.145333333333333,10
SBSmh,MCMT,48.2065176135614,0.145333333333333,10
SBSmh,PPT,47.3380829078366,0.145333333333333,10
SBSmk1,DD_0,76.3435950334416,0.12339209147213,14
SBSmk1,Tmin_wt,70.5617221479378,0.12339209147213,14
SBSmk1,PPT_sp,70.2275674598511,0.12339209147213,14
SBSmk1,MCMT,69.5284069214327,0.12339209147213,14
SBSmk1,PPT_JAS,64.3767594293824,0.12339209147213,14
SBSmk1,PPT_MJ,62.1916283881505,0.12339209147213,14
SBSmk2,PPT_JAS,48.1987877399279,0.142222222222222,9
SBSmk2,CMDMax,46.4446224102154,0.142222222222222,9
SBSmk2,Tmin_at,38.8790772599144,0.142222222222222,9
SBSmk2,Tmin,38.1651638072028,0.142222222222222,9
SBSmk2,Tmin_sp,34.458960466415,0.142222222222222,9
SBSmk2,DD_0,34.0515935271232,0.142222222222222,9
SBSmm,EMT,75.6045074719969,0.194871794871795,13
SBSmm,Tmin_wt,67.6315910295991,0.194871794871795,13
SBSmm,PPT_at,67.3153285086165,0.194871794871795,13
SBSmm,MSP,52.792515176214,0.194871794871795,13
SBSmm,MAP,50.9307500625813,0.194871794871795,13
SBSmm,AHM,50.3939500026523,0.194871794871795,13
SBSmw,PPT_JAS,60.2211219375937,0.152,10
SBSmw,MSP,49.5324071693363,0.152,10
SBSmw,PPT_sm,47.5109120031026,0.152,10
SBSmw,MCMT,46.874368357023,0.152,10
SBSmw,Tmin_wt,45.0721638154739,0.152,10
SBSmw,DD5_sp,42.790844825393,0.152,10
SBSun,MCMT,50.7334326989478,0.166666666666667,9
SBSun,EMT,48.2358097788077,0.166666666666667,9
SBSun,Tmin_wt,44.6082850663799,0.166666666666667,9
SBSun,PAS_sp,42.6611051495454,0.166666666666667,9
SBSun,PPT_sp,41.6631356440482,0.166666666666667,9
SBSun,CMD_sp,36.8176459514088,0.166666666666667,9
SBSvk,Tmin_wt,103.131227250954,0.202051282051282,13
SBSvk,MCMT,98.7825101075741,0.202051282051282,13
SBSvk,EMT,84.3499267770739,0.202051282051282,13
SBSvk,DD_0,80.2002739218209,0.202051282051282,13
SBSvk,Tmin_at,47.3527449457473,0.202051282051282,13
SBSvk,Tmin,40.2701233228242,0.202051282051282,13
SBSwk1,Tmin_wt,77.1714977374589,0.161333333333333,10
SBSwk1,PPT_JAS,49.2424035528431,0.161333333333333,10
SBSwk1,MSP,49.2055708297883,0.161333333333333,10
SBSwk1,MCMT,47.889086237016,0.161333333333333,10
SBSwk1,PPT_sm,47.0347042545482,0.161333333333333,10
SBSwk1,EMT,44.5503806058806,0.161333333333333,10
SBSwk2,PPT_wt,75.581126426734,0.165128205128205,13
SBSwk2,CMD.def,61.8968193071966,0.165128205128205,13
SBSwk2,CMDMax,56.5740312378465,0.165128205128205,13
SBSwk2,PPT_sm,55.4360474946379,0.165128205128205,13
SBSwk2,PPT_JAS,53.8039422871906,0.165128205128205,13
SBSwk2,PPT_MJ,51.5583244474532,0.165128205128205,13
SBSwk3,MCMT,46.1573823583959,0.127919911012236,6
SBSwk3,PPT_JAS,38.6208625732168,0.127919911012236,6
SBSwk3,Tmin_wt,36.2684557242481,0.127919911012236,6
SBSwk3,PPT_MJ,29.437745939467,0.127919911012236,6
SBSwk3,EMT,27.9630836387699,0.127919911012236,6
SBSwk3,MSP,26.5583016007253,0.127919911012236,6
SBSwk3a,Tmax,42.2495218024109,0.132721202003339,8
SBSwk3a,MCMT,41.5348043419764,0.132721202003339,8
SBSwk3a,PPT_sp,38.8175198466368,0.132721202003339,8
SBSwk3a,PAS_sp,36.5417323373192,0.132721202003339,8
SBSwk3a,DD_0,32.8607318732611,0.132721202003339,8
SBSwk3a,PPT_JAS,32.3612622734395,0.132721202003339,8
SGPdm_CO,EXT,35.2670772151076,0.0662650602409639,9
SGPdm_CO,SHM,32.3044625949695,0.0662650602409639,9
SGPdm_CO,PPT_MJ,30.1690302930808,0.0662650602409639,9
SGPdm_CO,MCMT,28.3088744752495,0.0662650602409639,9
SGPdm_CO,PPT_sm,27.5866023589739,0.0662650602409639,9
SGPdm_CO,CMD_sp,26.5891325651082,0.0662650602409639,9
SWBmk,Tmin_wt,101.732802675736,0.218823529411765,17
SWBmk,MCMT,93.4938330899041,0.218823529411765,17
SWBmk,PPT_MJ,77.4557381949585,0.218823529411765,17
SWBmk,EMT,73.7833118854487,0.218823529411765,17
SWBmk,PPT_wt,72.7340082455984,0.218823529411765,17
SWBmk,DD_0,71.4231822102539,0.218823529411765,17
SWBmks,MCMT,60.2682184593373,0.232121212121212,11
SWBmks,Tmin_wt,50.5101206011482,0.232121212121212,11
SWBmks,Tmax_sm,47.267630659478,0.232121212121212,11
SWBmks,PPT_at,47.0378769298417,0.232121212121212,11
SWBmks,PPT_JAS,44.5094204768862,0.232121212121212,11
SWBmks,PPT_wt,43.2686431796175,0.232121212121212,11
SWBun,PPT_wt,49.4107071908794,0.200121285627653,11
SWBun,Tmax_sm,46.0200841112102,0.200121285627653,11
SWBun,Eref_sm,41.8081101413985,0.200121285627653,11
SWBun,EMT,41.1653716633008,0.200121285627653,11
SWBun,PPT_at,38.8666949075738,0.200121285627653,11
SWBun,NFFD_sm,35.777279176624,0.200121285627653,11
SWBvk,Tave_sp,30.2996101665467,0.153333333333333,6
SWBvk,Tmax_sp,27.4617360748384,0.153333333333333,6
SWBvk,DD5_sp,27.3155860415159,0.153333333333333,6
SWBvk,Tmax,25.8609799732681,0.153333333333333,6
SWBvk,CMI,24.2564295165874,0.153333333333333,6
SWBvk,DD5.grow,23.8248249073194,0.153333333333333,6
SWBvks,DD5_sp,35.720069938769,0.166666666666667,6
SWBvks,Tmax,34.9839069491347,0.166666666666667,6
SWBvks,CMD_sp,33.5655127937606,0.166666666666667,6
SWBvks,Tmax_sp,28.4944617486186,0.166666666666667,6
SWBvks,DD5,26.8220263170419,0.166666666666667,6
SWBvks,Tave_sp,24.8403827000836,0.166666666666667,6
WJPxm_OR,MCMT,190.931395883714,0.126788553259142,35
WJPxm_OR,PPT_wt,173.230314890405,0.126788553259142,35
WJPxm_OR,Tmin_wt,171.680195869315,0.126788553259142,35
WJPxm_OR,PPT_sm,153.334474612346,0.126788553259142,35
WJPxm_OR,DD_0,141.531376216991,0.126788553259142,35
WJPxm_OR,MSP,137.693239762496,0.126788553259142,35
