Focal,Var,Importance,OOB,NumberBGCs
BGdh_OR,PAS_wt,249.141007764359,0.134504900304157,40
BGdh_OR,PPT_JAS,245.404255413647,0.134504900304157,40
BGdh_OR,Tmin_wt,217.618055649522,0.134504900304157,40
BGdh_OR,PPT_MJ,215.571326780416,0.134504900304157,40
BGdh_OR,Tmax_wt,191.108772951171,0.134504900304157,40
BGdh_OR,CMD.total,187.144941355939,0.134504900304157,40
BGdw_OR,PPT_JAS,109.429431761371,0.139882121807466,17
BGdw_OR,PPT_MJ,103.483058062015,0.139882121807466,17
BGdw_OR,Tmax_wt,102.61297672284,0.139882121807466,17
BGdw_OR,CMD.total,88.3375949902496,0.139882121807466,17
BGdw_OR,SHM,87.7349573180746,0.139882121807466,17
BGdw_OR,PAS_wt,83.8703936900029,0.139882121807466,17
BGdw_WA,PPT_MJ,51.272892183802,0.0744444444444444,6
BGdw_WA,CMI,38.4049344758954,0.0744444444444444,6
BGdw_WA,CMDMax,32.9273565814703,0.0744444444444444,6
BGdw_WA,CMD_sm,32.7399567603616,0.0744444444444444,6
BGdw_WA,SHM,29.4616568578507,0.0744444444444444,6
BGdw_WA,CMD.grow,29.1898048571939,0.0744444444444444,6
BGmk_MT,PPT_JAS,186.312485150455,0.136147889083188,28
BGmk_MT,PPT_MJ,179.334059843126,0.136147889083188,28
BGmk_MT,PAS_wt,157.049783839885,0.136147889083188,28
BGmk_MT,Tmin_wt,149.081635392953,0.136147889083188,28
BGmk_MT,SHM,136.640226165528,0.136147889083188,28
BGmk_MT,Tave_wt,122.801212052018,0.136147889083188,28
BGmk_NV,PAS_wt,218.046488987327,0.148571428571429,33
BGmk_NV,PPT_JAS,209.010496638467,0.148571428571429,33
BGmk_NV,PPT_MJ,180.873797545907,0.148571428571429,33
BGmk_NV,Tmax_wt,168.435196982366,0.148571428571429,33
BGmk_NV,Tmin_wt,167.150487628602,0.148571428571429,33
BGmk_NV,CMD.total,160.730525398763,0.148571428571429,33
BGmm_MT,PPT_MJ,141.609073388048,0.140630534891959,22
BGmm_MT,PPT_JAS,107.837115883732,0.140630534891959,22
BGmm_MT,Tmin_wt,98.1594965956469,0.140630534891959,22
BGmm_MT,SHM,96.4008803833442,0.140630534891959,22
BGmm_MT,DD5_wt,88.5285105625659,0.140630534891959,22
BGmm_MT,PAS_wt,86.6684053683858,0.140630534891959,22
BGmw_OR,PAS_wt,99.9370471294993,0.11623246492986,17
BGmw_OR,PPT_JAS,90.6142321735948,0.11623246492986,17
BGmw_OR,Tmin_wt,87.9247620098043,0.11623246492986,17
BGmw_OR,NFFD_sp,85.9539497076028,0.11623246492986,17
BGmw_OR,PPT_MJ,80.5470861247611,0.11623246492986,17
BGmw_OR,DD_0_sp,76.4289712578366,0.11623246492986,17
BGmw_WA,CMD.total,89.9297596831765,0.128388017118402,15
BGmw_WA,PPT_MJ,84.4906043621441,0.128388017118402,15
BGmw_WA,PPT_JAS,80.306919326185,0.128388017118402,15
BGmw_WA,CMI,76.7551781059053,0.128388017118402,15
BGmw_WA,SHM,74.9399775657306,0.128388017118402,15
BGmw_WA,NFFD_sp,68.4823070383121,0.128388017118402,15
BGwm_WA,PPT_MJ,80.8028163496728,0.116731517509728,12
BGwm_WA,SHM,80.6557816757908,0.116731517509728,12
BGwm_WA,Tmax_wt,76.1217275785568,0.116731517509728,12
BGwm_WA,PPT_JAS,67.987092355779,0.116731517509728,12
BGwm_WA,PAS_wt,62.6623812301045,0.116731517509728,12
BGwm_WA,AHM,58.8818348031896,0.116731517509728,12
BGxh_WA,Tmax_wt,170.948912152465,0.104952527585322,28
BGxh_WA,PPT_MJ,156.09323255681,0.104952527585322,28
BGxh_WA,SHM,152.767850460732,0.104952527585322,28
BGxh_WA,PPT_JAS,140.871265791527,0.104952527585322,28
BGxh_WA,CMD.total,122.736144893406,0.104952527585322,28
BGxh_WA,Eref,121.828313276576,0.104952527585322,28
BGxh1,CMD_sm,38.3629248744407,0.0706666666666667,5
BGxh1,PPT_JAS,36.1923216101501,0.0706666666666667,5
BGxh1,CMDMax,34.375354200769,0.0706666666666667,5
BGxh1,CMD.grow,34.1987882880948,0.0706666666666667,5
BGxh1,PAS_wt,32.6980064939062,0.0706666666666667,5
BGxh1,SHM,24.4909200062648,0.0706666666666667,5
BGxh2,PAS,18.7485913126364,0.146666666666667,3
BGxh2,EXT,18.3945506590295,0.146666666666667,3
BGxh2,DD18_sm,16.0871223848929,0.146666666666667,3
BGxh2,Tmax_sm,14.9354194466332,0.146666666666667,3
BGxh2,PAS_wt,14.3190414130171,0.146666666666667,3
BGxh2,Tave_sp,13.3783238085341,0.146666666666667,3
BGxh3,CMI,42.0371870021754,0.134666666666667,5
BGxh3,Tmin_wt,39.1925221132773,0.134666666666667,5
BGxh3,PAS_wt,37.9148899500039,0.134666666666667,5
BGxh3,DD_18_wt,27.0164586970447,0.134666666666667,5
BGxh3,Tmin_sp,22.602565147181,0.134666666666667,5
BGxh3,CMD.total,22.0463873811774,0.134666666666667,5
BGxw1,PAS,28.2696223707362,0.166666666666667,4
BGxw1,CMD.total,21.3280654962314,0.166666666666667,4
BGxw1,CMD_sp,20.4684709734348,0.166666666666667,4
BGxw1,DD5_sp,17.4885959720924,0.166666666666667,4
BGxw1,Tave_sm,17.1443653316035,0.166666666666667,4
BGxw1,AHM,15.7238506515939,0.166666666666667,4
BGxw2,Tmin_wt,30.3110835800095,0.115,4
BGxw2,Tmin_sm,26.9723822067328,0.115,4
BGxw2,DD_18_sp,21.7684883797086,0.115,4
BGxw2,DD_0_sp,20.4433140781233,0.115,4
BGxw2,DD_18_wt,19.8192228761754,0.115,4
BGxw2,NFFD_sm,19.5599955351341,0.115,4
BGxx_WY,PPT_JAS,146.623502377892,0.139120545868082,19
BGxx_WY,PPT_MJ,114.507238430208,0.139120545868082,19
BGxx_WY,Tmax_wt,99.7793624791159,0.139120545868082,19
BGxx_WY,SHM,94.7940729258655,0.139120545868082,19
BGxx_WY,EXT,85.3349071929308,0.139120545868082,19
BGxx_WY,DD5_wt,83.509478470581,0.139120545868082,19
BGxxx_WY,PPT_JAS,111.161318148039,0.118508026440038,15
BGxxx_WY,PPT_MJ,101.757579406521,0.118508026440038,15
BGxxx_WY,PAS_wt,87.0451316736055,0.118508026440038,15
BGxxx_WY,SHM,77.1246462765159,0.118508026440038,15
BGxxx_WY,CMI,74.9612768557098,0.118508026440038,15
BGxxx_WY,DD_18_wt,69.6805488801437,0.118508026440038,15
BSJPap,PAS_wt,42.858191816893,0.0733333333333333,5
BSJPap,DD_0_at,32.38454492098,0.0733333333333333,5
BSJPap,CMI,31.8182084861463,0.0733333333333333,5
BSJPap,CMD.grow,28.5059059284022,0.0733333333333333,5
BSJPap,Tmin_at,28.3531985473942,0.0733333333333333,5
BSJPap,DD5_wt,24.8372575009161,0.0733333333333333,5
BSJPku,DD_0_at,40.5638719526888,0.0506666666666667,5
BSJPku,Tmin_wt,33.8356565288636,0.0506666666666667,5
BSJPku,CMI,33.1954295094792,0.0506666666666667,5
BSJPku,Tave_wt,32.5358012182711,0.0506666666666667,5
BSJPku,Tmin,31.64385227093,0.0506666666666667,5
BSJPku,DD_18_wt,30.8774063503131,0.0506666666666667,5
BSJPpa,PAS_wt,50.064100642595,0.0426666666666667,5
BSJPpa,Tmin_wt,35.1202970151518,0.0426666666666667,5
BSJPpa,DD_0_at,32.86517516392,0.0426666666666667,5
BSJPpa,DD_18_wt,29.0421384179358,0.0426666666666667,5
BSJPpa,DD5_wt,27.2376718712373,0.0426666666666667,5
BSJPpa,Tave_wt,25.5716064405124,0.0426666666666667,5
BWBScm,PAS_wt,27.0539739325571,0.0222222222222222,3
BWBScm,NFFD_sm,26.8183964292612,0.0222222222222222,3
BWBScm,Tave_sm,24.3511492028976,0.0222222222222222,3
BWBScm,Tmin_sm,21.7733917294774,0.0222222222222222,3
BWBScm,EXT,20.8914581070242,0.0222222222222222,3
BWBScm,DD18_sm,19.6882292762172,0.0222222222222222,3
BWBScmC,PPT_JAS,88.8350945214447,0.101025641025641,13
BWBScmC,PAS_wt,70.5064912352305,0.101025641025641,13
BWBScmC,DD18_sm,69.2257852181682,0.101025641025641,13
BWBScmC,CMDMax,68.9661689204994,0.101025641025641,13
BWBScmC,Tmin,66.8770530206446,0.101025641025641,13
BWBScmC,DD_0_at,64.2522521497531,0.101025641025641,13
BWBScmE,DD_0_at,53.3669207083901,0.0704761904761905,7
BWBScmE,NFFD_sm,45.3262735452908,0.0704761904761905,7
BWBScmE,PPT_MJ,40.8424640542154,0.0704761904761905,7
BWBScmE,Tmin_sm,39.6783904311922,0.0704761904761905,7
BWBScmE,PAS_wt,38.8737061244562,0.0704761904761905,7
BWBScmE,Tmin_wt,35.3680561292143,0.0704761904761905,7
BWBScmNW,CMD_sp,38.5735541525349,0.0790476190476191,7
BWBScmNW,DD5_wt,37.8729615504276,0.0790476190476191,7
BWBScmNW,PPT_JAS,34.2602573523368,0.0790476190476191,7
BWBScmNW,Eref_sp,32.7379008592756,0.0790476190476191,7
BWBScmNW,Tmin_at,31.7723970487804,0.0790476190476191,7
BWBScmNW,Tmax_sp,30.26759231888,0.0790476190476191,7
BWBScmW,DD_0_at,36.7072027841011,0.0888888888888889,6
BWBScmW,PPT_JAS,33.6039477540266,0.0888888888888889,6
BWBScmW,SHM,33.1580641546704,0.0888888888888889,6
BWBScmW,MWMT,30.8266404899845,0.0888888888888889,6
BWBScmW,PAS,29.5837302494154,0.0888888888888889,6
BWBScmW,Tmin_wt,28.7863877732528,0.0888888888888889,6
BWBSdk,PPT_MJ,119.356828838769,0.157950157950158,19
BWBSdk,PAS_wt,92.9099909389821,0.157950157950158,19
BWBSdk,Eref_sm,89.5233988472954,0.157950157950158,19
BWBSdk,Tmin_sm,89.0433052772699,0.157950157950158,19
BWBSdk,CMI,86.7879862775179,0.157950157950158,19
BWBSdk,PPT_JAS,82.7376187464386,0.157950157950158,19
BWBSdmN,SHM,51.1965071575156,0.0858333333333333,8
BWBSdmN,PPT_JAS,44.6160457987586,0.0858333333333333,8
BWBSdmN,DD_0_sp,42.6212399814315,0.0858333333333333,8
BWBSdmN,CMDMax,41.1710634446027,0.0858333333333333,8
BWBSdmN,Tmax_wt,39.3258744687763,0.0858333333333333,8
BWBSdmN,DD18_sm,38.4704077676892,0.0858333333333333,8
BWBSdmS,Tave_wt,52.9905578370316,0.101904761904762,7
BWBSdmS,Tmax_wt,44.5602996936392,0.101904761904762,7
BWBSdmS,PAS_wt,39.8994367272956,0.101904761904762,7
BWBSdmS,DD5_wt,36.5417914948049,0.101904761904762,7
BWBSdmS,DD_0_at,35.8595871203244,0.101904761904762,7
BWBSdmS,Eref,33.0931154793113,0.101904761904762,7
BWBSlbE,Tave_sm,49.0622025360692,0.0653333333333333,5
BWBSlbE,PAS_wt,37.9747097036949,0.0653333333333333,5
BWBSlbE,NFFD_sm,36.4682644646252,0.0653333333333333,5
BWBSlbE,DD18_sm,30.9868994588852,0.0653333333333333,5
BWBSlbE,PPT_JAS,30.2437280598594,0.0653333333333333,5
BWBSlbE,AHM,25.4317057975658,0.0653333333333333,5
BWBSlbN,Tmin_at,49.8837435290526,0.0644444444444445,6
BWBSlbN,AHM,42.5336197378048,0.0644444444444445,6
BWBSlbN,DD_0_at,40.4411600123284,0.0644444444444445,6
BWBSlbN,CMD_sp,33.850013277186,0.0644444444444445,6
BWBSlbN,Tave_wt,30.7785492605551,0.0644444444444445,6
BWBSlbN,Tmax_wt,27.4508794287769,0.0644444444444445,6
BWBSlbW,DD5_sp,45.4499134882847,0.0752380952380953,7
BWBSlbW,Tmin_at,41.2166124359133,0.0752380952380953,7
BWBSlbW,DD_0_sp,40.8493444305344,0.0752380952380953,7
BWBSlbW,DD18_sm,40.1167366271087,0.0752380952380953,7
BWBSlbW,Tave_sm,36.946459623322,0.0752380952380953,7
BWBSlbW,AHM,34.9878845563967,0.0752380952380953,7
BWBSlf,CMDMax,84.7950613340919,0.105555555555556,12
BWBSlf,DD_0_at,78.8106502765633,0.105555555555556,12
BWBSlf,PPT_MJ,69.6236311773438,0.105555555555556,12
BWBSlf,DD5_sp,64.6984536366021,0.105555555555556,12
BWBSlf,Tmin_at,57.9527340486589,0.105555555555556,12
BWBSlf,PPT_JAS,56.0952712548163,0.105555555555556,12
BWBSmk,NFFD_sm,67.8172322586717,0.0944444444444444,12
BWBSmk,PPT_MJ,65.9837564432934,0.0944444444444444,12
BWBSmk,Tave_wt,61.9365700969932,0.0944444444444444,12
BWBSmk,CMD.total,60.8285164282798,0.0944444444444444,12
BWBSmk,MWMT,59.8826013072313,0.0944444444444444,12
BWBSmk,Tmin_sm,58.1152702523499,0.0944444444444444,12
BWBSmw,DD5_sp,77.7225791532639,0.0909090909090909,11
BWBSmw,DD_18_wt,66.8323937275838,0.0909090909090909,11
BWBSmw,DD5_wt,61.1944238652912,0.0909090909090909,11
BWBSmw,Eref_sp,60.2424125046844,0.0909090909090909,11
BWBSmw,PAS_wt,58.8204205000587,0.0909090909090909,11
BWBSmw,Tave_wt,56.7221501786995,0.0909090909090909,11
BWBSnm,PAS_wt,66.591166261004,0.06,8
BWBSnm,CMD_sp,54.7049268439716,0.06,8
BWBSnm,Tmin_wt,46.9290690650885,0.06,8
BWBSnm,AHM,39.675354987053,0.06,8
BWBSnm,Tave_sm,39.3770466470713,0.06,8
BWBSnm,PAS,38.8536437406328,0.06,8
BWBSpp,CMD.total,21.0708996302829,0.0755555555555556,3
BWBSpp,CMD,20.7001317616327,0.0755555555555556,3
BWBSpp,CMD.grow,20.4027309852323,0.0755555555555556,3
BWBSpp,CMI,18.8945971428871,0.0755555555555556,3
BWBSpp,SHM,16.0915416503769,0.0755555555555556,3
BWBSpp,CMD_sp,14.0371207571223,0.0755555555555556,3
BWBSub,PPT_JAS,33.73339665467,0.0483333333333333,4
BWBSub,CMD_sp,29.5013778851574,0.0483333333333333,4
BWBSub,DD_0_at,23.6731343283845,0.0483333333333333,4
BWBSub,DD18_sm,22.0356514313917,0.0483333333333333,4
BWBSub,CMDMax,18.8927930615187,0.0483333333333333,4
BWBSub,Tmin_sm,18.0442325752615,0.0483333333333333,4
BWBSuf,Tmin_at,64.069444969154,0.132121212121212,11
BWBSuf,CMDMax,60.8526895883828,0.132121212121212,11
BWBSuf,PPT_MJ,58.383448035781,0.132121212121212,11
BWBSuf,CMD_sp,57.4019711599419,0.132121212121212,11
BWBSuf,PAS_sp,53.0919977682136,0.132121212121212,11
BWBSuf,Tmin_wt,52.8390553364155,0.132121212121212,11
BWBSvk,DD_18_sp,22.9089250998491,0.128333333333333,4
BWBSvk,CMD,22.730061613609,0.128333333333333,4
BWBSvk,CMD.total,21.3836253121031,0.128333333333333,4
BWBSvk,DD5_sp,20.5512427872772,0.128333333333333,4
BWBSvk,Tave_sp,19.1311580317647,0.128333333333333,4
BWBSvk,PPT_JAS,18.5908035948692,0.128333333333333,4
BWBSwk1,PAS_wt,61.0277652747014,0.125714285714286,7
BWBSwk1,PAS,49.3446530625035,0.125714285714286,7
BWBSwk1,Tave_sm,43.7404984203626,0.125714285714286,7
BWBSwk1,DD18_sm,43.0167218307761,0.125714285714286,7
BWBSwk1,AHM,41.3542748990162,0.125714285714286,7
BWBSwk1,PPT_MJ,36.3053750007569,0.125714285714286,7
BWBSwk2,DD5_wt,42.0627471837687,0.0744444444444444,6
BWBSwk2,Tave_wt,40.6912547841209,0.0744444444444444,6
BWBSwk2,PAS_wt,40.2346518319463,0.0744444444444444,6
BWBSwk2,DD5_sp,39.0749807321433,0.0744444444444444,6
BWBSwk2,DD_18_wt,30.6849286512358,0.0744444444444444,6
BWBSwk2,DD_0_at,30.3180586001223,0.0744444444444444,6
BWBSwk3,CMD.total,28.826082421022,0.0688888888888889,3
BWBSwk3,MWMT,28.7487655306834,0.0688888888888889,3
BWBSwk3,TmaxJuly,22.8584560787838,0.0688888888888889,3
BWBSwk3,DD18_sm,20.7724496234669,0.0688888888888889,3
BWBSwk3,DD5_sp,17.2011396611195,0.0688888888888889,3
BWBSwk3,Eref_sm,16.6874785904333,0.0688888888888889,3
CDFmm,Eref_wt,45.2614187181014,0.0733333333333333,4
CDFmm,CMI,37.7349255229082,0.0733333333333333,4
CDFmm,AHM,33.9619001771364,0.0733333333333333,4
CDFmm,Eref,25.9631023152702,0.0733333333333333,4
CDFmm,Eref_sm,22.102660800519,0.0733333333333333,4
CDFmm,PAS_wt,21.6374946975779,0.0733333333333333,4
CDFmm_OR,Eref_wt,87.5279516734689,0.0921933085501859,9
CDFmm_OR,DD_18_wt,74.5604364834032,0.0921933085501859,9
CDFmm_OR,Tave_wt,68.9900855898675,0.0921933085501859,9
CDFmm_OR,DD5_wt,57.3625772916628,0.0921933085501859,9
CDFmm_OR,Tmax_wt,56.6560134883014,0.0921933085501859,9
CDFmm_OR,CMDMax,48.0396272346322,0.0921933085501859,9
CDFmm_WA,Eref_wt,32.1536180545237,0.0550918196994992,4
CDFmm_WA,PAS,27.1888195432833,0.0550918196994992,4
CDFmm_WA,Eref_sm,22.7153584362779,0.0550918196994992,4
CDFmm_WA,PAS_sp,21.3786315128581,0.0550918196994992,4
CDFmm_WA,DD_0_at,20.8888282923318,0.0550918196994992,4
CDFmm_WA,CMI,20.4379507780818,0.0550918196994992,4
CDFxm_CA,AHM,109.592569414578,0.136152416356877,16
CDFxm_CA,CMI,102.494253728916,0.136152416356877,16
CDFxm_CA,DD_18_wt,87.0564011979079,0.136152416356877,16
CDFxm_CA,DD5_wt,86.7859922573166,0.136152416356877,16
CDFxm_CA,Tmin_wt,85.3170030462673,0.136152416356877,16
CDFxm_CA,Tave_wt,84.8492974198694,0.136152416356877,16
CMAun,Tmin_wt,129.729280924914,0.254385964912281,19
CMAun,DD_18_wt,108.149228457051,0.254385964912281,19
CMAun,Tave_wt,101.409443206352,0.254385964912281,19
CMAun,Tmax_wt,96.4131208812982,0.254385964912281,19
CMAun,PPT_JAS,92.5331631195459,0.254385964912281,19
CMAun,Tmin_at,86.6265732205049,0.254385964912281,19
CMAwh,Tmin_wt,31.1180799906182,0.108888888888889,3
CMAwh,DD_18_wt,31.0071042570941,0.108888888888889,3
CMAwh,DD5_wt,24.7059115609363,0.108888888888889,3
CMAwh,Tave_wt,24.1481831147153,0.108888888888889,3
CMAwh,Tmin,20.3109398916176,0.108888888888889,3
CMAwh,Tmin_at,19.257446342922,0.108888888888889,3
CMXdm_OR,AHM,179.566733700061,0.123118677522823,30
CMXdm_OR,CMI,153.143340731931,0.123118677522823,30
CMXdm_OR,PAS_sp,150.022500856575,0.123118677522823,30
CMXdm_OR,Tmin_wt,130.513272649639,0.123118677522823,30
CMXdm_OR,Tmin_sp,127.929452798887,0.123118677522823,30
CMXdm_OR,CMD.total,127.31140041689,0.123118677522823,30
CMXmm_OR,Tmax_wt,82.1517903472892,0.121866897147796,18
CMXmm_OR,DD_18_wt,82.0803771793213,0.121866897147796,18
CMXmm_OR,Eref_wt,81.7009208051029,0.121866897147796,18
CMXmm_OR,DD5_wt,80.193019562191,0.121866897147796,18
CMXmm_OR,DD_0_at,75.0839433786633,0.121866897147796,18
CMXmm_OR,PAS_sp,70.5062018736471,0.121866897147796,18
CMXwm_OR,DD_0_at,67.515917591824,0.125813449023861,13
CMXwm_OR,CMI,64.5711415082294,0.125813449023861,13
CMXwm_OR,DD_18_wt,63.7788224550602,0.125813449023861,13
CMXwm_OR,Tmax_wt,58.7836188526728,0.125813449023861,13
CMXwm_OR,Tmin_wt,57.1332708279039,0.125813449023861,13
CMXwm_OR,Tave_wt,55.7264860843875,0.125813449023861,13
CMXxm_CA,DD_18_wt,58.1677245269239,0.126220886551465,12
CMXxm_CA,Tave_wt,53.1783506767151,0.126220886551465,12
CMXxm_CA,DD5_wt,47.933928185085,0.126220886551465,12
CMXxm_CA,DD_0_at,46.0334507145109,0.126220886551465,12
CMXxm_CA,PAS,45.6780821357618,0.126220886551465,12
CMXxm_CA,PAS_sp,44.7431219285552,0.126220886551465,12
CRFdh_CA,Tave_sm,49.7248984092708,0.0698739977090493,7
CRFdh_CA,MWMT,47.0269186308281,0.0698739977090493,7
CRFdh_CA,DD18_sm,45.8160722945323,0.0698739977090493,7
CRFdh_CA,Tave_wt,29.5725682014798,0.0698739977090493,7
CRFdh_CA,DD_0_at,29.3000251486507,0.0698739977090493,7
CRFdh_CA,DD5_wt,28.0224549940436,0.0698739977090493,7
CVGdm_CA,DD5_wt,29.0807816198487,0.0488888888888889,7
CVGdm_CA,PPT_JAS,24.6297486021195,0.0488888888888889,7
CVGdm_CA,DD_18_wt,21.8696986533647,0.0488888888888889,7
CVGdm_CA,Tave_wt,19.3637567790701,0.0488888888888889,7
CVGdm_CA,AHM,18.9949620811701,0.0488888888888889,7
CVGdm_CA,CMD_sp,18.9820603410204,0.0488888888888889,7
CWFdm_OR,CMI,173.919000520081,0.118811881188119,24
CWFdm_OR,AHM,127.905487226615,0.118811881188119,24
CWFdm_OR,Eref_wt,114.074890852472,0.118811881188119,24
CWFdm_OR,PAS_sp,113.734526035278,0.118811881188119,24
CWFdm_OR,CMD.total,105.836616103324,0.118811881188119,24
CWFdm_OR,Tmin_sm,101.30183200514,0.118811881188119,24
CWFds_CA,CMI,137.807163991578,0.133407243163341,20
CWFds_CA,AHM,121.660867135611,0.133407243163341,20
CWFds_CA,Tmin_sm,96.9583732263337,0.133407243163341,20
CWFds_CA,Tmin_at,85.6987464473253,0.133407243163341,20
CWFds_CA,PPT_MJ,83.1408147618136,0.133407243163341,20
CWFds_CA,DD_18_wt,82.1299694035725,0.133407243163341,20
CWFmm_OR,CMI,89.2509898350531,0.13749434644957,15
CWFmm_OR,PPT_MJ,85.6746127355373,0.13749434644957,15
CWFmm_OR,CMD.total,78.4764396452756,0.13749434644957,15
CWFmm_OR,PAS_sp,76.0118618975718,0.13749434644957,15
CWFmm_OR,SHM,75.3307469919667,0.13749434644957,15
CWFmm_OR,Tmin_at,73.4979821259877,0.13749434644957,15
CWFwm_OR,CMI,76.302499621417,0.105733824302998,13
CWFwm_OR,AHM,68.165439954308,0.105733824302998,13
CWFwm_OR,Tmin_wt,64.2798197962712,0.105733824302998,13
CWFwm_OR,CMD.total,63.3133609425156,0.105733824302998,13
CWFwm_OR,Tmin_at,61.2315753552591,0.105733824302998,13
CWFwm_OR,CMD,59.98975363931,0.105733824302998,13
CWHdm,CMI,46.5784181628006,0.201666666666667,8
CWHdm,Tmin_wt,43.1742159305717,0.201666666666667,8
CWHdm,PPT_MJ,39.5953632012301,0.201666666666667,8
CWHdm,AHM,38.7159729729864,0.201666666666667,8
CWHdm,SHM,37.2516766846162,0.201666666666667,8
CWHdm,DD_18_wt,34.5218169852314,0.201666666666667,8
CWHdm_OC,Eref_wt,124.324331937717,0.115800308800823,13
CWHdm_OC,Tave_wt,72.9881835253609,0.115800308800823,13
CWHdm_OC,DD5_wt,70.217464256996,0.115800308800823,13
CWHdm_OC,DD_0_at,67.1980872490961,0.115800308800823,13
CWHdm_OC,Tmax_wt,66.1374429160497,0.115800308800823,13
CWHdm_OC,EXT,64.5473679513153,0.115800308800823,13
CWHdm_OR,Eref_wt,129.539864089545,0.141291108404385,22
CWHdm_OR,CMDMax,118.836467620356,0.141291108404385,22
CWHdm_OR,Tave_wt,107.304735868295,0.141291108404385,22
CWHdm_OR,DD5_wt,105.076611524674,0.141291108404385,22
CWHdm_OR,Tmax_wt,102.547615074447,0.141291108404385,22
CWHdm_OR,CMI,98.3614855530289,0.141291108404385,22
CWHdm_WA,Eref_wt,145.244715452496,0.140952380952381,21
CWHdm_WA,AHM,120.792911660401,0.140952380952381,21
CWHdm_WA,Tmax_wt,115.310616676629,0.140952380952381,21
CWHdm_WA,CMDMax,112.251398649613,0.140952380952381,21
CWHdm_WA,CMI,109.274165477095,0.140952380952381,21
CWHdm_WA,PPT_JAS,90.2274015826255,0.140952380952381,21
CWHdm_WC,Eref_wt,95.9299033493369,0.118,10
CWHdm_WC,PAS,52.1429637975476,0.118,10
CWHdm_WC,EXT,50.2855180485876,0.118,10
CWHdm_WC,TmaxJuly,49.3365566623418,0.118,10
CWHdm_WC,DD5_wt,47.4859711069601,0.118,10
CWHdm_WC,CMDMax,46.0455704551737,0.118,10
CWHds_WA,Tmax_wt,121.219755514077,0.106296296296296,18
CWHds_WA,DD_18_wt,96.6490890025219,0.106296296296296,18
CWHds_WA,CMDMax,96.5120442680233,0.106296296296296,18
CWHds_WA,Tave_wt,93.8113671696346,0.106296296296296,18
CWHds_WA,PPT_JAS,83.5126108354344,0.106296296296296,18
CWHds_WA,SHM,82.8089588585896,0.106296296296296,18
CWHds1,CMI,83.6229367037459,0.197435897435897,13
CWHds1,AHM,68.0215258024796,0.197435897435897,13
CWHds1,DD5_wt,67.8030973067212,0.197435897435897,13
CWHds1,CMD_sp,66.7506889807543,0.197435897435897,13
CWHds1,PPT_JAS,64.7609534189955,0.197435897435897,13
CWHds1,Tmin_wt,63.6913218096105,0.197435897435897,13
CWHds2,PPT_JAS,52.7446847226339,0.131111111111111,9
CWHds2,CMI,49.5022999198081,0.131111111111111,9
CWHds2,Tave_wt,48.4854908064843,0.131111111111111,9
CWHds2,Eref_sp,43.3019550177487,0.131111111111111,9
CWHds2,CMDMax,42.4547402725502,0.131111111111111,9
CWHds2,Tmin_wt,42.4392046435154,0.131111111111111,9
CWHmh_OR,Eref_wt,69.5384076477535,0.0819348469891412,7
CWHmh_OR,CMDMax,53.7575508240926,0.0819348469891412,7
CWHmh_OR,Tmax_wt,52.0538424442692,0.0819348469891412,7
CWHmh_OR,DD_0_at,40.5662691674735,0.0819348469891412,7
CWHmh_OR,DD5_wt,38.2064200605074,0.0819348469891412,7
CWHmh_OR,DD_18_wt,37.6219017322587,0.0819348469891412,7
CWHmm1,Tave_sp,41.9308823813175,0.238888888888889,6
CWHmm1,DD5_sp,40.5860005665132,0.238888888888889,6
CWHmm1,DD_0_sp,37.9624027873738,0.238888888888889,6
CWHmm1,DD_18_sp,34.4641023517707,0.238888888888889,6
CWHmm1,CMD.total,32.5359608294977,0.238888888888889,6
CWHmm1,SHM,28.5805422659111,0.238888888888889,6
CWHmm2,DD_18_sp,46.882422977471,0.268888888888889,6
CWHmm2,DD5_sp,43.6839166921346,0.268888888888889,6
CWHmm2,Tave_sp,43.3275954239698,0.268888888888889,6
CWHmm2,Tmax_sp,33.8644483282591,0.268888888888889,6
CWHmm2,DD_0_sp,32.1281180356196,0.268888888888889,6
CWHmm2,CMDMax,29.9192004447661,0.268888888888889,6
CWHms_OR,Tmax_wt,120.350156018621,0.128235294117647,17
CWHms_OR,CMDMax,93.9711092174983,0.128235294117647,17
CWHms_OR,CMD.grow,92.640837171911,0.128235294117647,17
CWHms_OR,DD5_wt,83.5867973278155,0.128235294117647,17
CWHms_OR,PAS_sp,83.1233154245701,0.128235294117647,17
CWHms_OR,DD_18_wt,75.1789546681143,0.128235294117647,17
CWHms_WA,PPT_MJ,100.415982460198,0.125098039215686,17
CWHms_WA,DD5_wt,86.9708247645357,0.125098039215686,17
CWHms_WA,PPT_JAS,84.8184677001669,0.125098039215686,17
CWHms_WA,SHM,84.7431734115519,0.125098039215686,17
CWHms_WA,Tave_wt,81.9894877886037,0.125098039215686,17
CWHms_WA,CMDMax,80.9706600235121,0.125098039215686,17
CWHms1,Tmin_wt,119.057262312345,0.195757575757576,22
CWHms1,CMDMax,118.003227311192,0.195757575757576,22
CWHms1,Eref,115.48284809463,0.195757575757576,22
CWHms1,PPT_JAS,108.210356429498,0.195757575757576,22
CWHms1,CMI,106.871748228963,0.195757575757576,22
CWHms1,PAS_sp,104.593481901967,0.195757575757576,22
CWHms2,CMI,30.0931608567472,0.162666666666667,5
CWHms2,Tmax_sp,29.8055778698327,0.162666666666667,5
CWHms2,CMDMax,29.056646583092,0.162666666666667,5
CWHms2,Tmin_wt,25.7445172881031,0.162666666666667,5
CWHms2,Tave_wt,24.6983954736804,0.162666666666667,5
CWHms2,CMD.total,24.4893555537832,0.162666666666667,5
CWHvh_WA,Eref_wt,44.3235061048298,0.0853333333333333,5
CWHvh_WA,Eref_sm,42.3076745747705,0.0853333333333333,5
CWHvh_WA,Tmax_wt,30.4852604797634,0.0853333333333333,5
CWHvh_WA,Tmax_sm,27.9282965506457,0.0853333333333333,5
CWHvh_WA,EXT,26.0596633947661,0.0853333333333333,5
CWHvh_WA,TmaxJuly,24.843368629435,0.0853333333333333,5
CWHvh1,DD_18_sp,23.0095945166589,0.151111111111111,3
CWHvh1,Tmax_wt,20.8176345299225,0.151111111111111,3
CWHvh1,DD_0_sp,16.659683625342,0.151111111111111,3
CWHvh1,EXT,14.6994413659521,0.151111111111111,3
CWHvh1,Tave_sp,14.5160697190239,0.151111111111111,3
CWHvh1,DD5_wt,14.2823893274042,0.151111111111111,3
CWHvh2,Eref,47.6863377930189,0.19,8
CWHvh2,DD5_sp,47.1439745323054,0.19,8
CWHvh2,Tave_sp,45.6935764805278,0.19,8
CWHvh2,DD_18_sp,44.4664702897894,0.19,8
CWHvh2,NFFD_sm,44.4545475144242,0.19,8
CWHvh2,Eref_sm,41.4866677339004,0.19,8
CWHvh3,Tmin,47.7872385907705,0.186077643908969,5
CWHvh3,Tmax_wt,27.481901653245,0.186077643908969,5
CWHvh3,DD_18_wt,26.2835307067842,0.186077643908969,5
CWHvh3,Tmin_wt,25.0530435684641,0.186077643908969,5
CWHvh3,Tave_wt,24.5820565477675,0.186077643908969,5
CWHvh3,DD_0_sp,21.9479065480825,0.186077643908969,5
CWHvm_OR,CMDMax,109.787413443506,0.114082741328876,16
CWHvm_OR,Eref_wt,88.1489111899804,0.114082741328876,16
CWHvm_OR,CMI,80.4937961345559,0.114082741328876,16
CWHvm_OR,NFFD_sp,76.5566776861767,0.114082741328876,16
CWHvm_OR,CMD_sm,69.2230105134762,0.114082741328876,16
CWHvm_OR,PPT_JAS,68.6304705090221,0.114082741328876,16
CWHvm_WA,Tmax_wt,173.078077770221,0.145,24
CWHvm_WA,CMDMax,143.894399726189,0.145,24
CWHvm_WA,DD5_wt,140.716538573752,0.145,24
CWHvm_WA,DD_18_wt,124.916531818452,0.145,24
CWHvm_WA,Tmin_wt,120.896875999942,0.145,24
CWHvm_WA,Tave_wt,119.558613938119,0.145,24
CWHvm1,Eref,99.6928748190042,0.229803921568627,17
CWHvm1,Eref_sm,97.0967121028317,0.229803921568627,17
CWHvm1,DD5_sp,89.656041108704,0.229803921568627,17
CWHvm1,Tmax_wt,85.9070669150839,0.229803921568627,17
CWHvm1,DD_18_wt,83.614147180205,0.229803921568627,17
CWHvm1,Tave_wt,78.8597301468303,0.229803921568627,17
CWHvm2,Eref,166.820245678447,0.240982115792664,22
CWHvm2,Eref_sm,129.415855738501,0.240982115792664,22
CWHvm2,Tmax_wt,121.506180493508,0.240982115792664,22
CWHvm2,NFFD_sm,100.215295440936,0.240982115792664,22
CWHvm2,DD_18_sp,97.9218935789164,0.240982115792664,22
CWHvm2,Tave_wt,93.8292069183277,0.240982115792664,22
CWHwh_OR,Eref_wt,100.804959914285,0.0920613742494997,10
CWHwh_OR,Tmax_wt,70.846788584844,0.0920613742494997,10
CWHwh_OR,CMDMax,58.131291243555,0.0920613742494997,10
CWHwh_OR,DD_18_wt,55.5662775008345,0.0920613742494997,10
CWHwh_OR,Tave_wt,49.971378425793,0.0920613742494997,10
CWHwh_OR,Eref_sm,48.4142079771776,0.0920613742494997,10
CWHwh_WA,Eref_wt,119.648048164435,0.0949832775919732,10
CWHwh_WA,Eref_sm,62.6176587085863,0.0949832775919732,10
CWHwh_WA,Tave_wt,56.6996292737915,0.0949832775919732,10
CWHwh_WA,DD5_wt,55.6534916881559,0.0949832775919732,10
CWHwh_WA,DD_18_wt,54.7820597997518,0.0949832775919732,10
CWHwh_WA,EXT,50.8119111828393,0.0949832775919732,10
CWHwh1,DD_0_at,17.4077014074989,0.146666666666667,3
CWHwh1,CMD,16.6964808464158,0.146666666666667,3
CWHwh1,CMD.total,15.5771325372239,0.146666666666667,3
CWHwh1,Tmin_at,15.3249129989593,0.146666666666667,3
CWHwh1,Tave_wt,12.5213883289817,0.146666666666667,3
CWHwh1,DD_0_sp,12.0782154787304,0.146666666666667,3
CWHwh2,Tmin,38.0250852546745,0.168,5
CWHwh2,Tave_wt,34.2742561703152,0.168,5
CWHwh2,Tmin_at,33.4610264683166,0.168,5
CWHwh2,DD_18_wt,33.0489662279504,0.168,5
CWHwh2,Tmin_wt,30.4343884153966,0.168,5
CWHwh2,DD5_wt,29.8710216482802,0.168,5
CWHwm,Tmax_wt,97.0180447340746,0.21,14
CWHwm,Eref_sm,82.6114103746795,0.21,14
CWHwm,DD_18_wt,78.5837773736401,0.21,14
CWHwm,Tave_wt,77.2216400180659,0.21,14
CWHwm,DD5_wt,72.3885205743665,0.21,14
CWHwm,NFFD_sm,68.2545508450556,0.21,14
CWHws1,PAS_sp,42.8280452448354,0.151111111111111,6
CWHws1,AHM,34.2843191944634,0.151111111111111,6
CWHws1,PPT_MJ,31.4725520113496,0.151111111111111,6
CWHws1,DD5_wt,30.134206239319,0.151111111111111,6
CWHws1,Tave_wt,29.6380380759139,0.151111111111111,6
CWHws1,Tmax_wt,28.8551030090272,0.151111111111111,6
CWHws2,CMI,113.786842047784,0.216140350877193,19
CWHws2,Tmax_wt,110.974789134371,0.216140350877193,19
CWHws2,PAS_wt,107.496921884679,0.216140350877193,19
CWHws2,Tave_wt,95.8039090406188,0.216140350877193,19
CWHws2,PPT_JAS,90.8370122077007,0.216140350877193,19
CWHws2,DD_18_wt,90.7867993151854,0.216140350877193,19
CWHxm_OR,Eref_wt,93.7559330089012,0.106356968215159,11
CWHxm_OR,DD_18_wt,58.9661607145339,0.106356968215159,11
CWHxm_OR,DD5_wt,58.1446607980795,0.106356968215159,11
CWHxm_OR,CMDMax,58.0627440746545,0.106356968215159,11
CWHxm_OR,CMD,54.1488893324142,0.106356968215159,11
CWHxm_OR,Tave_wt,52.585453211373,0.106356968215159,11
CWHxm_WA,Eref_wt,104.391594823273,0.0962429233144622,13
CWHxm_WA,CMDMax,73.3963210811812,0.0962429233144622,13
CWHxm_WA,SHM,72.3547579118599,0.0962429233144622,13
CWHxm_WA,PAS_sp,71.818075203007,0.0962429233144622,13
CWHxm_WA,Tmax_wt,65.7794308077015,0.0962429233144622,13
CWHxm_WA,PPT_MJ,65.0728757632204,0.0962429233144622,13
CWHxm1,Eref_wt,46.5054068128388,0.121333333333333,5
CWHxm1,AHM,35.1819215294755,0.121333333333333,5
CWHxm1,CMI,34.587008647439,0.121333333333333,5
CWHxm1,Eref,30.8014972412666,0.121333333333333,5
CWHxm1,SHM,29.3546682720269,0.121333333333333,5
CWHxm1,Eref_sm,25.1471775411937,0.121333333333333,5
CWHxm2,CMD,39.1885409274195,0.225714285714286,7
CWHxm2,CMD_sm,38.5480604914785,0.225714285714286,7
CWHxm2,CMD.total,38.3319805699105,0.225714285714286,7
CWHxm2,CMDMax,36.3840703947181,0.225714285714286,7
CWHxm2,Tave_sp,35.154894672394,0.225714285714286,7
CWHxm2,DD_18_sp,34.8313537746358,0.225714285714286,7
ESSFabC,PAS_wt,110.03265543384,0.283137254901961,17
ESSFabC,Eref_sm,102.249690705576,0.283137254901961,17
ESSFabC,Tmin_wt,101.904398144662,0.283137254901961,17
ESSFabC,Eref,85.2654638678411,0.283137254901961,17
ESSFabC,Tmax_sp,81.7322756396452,0.283137254901961,17
ESSFabC,DD5_sp,79.2981810654199,0.283137254901961,17
ESSFabE,DD5_sp,33.845857316561,0.124,5
ESSFabE,Tmax_sp,31.6252135360732,0.124,5
ESSFabE,CMDMax,30.1643764564428,0.124,5
ESSFabE,PPT_JAS,29.4717739593953,0.124,5
ESSFabE,DD_18_sp,26.5832408180013,0.124,5
ESSFabE,Eref_sm,26.0981082054932,0.124,5
ESSFabN,PAS_wt,108.408860142494,0.25875,16
ESSFabN,PAS,100.911471962394,0.25875,16
ESSFabN,Tmin_wt,95.6115508507705,0.25875,16
ESSFabN,Tmin_at,85.1171221758463,0.25875,16
ESSFabN,PAS_sp,81.8511886857457,0.25875,16
ESSFabN,PPT_MJ,79.9212683259417,0.25875,16
ESSFabS,Tmin_wt,121.215993012998,0.218974358974359,13
ESSFabS,PAS_wt,90.060992350088,0.218974358974359,13
ESSFabS,DD_18_wt,65.0933598502939,0.218974358974359,13
ESSFabS,Tmax_sp,62.4056266770385,0.218974358974359,13
ESSFabS,Tave_wt,62.2804024624762,0.218974358974359,13
ESSFabS,DD5_sp,61.4572264242023,0.218974358974359,13
ESSFdc1,CMI,86.7939637536757,0.188,10
ESSFdc1,PAS_wt,71.9817003118654,0.188,10
ESSFdc1,AHM,62.4363761358786,0.188,10
ESSFdc1,PAS,58.5974559944293,0.188,10
ESSFdc1,Tave_sp,49.7810085210028,0.188,10
ESSFdc1,CMD.total,44.0894664773607,0.188,10
ESSFdc2,PAS_wt,121.186323066019,0.187083333333333,16
ESSFdc2,CMDMax,88.2545508751687,0.187083333333333,16
ESSFdc2,CMI,84.4620146468397,0.187083333333333,16
ESSFdc2,PAS_sp,83.1277822030949,0.187083333333333,16
ESSFdc2,PAS,78.2001452803869,0.187083333333333,16
ESSFdc2,PPT_JAS,77.8663119797974,0.187083333333333,16
ESSFdc3,CMI,94.7477917401559,0.186666666666667,14
ESSFdc3,PAS_wt,87.9468261247799,0.186666666666667,14
ESSFdc3,PPT_MJ,82.7587966033426,0.186666666666667,14
ESSFdc3,PAS,77.0314395318124,0.186666666666667,14
ESSFdc3,Tmax_sm,76.6267677985132,0.186666666666667,14
ESSFdc3,AHM,71.1768837367917,0.186666666666667,14
ESSFdcp,DD_18_wt,41.3152368615024,0.216190476190476,7
ESSFdcp,Tmax_wt,39.630142771899,0.216190476190476,7
ESSFdcp,DD_0_at,37.5102973724793,0.216190476190476,7
ESSFdcp,Tave_wt,37.1251754641705,0.216190476190476,7
ESSFdcp,Tave_sp,34.7587462912134,0.216190476190476,7
ESSFdcp,DD_0_sp,31.733229405078,0.216190476190476,7
ESSFdcw,CMDMax,110.464250751876,0.189047619047619,14
ESSFdcw,DD_18_wt,88.3860987938677,0.189047619047619,14
ESSFdcw,PAS_wt,71.7769981766243,0.189047619047619,14
ESSFdcw,Tave_wt,71.3189212438047,0.189047619047619,14
ESSFdcw,CMI,69.0493444587878,0.189047619047619,14
ESSFdcw,PAS,67.2885864684537,0.189047619047619,14
ESSFdh_WA,CMI,105.39647617685,0.115294117647059,17
ESSFdh_WA,CMD.total,94.132171069262,0.115294117647059,17
ESSFdh_WA,AHM,91.0220446768205,0.115294117647059,17
ESSFdh_WA,DD5_wt,88.6479565028838,0.115294117647059,17
ESSFdh_WA,Tave_wt,87.9338532029321,0.115294117647059,17
ESSFdh_WA,PAS_wt,85.2288297337459,0.115294117647059,17
ESSFdh1,PPT_JAS,76.7287835081542,0.118,10
ESSFdh1,CMDMax,66.5010343485359,0.118,10
ESSFdh1,PAS_wt,59.6572546026304,0.118,10
ESSFdh1,CMI,50.9964792003872,0.118,10
ESSFdh1,DD_0_at,50.1560292538197,0.118,10
ESSFdh1,Eref,46.2740483713605,0.118,10
ESSFdh2,Tave_wt,84.6565849351419,0.235,12
ESSFdh2,Tmax_wt,83.7222306525399,0.235,12
ESSFdh2,Tmin_wt,79.5869484102887,0.235,12
ESSFdh2,DD_18_wt,72.9301023202343,0.235,12
ESSFdh2,DD5_wt,62.4242312508783,0.235,12
ESSFdh2,CMI,53.3572471536063,0.235,12
ESSFdk_MT,Tmin_wt,128.44616417711,0.142047349116372,20
ESSFdk_MT,TmaxJuly,113.318117895852,0.142047349116372,20
ESSFdk_MT,Eref_sm,110.075242934994,0.142047349116372,20
ESSFdk_MT,Tmin_sp,107.160724823993,0.142047349116372,20
ESSFdk_MT,DD_18_wt,103.725903187566,0.142047349116372,20
ESSFdk_MT,NFFD_sp,100.507130076147,0.142047349116372,20
ESSFdk1,Tmin_wt,162.149473514552,0.240350877192982,19
ESSFdk1,PAS_wt,122.534691178201,0.240350877192982,19
ESSFdk1,Tave_wt,99.0417408927591,0.240350877192982,19
ESSFdk1,DD_18_wt,98.478168993255,0.240350877192982,19
ESSFdk1,Eref_sm,91.5926714561581,0.240350877192982,19
ESSFdk1,Tmin_sm,89.5757969541179,0.240350877192982,19
ESSFdk2,Tmin_wt,142.034180689289,0.308333333333333,16
ESSFdk2,PAS_wt,101.24888961801,0.308333333333333,16
ESSFdk2,DD_18_wt,82.8795273775871,0.308333333333333,16
ESSFdk2,Tmax_sp,81.7969062535955,0.308333333333333,16
ESSFdk2,Tave_wt,81.4885022280164,0.308333333333333,16
ESSFdk2,PPT_MJ,76.0649015733949,0.308333333333333,16
ESSFdkp,Tmin_wt,107.361393156437,0.287692307692308,13
ESSFdkp,PAS_wt,80.6399085145213,0.287692307692308,13
ESSFdkp,TmaxJuly,74.7084599098574,0.287692307692308,13
ESSFdkp,Eref_sm,70.704932005543,0.287692307692308,13
ESSFdkp,DD_18_wt,62.9061692507531,0.287692307692308,13
ESSFdkp,Tave_wt,60.8857069957933,0.287692307692308,13
ESSFdkw,Tmin_wt,143.754314752032,0.271228070175439,19
ESSFdkw,PAS_wt,115.30046635749,0.271228070175439,19
ESSFdkw,DD_18_wt,114.786091917575,0.271228070175439,19
ESSFdkw,Eref_sm,111.818152762058,0.271228070175439,19
ESSFdkw,Eref,99.6397831728862,0.271228070175439,19
ESSFdkw,Tave_wt,98.4412574232961,0.271228070175439,19
ESSFdm_ID,PPT_MJ,173.347489352723,0.140976543800862,28
ESSFdm_ID,Tmax_wt,161.510215027795,0.140976543800862,28
ESSFdm_ID,Tmin_wt,157.219453750111,0.140976543800862,28
ESSFdm_ID,PPT_JAS,139.90395526645,0.140976543800862,28
ESSFdm_ID,PAS_wt,131.119824662327,0.140976543800862,28
ESSFdm_ID,Tave_wt,130.137377319238,0.140976543800862,28
ESSFdv1,DD_18_wt,46.3780262291399,0.284761904761905,7
ESSFdv1,Tave_wt,45.1074410037701,0.284761904761905,7
ESSFdv1,DD5_wt,42.3855175099269,0.284761904761905,7
ESSFdv1,Tmin_wt,41.669420721731,0.284761904761905,7
ESSFdv1,Tmax_wt,35.6926818857146,0.284761904761905,7
ESSFdv1,CMD_sp,29.2550512518769,0.284761904761905,7
ESSFdv2,PAS_wt,77.0502749816252,0.203636363636364,11
ESSFdv2,CMI,64.6049056483008,0.203636363636364,11
ESSFdv2,Tmin_wt,60.5168557464427,0.203636363636364,11
ESSFdv2,Eref_sp,60.4681348782824,0.203636363636364,11
ESSFdv2,Eref,54.5820099347659,0.203636363636364,11
ESSFdv2,DD_18_wt,53.4962958536143,0.203636363636364,11
ESSFdvp,DD_18_wt,94.5676699716461,0.242222222222222,15
ESSFdvp,Tmax_wt,88.4572308229684,0.242222222222222,15
ESSFdvp,PAS_wt,86.7511386888235,0.242222222222222,15
ESSFdvp,Tave_wt,85.1866074779776,0.242222222222222,15
ESSFdvp,Tmin_wt,84.1602437631422,0.242222222222222,15
ESSFdvp,DD5_wt,78.6709341260382,0.242222222222222,15
ESSFdvw,Tmin_wt,102.062845305588,0.287916666666667,16
ESSFdvw,Tmax_wt,87.2786315241717,0.287916666666667,16
ESSFdvw,PPT_JAS,83.938354801427,0.287916666666667,16
ESSFdvw,DD5_wt,83.3221384250064,0.287916666666667,16
ESSFdvw,Tave_wt,83.2668627617058,0.287916666666667,16
ESSFdvw,PAS_wt,82.9016883247761,0.287916666666667,16
ESSFdw_ID,PAS,93.8803885617183,0.108492663405958,15
ESSFdw_ID,Eref_sm,80.0973856904189,0.108492663405958,15
ESSFdw_ID,Tmin_wt,76.7105357503127,0.108492663405958,15
ESSFdw_ID,PAS_wt,73.1933638188523,0.108492663405958,15
ESSFdw_ID,CMD.total,72.9150940571216,0.108492663405958,15
ESSFdw_ID,Tmax_wt,72.1640561025946,0.108492663405958,15
ESSFmc,Tmax_wt,147.290062245362,0.204910578963322,22
ESSFmc,CMDMax,130.562279609369,0.204910578963322,22
ESSFmc,DD_18_wt,111.763049350677,0.204910578963322,22
ESSFmc,Tmin_sp,111.282323244518,0.204910578963322,22
ESSFmc,DD5_wt,106.843136620723,0.204910578963322,22
ESSFmc,Tave_wt,103.16802856624,0.204910578963322,22
ESSFmcp,CMDMax,83.5498899103532,0.232820512820513,13
ESSFmcp,Tmin_wt,72.9139043006248,0.232820512820513,13
ESSFmcp,DD_18_wt,69.5472459004859,0.232820512820513,13
ESSFmcp,Tmax_wt,63.5886441171959,0.232820512820513,13
ESSFmcp,Tmin_sp,62.424731141377,0.232820512820513,13
ESSFmcp,Eref,58.480785028577,0.232820512820513,13
ESSFmcw,CMDMax,96.4765538588929,0.238222222222222,15
ESSFmcw,Tave_wt,79.8649810664948,0.238222222222222,15
ESSFmcw,DD_18_wt,75.5766322250633,0.238222222222222,15
ESSFmcw,Tmin_sp,75.1100102965911,0.238222222222222,15
ESSFmcw,Tmax_wt,72.7893637271886,0.238222222222222,15
ESSFmcw,Tmin_wt,72.4931250170356,0.238222222222222,15
ESSFmh,CMI,68.2890478669949,0.21635687732342,9
ESSFmh,AHM,55.8543623273956,0.21635687732342,9
ESSFmh,PPT_JAS,52.6958520302891,0.21635687732342,9
ESSFmh,CMD.total,52.3408640076042,0.21635687732342,9
ESSFmh,PAS_wt,48.6481552210086,0.21635687732342,9
ESSFmh,PAS,46.1897938752082,0.21635687732342,9
ESSFmk,PAS_wt,63.2104143247297,0.199333333333333,10
ESSFmk,Tmin_sp,52.4665694432861,0.199333333333333,10
ESSFmk,CMI,49.2487413971901,0.199333333333333,10
ESSFmk,Tmin,48.1738486024062,0.199333333333333,10
ESSFmk,PAS,44.0146865251567,0.199333333333333,10
ESSFmk,Tmin_at,42.3920713335367,0.199333333333333,10
ESSFmkp,Tmax_wt,59.222953632742,0.223030303030303,11
ESSFmkp,PAS_wt,58.224086717776,0.223030303030303,11
ESSFmkp,Tmin_sp,57.5948207056023,0.223030303030303,11
ESSFmkp,Tmin_at,57.0957847590483,0.223030303030303,11
ESSFmkp,Tmin,56.8480311570484,0.223030303030303,11
ESSFmkp,CMDMax,51.2023727960836,0.223030303030303,11
ESSFmkw,PAS_wt,70.395017697746,0.227272727272727,11
ESSFmkw,CMI,60.2933373257215,0.227272727272727,11
ESSFmkw,Tmin_at,57.5909534794802,0.227272727272727,11
ESSFmkw,Tmin,52.2906607156322,0.227272727272727,11
ESSFmkw,PAS,49.9997978086305,0.227272727272727,11
ESSFmkw,CMDMax,49.4933250498483,0.227272727272727,11
ESSFmm1,PAS_wt,167.409128313991,0.239666666666667,20
ESSFmm1,Tmin_wt,150.761285896607,0.239666666666667,20
ESSFmm1,Tmin_at,117.168471607864,0.239666666666667,20
ESSFmm1,Tave_wt,111.300374940913,0.239666666666667,20
ESSFmm1,Tmax_wt,108.801650719134,0.239666666666667,20
ESSFmm1,DD_18_wt,102.244901460535,0.239666666666667,20
ESSFmm2,Tmin_wt,108.545695155041,0.224242424242424,11
ESSFmm2,PAS_wt,89.0718431163303,0.224242424242424,11
ESSFmm2,DD_18_wt,58.6800296944479,0.224242424242424,11
ESSFmm2,PAS,55.903939606445,0.224242424242424,11
ESSFmm2,Eref,52.4538807842633,0.224242424242424,11
ESSFmm2,DD5_sp,50.5636793274134,0.224242424242424,11
ESSFmm3,PAS_wt,116.810888948417,0.273809523809524,14
ESSFmm3,Tmin_wt,107.659767809572,0.273809523809524,14
ESSFmm3,DD_18_wt,68.9267361113239,0.273809523809524,14
ESSFmm3,DD5_wt,68.2735606102009,0.273809523809524,14
ESSFmm3,Eref,68.1753094143508,0.273809523809524,14
ESSFmm3,CMI,67.1373953114052,0.273809523809524,14
ESSFmmp,PAS_wt,140.874043620593,0.337916666666667,16
ESSFmmp,Tmin_wt,110.812474015339,0.337916666666667,16
ESSFmmp,Eref_sm,76.9066551421867,0.337916666666667,16
ESSFmmp,PAS,76.7638306665862,0.337916666666667,16
ESSFmmp,Eref,76.5607666454573,0.337916666666667,16
ESSFmmp,CMI,73.1331215485428,0.337916666666667,16
ESSFmmw,PAS_wt,151.805301160856,0.33,18
ESSFmmw,Tmin_wt,114.875859610929,0.33,18
ESSFmmw,Eref_sm,98.7283840313784,0.33,18
ESSFmmw,PAS,81.5698647666743,0.33,18
ESSFmmw,CMI,80.7559449857306,0.33,18
ESSFmmw,DD_18_wt,80.1609488763923,0.33,18
ESSFmv1,Tmin,42.2342840393125,0.05,6
ESSFmv1,DD_18_sp,37.4081157962102,0.05,6
ESSFmv1,DD_0_sp,34.42644231483,0.05,6
ESSFmv1,Tmax_sm,34.2731309340977,0.05,6
ESSFmv1,Tave_sp,31.1798588192208,0.05,6
ESSFmv1,Tmin_sp,29.2016025202997,0.05,6
ESSFmv2,PAS_wt,82.7616324326931,0.18,11
ESSFmv2,PAS,64.2257696081921,0.18,11
ESSFmv2,PPT_MJ,57.9900916537617,0.18,11
ESSFmv2,EXT,52.5039120811453,0.18,11
ESSFmv2,Tmax_sm,49.6451602116358,0.18,11
ESSFmv2,PAS_sp,48.0486164950028,0.18,11
ESSFmv3,DD5_wt,96.0943273858537,0.2025,16
ESSFmv3,PPT_JAS,94.1771007561042,0.2025,16
ESSFmv3,Tave_wt,86.5485617601982,0.2025,16
ESSFmv3,DD_18_wt,85.706594415394,0.2025,16
ESSFmv3,Tmin_wt,82.7703615179124,0.2025,16
ESSFmv3,PPT_MJ,74.3154096119291,0.2025,16
ESSFmv4,DD5_sp,84.8952599708323,0.200952380952381,14
ESSFmv4,PAS_wt,70.4009134389349,0.200952380952381,14
ESSFmv4,Tave_sm,65.3587640212103,0.200952380952381,14
ESSFmv4,Eref,64.3814777868291,0.200952380952381,14
ESSFmv4,CMDMax,63.5915045435637,0.200952380952381,14
ESSFmv4,DD_0_at,62.1942015392192,0.200952380952381,14
ESSFmvp,PAS_wt,66.0098381068909,0.201025641025641,13
ESSFmvp,Tmin_wt,65.432578403098,0.201025641025641,13
ESSFmvp,Tmin_at,60.0680971753165,0.201025641025641,13
ESSFmvp,DD5_wt,57.1318583196479,0.201025641025641,13
ESSFmvp,DD5_sp,54.6928101480768,0.201025641025641,13
ESSFmvp,Tmin_sm,54.176044345751,0.201025641025641,13
ESSFmw,PPT_JAS,105.350086124802,0.234814814814815,18
ESSFmw,Tmin_wt,99.6009215418148,0.234814814814815,18
ESSFmw,Tmax_wt,93.1166950812399,0.234814814814815,18
ESSFmw,CMI,83.5316876043097,0.234814814814815,18
ESSFmw,Eref,83.2225018499705,0.234814814814815,18
ESSFmw,Tave_wt,83.2078403715359,0.234814814814815,18
ESSFmw_WA,PAS_wt,137.735140198496,0.137440758293839,24
ESSFmw_WA,Tmax_wt,136.484468183731,0.137440758293839,24
ESSFmw_WA,CMDMax,127.934273602549,0.137440758293839,24
ESSFmw_WA,CMI,121.900739259881,0.137440758293839,24
ESSFmw_WA,PAS,120.42766441824,0.137440758293839,24
ESSFmw_WA,PAS_sp,118.038942992131,0.137440758293839,24
ESSFmw1,CMDMax,77.0398205450048,0.191428571428571,14
ESSFmw1,Tmax_sm,68.1729147643369,0.191428571428571,14
ESSFmw1,PPT_JAS,68.0844073386119,0.191428571428571,14
ESSFmw1,AHM,65.8626811918257,0.191428571428571,14
ESSFmw1,DD5_sp,65.2032153960431,0.191428571428571,14
ESSFmw1,CMI,64.2736532721739,0.191428571428571,14
ESSFmw2,PPT_JAS,87.6322117002179,0.32952380952381,14
ESSFmw2,CMI,65.1819190084704,0.32952380952381,14
ESSFmw2,Tmax_wt,63.6352917880379,0.32952380952381,14
ESSFmw2,Tmax_sp,63.4903274676799,0.32952380952381,14
ESSFmw2,Tmin_wt,59.5852331183874,0.32952380952381,14
ESSFmw2,DD_18_sp,58.7683336869051,0.32952380952381,14
ESSFmwp,PPT_JAS,122.953585483307,0.279333333333333,20
ESSFmwp,Tmin_wt,110.806895503679,0.279333333333333,20
ESSFmwp,Tmax_wt,109.970883953887,0.279333333333333,20
ESSFmwp,Tave_wt,105.596013934838,0.279333333333333,20
ESSFmwp,CMDMax,99.8158001107691,0.279333333333333,20
ESSFmwp,DD_18_wt,99.2072833188368,0.279333333333333,20
ESSFmww,CMDMax,97.7985182799472,0.2675,16
ESSFmww,PPT_JAS,95.9556677809974,0.2675,16
ESSFmww,Tave_wt,89.849313950174,0.2675,16
ESSFmww,DD_18_wt,88.6794076135727,0.2675,16
ESSFmww,DD5_wt,88.0822719863589,0.2675,16
ESSFmww,Tmax_wt,86.4171679315508,0.2675,16
ESSFun,PAS_wt,105.820348015519,0.242592592592593,18
ESSFun,Tmin_wt,105.741885277757,0.242592592592593,18
ESSFun,CMI,93.1361362693685,0.242592592592593,18
ESSFun,PPT_MJ,91.9033185190683,0.242592592592593,18
ESSFun,PAS_sp,88.4532419372591,0.242592592592593,18
ESSFun,PAS,78.7720442683237,0.242592592592593,18
ESSFvc,Tmin_wt,54.8359048129767,0.355333333333333,10
ESSFvc,Tave_wt,53.0460772040985,0.355333333333333,10
ESSFvc,PAS_wt,51.5495896190049,0.355333333333333,10
ESSFvc,DD5_wt,49.4645983871539,0.355333333333333,10
ESSFvc,DD5_sp,48.9682601804404,0.355333333333333,10
ESSFvc,DD_18_wt,45.8636466926905,0.355333333333333,10
ESSFvcp,PAS_wt,54.3440559964763,0.299047619047619,7
ESSFvcp,Tmin_wt,35.2319785594434,0.299047619047619,7
ESSFvcp,Tmin,34.4374419385434,0.299047619047619,7
ESSFvcp,Tmin_sp,33.6463003473471,0.299047619047619,7
ESSFvcp,Eref_sm,31.5464091385188,0.299047619047619,7
ESSFvcp,Tmax_sm,29.7104035805796,0.299047619047619,7
ESSFvcw,PAS_wt,73.4665105839538,0.339333333333333,10
ESSFvcw,Tmin_wt,61.0301090209145,0.339333333333333,10
ESSFvcw,Eref_sm,56.0262256971498,0.339333333333333,10
ESSFvcw,Tmin,48.4649465785221,0.339333333333333,10
ESSFvcw,Tmin_sp,46.0242135017144,0.339333333333333,10
ESSFvcw,PPT_JAS,43.9466551453447,0.339333333333333,10
ESSFwc2,PAS_wt,177.343844154344,0.287826086956522,23
ESSFwc2,Tmin_wt,132.652378854869,0.287826086956522,23
ESSFwc2,PAS,122.762080415901,0.287826086956522,23
ESSFwc2,Tmax_wt,119.04048551758,0.287826086956522,23
ESSFwc2,PPT_JAS,116.27174199581,0.287826086956522,23
ESSFwc2,CMI,101.814233228682,0.287826086956522,23
ESSFwc3,PAS_wt,111.89498202258,0.223111111111111,15
ESSFwc3,Tmin_wt,105.671873352866,0.223111111111111,15
ESSFwc3,DD5_wt,76.84019227424,0.223111111111111,15
ESSFwc3,Tmin_sm,75.0368583531788,0.223111111111111,15
ESSFwc3,Tave_wt,74.6585529271026,0.223111111111111,15
ESSFwc3,DD_18_wt,73.3483877734718,0.223111111111111,15
ESSFwc4,Tmin_wt,101.113959832509,0.237083333333333,16
ESSFwc4,Tave_wt,88.1346372417602,0.237083333333333,16
ESSFwc4,DD_18_wt,85.4478312954538,0.237083333333333,16
ESSFwc4,CMI,83.5799136873147,0.237083333333333,16
ESSFwc4,Tave_sp,76.8775350545793,0.237083333333333,16
ESSFwc4,DD_0_sp,76.4773995679608,0.237083333333333,16
ESSFwcp,Tmin_wt,163.956238198551,0.270555555555556,24
ESSFwcp,PAS_wt,155.612794486138,0.270555555555556,24
ESSFwcp,CMI,125.586255971567,0.270555555555556,24
ESSFwcp,Tmin_at,122.181124194777,0.270555555555556,24
ESSFwcp,PAS_sp,116.224141998983,0.270555555555556,24
ESSFwcp,PAS,108.14287991896,0.270555555555556,24
ESSFwcw,PAS_wt,168.752567584931,0.287466666666667,25
ESSFwcw,Tmin_wt,154.806230127396,0.287466666666667,25
ESSFwcw,CMI,138.282693595004,0.287466666666667,25
ESSFwcw,PAS_sp,130.125175488438,0.287466666666667,25
ESSFwcw,PAS,125.727975400912,0.287466666666667,25
ESSFwcw,Tave_wt,113.332954651276,0.287466666666667,25
ESSFwh_MT,Tmin_sp,101.63436282201,0.1275,16
ESSFwh_MT,NFFD_sp,93.0328716279652,0.1275,16
ESSFwh_MT,CMI,85.4506156343935,0.1275,16
ESSFwh_MT,TmaxJuly,78.6664820564998,0.1275,16
ESSFwh_MT,DD_18_wt,78.3776715815318,0.1275,16
ESSFwh_MT,PAS,77.2495345807414,0.1275,16
ESSFwh1,Tmax_sp,79.2287767135498,0.256190476190476,14
ESSFwh1,PPT_MJ,77.9959983035903,0.256190476190476,14
ESSFwh1,PPT_JAS,75.8779585051252,0.256190476190476,14
ESSFwh1,PAS_wt,75.0846774218373,0.256190476190476,14
ESSFwh1,Tmax_wt,73.6862094301227,0.256190476190476,14
ESSFwh1,CMDMax,71.8409481001355,0.256190476190476,14
ESSFwh2,Tmin_wt,88.264597229114,0.202962962962963,9
ESSFwh2,PPT_JAS,76.8992638168107,0.202962962962963,9
ESSFwh2,DD_18_wt,55.6161143371679,0.202962962962963,9
ESSFwh2,Tave_wt,55.6087675428037,0.202962962962963,9
ESSFwh2,CMDMax,51.1238429420045,0.202962962962963,9
ESSFwh2,Tmax_sp,45.4206532401426,0.202962962962963,9
ESSFwh3,PPT_JAS,61.1256780996104,0.142962962962963,9
ESSFwh3,CMDMax,50.1949142478748,0.142962962962963,9
ESSFwh3,PAS_sp,48.2370313073151,0.142962962962963,9
ESSFwh3,CMD_sp,46.6100536179999,0.142962962962963,9
ESSFwh3,PPT_MJ,44.8317173337843,0.142962962962963,9
ESSFwh3,Tmax_sp,40.8944082276492,0.142962962962963,9
ESSFwk1,Tmin_wt,151.80489891846,0.247719298245614,19
ESSFwk1,Tmax_wt,113.742841336716,0.247719298245614,19
ESSFwk1,DD_18_wt,112.893423907627,0.247719298245614,19
ESSFwk1,PPT_JAS,109.476981375588,0.247719298245614,19
ESSFwk1,Tave_wt,95.3367580359043,0.247719298245614,19
ESSFwk1,Tmin_at,92.7425824772933,0.247719298245614,19
ESSFwk2,Tmin_wt,110.889821887512,0.204444444444444,15
ESSFwk2,DD_18_wt,93.1101309321122,0.204444444444444,15
ESSFwk2,Tave_wt,92.1220449409809,0.204444444444444,15
ESSFwk2,PPT_JAS,82.2025972626296,0.204444444444444,15
ESSFwk2,Tmax_wt,75.0645203066648,0.204444444444444,15
ESSFwk2,PAS_wt,70.9769754750358,0.204444444444444,15
ESSFwm_MT,Tmin_wt,180.755993750008,0.15179392824287,29
ESSFwm_MT,DD_18_wt,170.585222119581,0.15179392824287,29
ESSFwm_MT,Tave_wt,150.38983697186,0.15179392824287,29
ESSFwm_MT,Tmax_wt,144.285873395979,0.15179392824287,29
ESSFwm_MT,Tmin_sp,143.112926009865,0.15179392824287,29
ESSFwm_MT,Eref_sm,137.113879933361,0.15179392824287,29
ESSFwm1,Tmin_wt,95.2136453170177,0.270666666666667,10
ESSFwm1,Eref_sm,58.2551710330788,0.270666666666667,10
ESSFwm1,Eref_sp,53.7760096331021,0.270666666666667,10
ESSFwm1,Tmin_at,53.3283677957368,0.270666666666667,10
ESSFwm1,Tmax_sp,52.9243544533827,0.270666666666667,10
ESSFwm1,Tave_wt,52.4665745926154,0.270666666666667,10
ESSFwm2,Tmin_wt,74.4116909332836,0.247272727272727,11
ESSFwm2,DD_18_wt,55.6917003820077,0.247272727272727,11
ESSFwm2,PPT_JAS,55.2982035116585,0.247272727272727,11
ESSFwm2,CMDMax,55.2805302648042,0.247272727272727,11
ESSFwm2,Eref,53.5007985467072,0.247272727272727,11
ESSFwm2,Eref_sm,52.7161756226152,0.247272727272727,11
ESSFwm3,CMDMax,50.8524706721518,0.179166666666667,8
ESSFwm3,DD_0_at,45.9199802512981,0.179166666666667,8
ESSFwm3,Tmax_sp,44.2450668095731,0.179166666666667,8
ESSFwm3,PPT_JAS,42.5821214075383,0.179166666666667,8
ESSFwm3,TmaxJuly,40.8610587003603,0.179166666666667,8
ESSFwm3,Tmin_at,38.9386213609931,0.179166666666667,8
ESSFwm4,Tmin_wt,94.6040192366087,0.225714285714286,14
ESSFwm4,Eref_sm,75.793101491461,0.225714285714286,14
ESSFwm4,CMI,72.9438223089666,0.225714285714286,14
ESSFwm4,DD_0_at,70.7509385178745,0.225714285714286,14
ESSFwm4,Tave_wt,70.595937583582,0.225714285714286,14
ESSFwm4,DD_18_wt,69.1739108083764,0.225714285714286,14
ESSFwmp,Eref_sm,56.4199511711774,0.269166666666667,8
ESSFwmp,TmaxJuly,44.4871909914384,0.269166666666667,8
ESSFwmp,Tmin_wt,43.0025066129086,0.269166666666667,8
ESSFwmp,Eref,40.3212962261607,0.269166666666667,8
ESSFwmp,Tmax_sm,39.8074799158158,0.269166666666667,8
ESSFwmp,Tmin,36.6235445446927,0.269166666666667,8
ESSFwmw,Tmin_wt,87.7914449839065,0.306666666666667,14
ESSFwmw,Eref_sm,71.9180742215857,0.306666666666667,14
ESSFwmw,PPT_JAS,69.1136932984049,0.306666666666667,14
ESSFwmw,Tmin_at,66.6596241747376,0.306666666666667,14
ESSFwmw,CMI,62.5992290117213,0.306666666666667,14
ESSFwmw,DD_18_wt,61.5912327000242,0.306666666666667,14
ESSFwv,Tmin_wt,80.3511404425044,0.227619047619048,14
ESSFwv,PAS,72.9377356124015,0.227619047619048,14
ESSFwv,DD5_wt,72.1632647281214,0.227619047619048,14
ESSFwv,AHM,71.8667783447385,0.227619047619048,14
ESSFwv,PAS_wt,69.5687951783654,0.227619047619048,14
ESSFwv,DD_18_wt,62.274926901995,0.227619047619048,14
ESSFwvp,PAS,67.2811494503551,0.256969696969697,11
ESSFwvp,PAS_wt,61.815561844315,0.256969696969697,11
ESSFwvp,DD_0_sp,52.606139734455,0.256969696969697,11
ESSFwvp,PPT_JAS,49.8148233096168,0.256969696969697,11
ESSFwvp,CMDMax,49.0853193623059,0.256969696969697,11
ESSFwvp,Tmin_wt,47.7721573743844,0.256969696969697,11
ESSFwvw,Tmin_wt,69.8420927446431,0.271666666666667,12
ESSFwvw,Tave_wt,62.0414442784339,0.271666666666667,12
ESSFwvw,PAS_wt,59.2283289882731,0.271666666666667,12
ESSFwvw,DD_18_wt,57.5180908159849,0.271666666666667,12
ESSFwvw,Eref_sm,57.4893872519713,0.271666666666667,12
ESSFwvw,PAS,52.8095773310211,0.271666666666667,12
ESSFxc_CO,PPT_MJ,131.757651199833,0.129106438896189,21
ESSFxc_CO,Tmax_wt,115.481237751848,0.129106438896189,21
ESSFxc_CO,Tmin_wt,108.979603858032,0.129106438896189,21
ESSFxc_CO,PAS_wt,108.167522862736,0.129106438896189,21
ESSFxc_CO,PPT_JAS,101.006815440904,0.129106438896189,21
ESSFxc_CO,Eref_sp,100.527259167174,0.129106438896189,21
ESSFxc_WA,PAS_wt,205.990529682353,0.129867638595818,35
ESSFxc_WA,Tmin_wt,204.87225525382,0.129867638595818,35
ESSFxc_WA,PPT_MJ,203.798844314676,0.129867638595818,35
ESSFxc_WA,PAS_sp,172.965284481293,0.129867638595818,35
ESSFxc_WA,PPT_JAS,167.036448157351,0.129867638595818,35
ESSFxc_WA,Tmax_wt,163.463710793219,0.129867638595818,35
ESSFxc1,CMDMax,41.6342615918816,0.114444444444444,6
ESSFxc1,DD_18_sp,40.1481019446969,0.114444444444444,6
ESSFxc1,PAS_sp,37.8794141157337,0.114444444444444,6
ESSFxc1,DD5_sp,36.9747287783782,0.114444444444444,6
ESSFxc1,PPT_JAS,33.0900497804283,0.114444444444444,6
ESSFxc1,Tave_sp,29.3539864379077,0.114444444444444,6
ESSFxc2,PAS_sp,69.0038515119425,0.128484848484848,11
ESSFxc2,CMI,65.2622639116868,0.128484848484848,11
ESSFxc2,PPT_JAS,63.2948623185636,0.128484848484848,11
ESSFxc2,PAS_wt,60.7236935520995,0.128484848484848,11
ESSFxc2,PAS,51.64868880605,0.128484848484848,11
ESSFxc2,Tave_sm,51.1155524455802,0.128484848484848,11
ESSFxc3,PAS_wt,69.8548238078393,0.170909090909091,11
ESSFxc3,Tmin_wt,67.3474025432427,0.170909090909091,11
ESSFxc3,CMI,62.704880572081,0.170909090909091,11
ESSFxc3,Tmin,59.1467689667269,0.170909090909091,11
ESSFxc3,Tmin_at,54.5416532944054,0.170909090909091,11
ESSFxc3,Tmax_sp,51.5687859071197,0.170909090909091,11
ESSFxcp,PAS_wt,73.3820290880364,0.159444444444444,12
ESSFxcp,CMDMax,63.6309116464295,0.159444444444444,12
ESSFxcp,Eref_sp,61.6902663130162,0.159444444444444,12
ESSFxcp,PAS_sp,59.8379452514247,0.159444444444444,12
ESSFxcp,DD_18_wt,58.0737006905673,0.159444444444444,12
ESSFxcp,DD5_wt,57.117342254256,0.159444444444444,12
ESSFxcw,PAS_wt,91.4115632321856,0.191428571428571,14
ESSFxcw,CMDMax,86.6725450678808,0.191428571428571,14
ESSFxcw,PPT_JAS,84.9272614678434,0.191428571428571,14
ESSFxcw,Eref_sm,76.5976453216617,0.191428571428571,14
ESSFxcw,Tmin_wt,67.2051102730099,0.191428571428571,14
ESSFxcw,PAS_sp,66.6810260386009,0.191428571428571,14
ESSFxh_WA,PPT_MJ,132.503939167247,0.115600843288826,19
ESSFxh_WA,Tmin_wt,115.816952734555,0.115600843288826,19
ESSFxh_WA,PAS_wt,109.586982262294,0.115600843288826,19
ESSFxh_WA,CMD.grow,93.254848517114,0.115600843288826,19
ESSFxh_WA,CMD.total,90.1225437884231,0.115600843288826,19
ESSFxh_WA,DD5_wt,87.7075537011058,0.115600843288826,19
ESSFxk_MT,Tmin_wt,168.726338081283,0.136566056407719,27
ESSFxk_MT,Tmax_wt,151.209752292578,0.136566056407719,27
ESSFxk_MT,PAS_wt,141.875838167265,0.136566056407719,27
ESSFxk_MT,PPT_MJ,140.063489943982,0.136566056407719,27
ESSFxk_MT,PPT_JAS,135.290176549483,0.136566056407719,27
ESSFxk_MT,Tmin_sp,134.499272818227,0.136566056407719,27
ESSFxk_UT,PPT_MJ,152.722233106907,0.138781163434903,25
ESSFxk_UT,Tmin_wt,141.068341398883,0.138781163434903,25
ESSFxk_UT,PPT_JAS,125.744107667842,0.138781163434903,25
ESSFxk_UT,PAS_wt,124.678022279536,0.138781163434903,25
ESSFxk_UT,TmaxJuly,121.556182317704,0.138781163434903,25
ESSFxk_UT,Tmax_wt,121.367688474789,0.138781163434903,25
ESSFxk_WY,PAS_wt,152.271272745477,0.135764158262219,26
ESSFxk_WY,Tmax_wt,139.329591388802,0.135764158262219,26
ESSFxk_WY,Tmin_wt,133.797647331332,0.135764158262219,26
ESSFxk_WY,Tmax_sm,129.868951723128,0.135764158262219,26
ESSFxk_WY,EXT,129.23080649336,0.135764158262219,26
ESSFxk_WY,PPT_MJ,124.7897662184,0.135764158262219,26
ESSFxv1,PPT_JAS,123.641447208729,0.185925925925926,18
ESSFxv1,Tmax_wt,107.955728381711,0.185925925925926,18
ESSFxv1,DD_18_wt,102.615185088373,0.185925925925926,18
ESSFxv1,Tmin_wt,91.0511859445835,0.185925925925926,18
ESSFxv1,Tmin,90.3916766890702,0.185925925925926,18
ESSFxv1,CMI,85.3144200203928,0.185925925925926,18
ESSFxv2,Tmin_wt,88.7237134854326,0.172777777777778,12
ESSFxv2,PAS_wt,76.0714277071056,0.172777777777778,12
ESSFxv2,Tmin,69.5484668639597,0.172777777777778,12
ESSFxv2,Eref_sp,64.6746079342259,0.172777777777778,12
ESSFxv2,PAS,60.5776804409307,0.172777777777778,12
ESSFxv2,Tmin_sm,58.3225962850601,0.172777777777778,12
ESSFxvp,PPT_JAS,128.101494447762,0.271929824561404,19
ESSFxvp,CMI,109.300420491291,0.271929824561404,19
ESSFxvp,Tmax_wt,101.569044989586,0.271929824561404,19
ESSFxvp,PAS_wt,101.328419293167,0.271929824561404,19
ESSFxvp,PAS_sp,97.7177878437464,0.271929824561404,19
ESSFxvp,Tmin_wt,95.4666903690971,0.271929824561404,19
ESSFxvw,PAS_wt,58.6432336510875,0.1675,8
ESSFxvw,Tmin_wt,46.2551020989143,0.1675,8
ESSFxvw,CMI,39.1410413317372,0.1675,8
ESSFxvw,PAS,37.6061384551914,0.1675,8
ESSFxvw,Tmax_wt,35.6745206802285,0.1675,8
ESSFxvw,AHM,35.4298190431033,0.1675,8
ESSFxw_OR,Tmax_wt,207.554695234365,0.112368800164643,33
ESSFxw_OR,PPT_JAS,180.644801316224,0.112368800164643,33
ESSFxw_OR,PAS_wt,169.670937786523,0.112368800164643,33
ESSFxw_OR,PPT_MJ,164.451981891939,0.112368800164643,33
ESSFxw_OR,Tmin_wt,161.543014080053,0.112368800164643,33
ESSFxw_OR,CMD.total,160.499429634086,0.112368800164643,33
ESSFxx_WY,TmaxJuly,40.416339168802,0.093363329583802,6
ESSFxx_WY,Tmax_sm,36.2718393565675,0.093363329583802,6
ESSFxx_WY,CMD.total,34.8175973062467,0.093363329583802,6
ESSFxx_WY,Tmax_wt,33.6556217769227,0.093363329583802,6
ESSFxx_WY,Eref_sp,33.202460892998,0.093363329583802,6
ESSFxx_WY,MWMT,32.9906580523373,0.093363329583802,6
FGff,Tmin_wt,84.7557098366754,0.133333333333333,15
FGff,DD5_sp,80.8615862927568,0.133333333333333,15
FGff,AHM,76.6882833398258,0.133333333333333,15
FGff,CMDMax,76.4128760566619,0.133333333333333,15
FGff,Tave_wt,68.785683148398,0.133333333333333,15
FGff,DD5_wt,68.7116874365555,0.133333333333333,15
FGnf,CMDMax,35.120162189525,0.0814419225634179,5
FGnf,CMD_sm,33.0606673616536,0.0814419225634179,5
FGnf,SHM,31.5793644715068,0.0814419225634179,5
FGnf,PPT_JAS,28.5632428820805,0.0814419225634179,5
FGnf,AHM,27.1721352884709,0.0814419225634179,5
FGnf,DD_0_at,23.5206533373526,0.0814419225634179,5
GBDdw_UT,PPT_JAS,56.3516666388404,0.10955710955711,6
GBDdw_UT,DD_18_wt,38.6712028792324,0.10955710955711,6
GBDdw_UT,DD5_wt,36.6455924460684,0.10955710955711,6
GBDdw_UT,Tave_wt,33.7915294300293,0.10955710955711,6
GBDdw_UT,EXT,33.1362610780416,0.10955710955711,6
GBDdw_UT,MWMT,31.9939672120305,0.10955710955711,6
GBDxh_NV,PPT_JAS,123.328098552829,0.103781174577635,20
GBDxh_NV,AHM,102.877985270216,0.103781174577635,20
GBDxh_NV,CMD.total,101.698925798116,0.103781174577635,20
GBDxh_NV,Tave_wt,101.504420999398,0.103781174577635,20
GBDxh_NV,DD5_wt,94.9646592097725,0.103781174577635,20
GBDxh_NV,MWMT,93.7386280278925,0.103781174577635,20
GBDxx_UT,DD5_wt,35.9385758127327,0.112813370473538,6
GBDxx_UT,Tave_wt,31.4965906943984,0.112813370473538,6
GBDxx_UT,PPT_JAS,28.6143487190579,0.112813370473538,6
GBDxx_UT,DD_18_wt,26.0677345198041,0.112813370473538,6
GBDxx_UT,SHM,24.8939733710226,0.112813370473538,6
GBDxx_UT,EXT,23.5707527846617,0.112813370473538,6
ICHdh_ID,Tmax_wt,118.245852444356,0.132666666666667,20
ICHdh_ID,PAS,112.043435784287,0.132666666666667,20
ICHdh_ID,DD_18_wt,106.899149850688,0.132666666666667,20
ICHdh_ID,DD5_wt,102.247224080088,0.132666666666667,20
ICHdh_ID,Tave_wt,100.039382443034,0.132666666666667,20
ICHdh_ID,Tmin_wt,99.3363559989929,0.132666666666667,20
ICHdk,Tmin_wt,66.2603978435474,0.117142857142857,7
ICHdk,PPT_JAS,36.0825250648937,0.117142857142857,7
ICHdk,EXT,34.8007563724807,0.117142857142857,7
ICHdk,CMD.grow,33.8449588468474,0.117142857142857,7
ICHdk,CMD_sm,33.7251992140676,0.117142857142857,7
ICHdk,Tmax_sm,32.0142581533971,0.117142857142857,7
ICHdm,Tmin_wt,124.075437096527,0.186666666666667,14
ICHdm,PPT_JAS,81.5585666431074,0.186666666666667,14
ICHdm,CMDMax,76.6890616574209,0.186666666666667,14
ICHdm,Tmin_at,71.1256749331553,0.186666666666667,14
ICHdm,DD_18_wt,70.4692923282709,0.186666666666667,14
ICHdm,PPT_MJ,65.6762889871993,0.186666666666667,14
ICHdw_ID,PPT_MJ,308.27499781251,0.149777777777778,45
ICHdw_ID,Tmax_wt,240.749482505269,0.149777777777778,45
ICHdw_ID,Tmin_wt,226.430036435021,0.149777777777778,45
ICHdw_ID,PAS_wt,223.10690671742,0.149777777777778,45
ICHdw_ID,PAS,213.326316537498,0.149777777777778,45
ICHdw_ID,SHM,211.256618023798,0.149777777777778,45
ICHdw1,PPT_JAS,64.5681567521505,0.198666666666667,10
ICHdw1,CMDMax,63.174392259005,0.198666666666667,10
ICHdw1,PPT_MJ,58.2372571564248,0.198666666666667,10
ICHdw1,PAS_sp,54.6720742461144,0.198666666666667,10
ICHdw1,PAS,49.840100568328,0.198666666666667,10
ICHdw1,PAS_wt,48.6829797060348,0.198666666666667,10
ICHdw3,PAS_wt,56.7953187181356,0.254074074074074,9
ICHdw3,AHM,53.7083604515105,0.254074074074074,9
ICHdw3,CMI,53.209356469399,0.254074074074074,9
ICHdw3,PAS,50.1532977948782,0.254074074074074,9
ICHdw3,Tmax_sm,43.9975475639984,0.254074074074074,9
ICHdw3,PPT_JAS,39.7638415502402,0.254074074074074,9
ICHdw4,CMI,52.2169737222506,0.244995233555767,7
ICHdw4,PPT_JAS,50.8481702213042,0.244995233555767,7
ICHdw4,PAS_wt,48.2358490869811,0.244995233555767,7
ICHdw4,Tmin_wt,44.6919714407532,0.244995233555767,7
ICHdw4,PPT_MJ,44.1830434436928,0.244995233555767,7
ICHdw4,PAS_sp,42.5472178440587,0.244995233555767,7
ICHmc1,CMI,74.3145187144607,0.168666666666667,10
ICHmc1,PPT_JAS,66.0765207148477,0.168666666666667,10
ICHmc1,PAS_wt,64.5157604302308,0.168666666666667,10
ICHmc1,CMD.total,57.6516321973612,0.168666666666667,10
ICHmc1,Tave_wt,57.1489520720831,0.168666666666667,10
ICHmc1,DD5_wt,57.0171419938446,0.168666666666667,10
ICHmc1a,PAS_wt,44.0316537571746,0.14,5
ICHmc1a,PAS,32.0565756617002,0.14,5
ICHmc1a,PAS_sp,31.9459280701986,0.14,5
ICHmc1a,CMI,31.2921638431412,0.14,5
ICHmc1a,Tmax_wt,30.0112687970988,0.14,5
ICHmc1a,DD5_wt,29.5611051024498,0.14,5
ICHmc2,CMI,70.6616562715853,0.128888888888889,6
ICHmc2,PPT_JAS,48.6929243720108,0.128888888888889,6
ICHmc2,PAS_wt,36.6461493814626,0.128888888888889,6
ICHmc2,DD_0_sp,34.428680510457,0.128888888888889,6
ICHmc2,CMD.total,26.4328723187091,0.128888888888889,6
ICHmc2,Tmin_wt,24.9921025555961,0.128888888888889,6
ICHmh_MT,PPT_MJ,64.4257149907154,0.0876190476190476,7
ICHmh_MT,Tmin_sp,45.9613891057236,0.0876190476190476,7
ICHmh_MT,Tmin_wt,44.8937951118732,0.0876190476190476,7
ICHmh_MT,NFFD_sp,35.305791769235,0.0876190476190476,7
ICHmh_MT,Tave_wt,35.0939433311939,0.0876190476190476,7
ICHmh_MT,SHM,33.2250531429816,0.0876190476190476,7
ICHmk1,PPT_JAS,120.145171009864,0.22,17
ICHmk1,PPT_MJ,107.113535111888,0.22,17
ICHmk1,CMDMax,103.606435708774,0.22,17
ICHmk1,CMI,95.8530213240448,0.22,17
ICHmk1,CMD.total,90.3054307871371,0.22,17
ICHmk1,PAS_wt,82.328741717467,0.22,17
ICHmk2,PAS_wt,108.598323292694,0.19952380952381,14
ICHmk2,PPT_JAS,92.3505462454982,0.19952380952381,14
ICHmk2,PAS,90.3484963860514,0.19952380952381,14
ICHmk2,Tmin_wt,86.0101820628054,0.19952380952381,14
ICHmk2,AHM,77.6189523222753,0.19952380952381,14
ICHmk2,PAS_sp,74.9071284767349,0.19952380952381,14
ICHmk3,Tmin_wt,100.534783300834,0.147272727272727,11
ICHmk3,PPT_JAS,71.6365841212464,0.147272727272727,11
ICHmk3,PPT_MJ,62.7511606353207,0.147272727272727,11
ICHmk3,Tmin_sm,57.322518700915,0.147272727272727,11
ICHmk3,NFFD_sm,48.5097296867174,0.147272727272727,11
ICHmk3,Tmin_at,48.3646481066094,0.147272727272727,11
ICHmk4,Tmin_wt,73.5041711962456,0.1825,8
ICHmk4,Tmin_at,48.5616949673045,0.1825,8
ICHmk4,DD_18_wt,44.9611918877777,0.1825,8
ICHmk4,Tave_wt,44.4909954978518,0.1825,8
ICHmk4,Tmax_sp,42.9380203099075,0.1825,8
ICHmk4,Tmax_sm,41.8756804382459,0.1825,8
ICHmk5,Tave_wt,52.7110755023919,0.224728487886383,8
ICHmk5,PAS_wt,47.8319606414054,0.224728487886383,8
ICHmk5,Eref,45.6604345127722,0.224728487886383,8
ICHmk5,Tmax_wt,45.4408439548338,0.224728487886383,8
ICHmk5,Tmax_sm,41.1558389983053,0.224728487886383,8
ICHmk5,Tmin_wt,40.6564839798096,0.224728487886383,8
ICHmm,Tmin_wt,106.678939667658,0.198787878787879,11
ICHmm,DD5_wt,73.1868067747662,0.198787878787879,11
ICHmm,Tave_wt,65.1280526820324,0.198787878787879,11
ICHmm,DD_18_wt,63.5324432012691,0.198787878787879,11
ICHmm,PAS_wt,63.4131790188419,0.198787878787879,11
ICHmm,Tmax_wt,58.8634313563428,0.198787878787879,11
ICHmw_MT,PPT_MJ,109.579785443895,0.127407407407407,18
ICHmw_MT,PAS_sp,89.2954565771253,0.127407407407407,18
ICHmw_MT,PAS_wt,87.1245375467685,0.127407407407407,18
ICHmw_MT,Tmin_sp,85.8433577212569,0.127407407407407,18
ICHmw_MT,PAS,84.6763498032728,0.127407407407407,18
ICHmw_MT,Tmax_wt,82.393823024845,0.127407407407407,18
ICHmw1,Tmin_wt,75.9290544927705,0.257777777777778,9
ICHmw1,PAS_wt,64.0913206654633,0.257777777777778,9
ICHmw1,Eref_sm,49.1202904539186,0.257777777777778,9
ICHmw1,Tmin_at,42.7430708389282,0.257777777777778,9
ICHmw1,Tave_wt,39.6087454030661,0.257777777777778,9
ICHmw1,DD_18_wt,38.504058236243,0.257777777777778,9
ICHmw2,PPT_MJ,88.6711811256045,0.261904761904762,14
ICHmw2,PPT_JAS,86.3463675536184,0.261904761904762,14
ICHmw2,CMDMax,83.8242154888027,0.261904761904762,14
ICHmw2,PAS_sp,75.7113036191483,0.261904761904762,14
ICHmw2,PAS_wt,73.390887131129,0.261904761904762,14
ICHmw2,Tmin_wt,72.1669912220292,0.261904761904762,14
ICHmw3,PPT_MJ,90.3414925205635,0.229333333333333,15
ICHmw3,PPT_JAS,88.2122053327085,0.229333333333333,15
ICHmw3,CMI,87.3484822654485,0.229333333333333,15
ICHmw3,Tmin_wt,86.3869017277492,0.229333333333333,15
ICHmw3,PAS_wt,85.5668348981085,0.229333333333333,15
ICHmw3,PAS,79.6966228990319,0.229333333333333,15
ICHmw4,CMDMax,63.8028537904942,0.128333333333333,8
ICHmw4,PPT_JAS,51.6998794058356,0.128333333333333,8
ICHmw4,PPT_MJ,44.1469364016981,0.128333333333333,8
ICHmw4,CMD_sp,43.3051792172259,0.128333333333333,8
ICHmw4,PAS_sp,41.5918752889955,0.128333333333333,8
ICHmw4,Tmin_sm,35.5834098029827,0.128333333333333,8
ICHmw5,PAS_wt,73.0836903702778,0.222424242424242,11
ICHmw5,PPT_JAS,70.1946639687079,0.222424242424242,11
ICHmw5,CMDMax,64.5711393566268,0.222424242424242,11
ICHmw5,AHM,62.7025120115343,0.222424242424242,11
ICHmw5,PAS,62.2923017420448,0.222424242424242,11
ICHmw5,PAS_sp,58.9147083630022,0.222424242424242,11
ICHvc,Tmax_wt,65.6965852119428,0.12,7
ICHvc,DD5_wt,47.975003962609,0.12,7
ICHvc,DD_18_wt,46.3040251235402,0.12,7
ICHvc,Tmin_wt,45.1936643985036,0.12,7
ICHvc,Tave_wt,41.483687836867,0.12,7
ICHvc,TmaxJuly,36.4047489919538,0.12,7
ICHvk1,PAS_wt,74.8888561147192,0.261818181818182,11
ICHvk1,Tmax_wt,68.6928013303016,0.261818181818182,11
ICHvk1,Tmin_wt,67.0048048524946,0.261818181818182,11
ICHvk1,Tave_wt,63.1282775432308,0.261818181818182,11
ICHvk1,DD_18_wt,60.5514621531133,0.261818181818182,11
ICHvk1,PAS,54.0836173576261,0.261818181818182,11
ICHvk2,Tmin_wt,70.1777974702588,0.176526717557252,7
ICHvk2,DD_18_wt,51.1474066622726,0.176526717557252,7
ICHvk2,Tave_wt,50.6190625623488,0.176526717557252,7
ICHvk2,PPT_JAS,34.8182764397348,0.176526717557252,7
ICHvk2,DD5_wt,33.7622637657051,0.176526717557252,7
ICHvk2,Tmax_wt,30.9449831068333,0.176526717557252,7
ICHwc,Tmax_sm,52.4700942720802,0.180740740740741,9
ICHwc,DD5_wt,51.300340666821,0.180740740740741,9
ICHwc,PAS_wt,50.2053798343863,0.180740740740741,9
ICHwc,Tmax_wt,49.7976939034431,0.180740740740741,9
ICHwc,DD_18_wt,48.0282153625874,0.180740740740741,9
ICHwc,Tmin_wt,45.0092415748541,0.180740740740741,9
ICHwk1,Tmin_wt,116.090182995996,0.23875,16
ICHwk1,PAS_wt,110.897168042892,0.23875,16
ICHwk1,DD_18_wt,90.8023996980343,0.23875,16
ICHwk1,Tave_wt,89.5465052946863,0.23875,16
ICHwk1,CMI,87.0007255900086,0.23875,16
ICHwk1,PAS,77.2924286668426,0.23875,16
ICHwk2,DD5_sp,47.1653112083008,0.10952380952381,7
ICHwk2,CMI,36.928891944494,0.10952380952381,7
ICHwk2,PPT_JAS,35.6078441166019,0.10952380952381,7
ICHwk2,PAS_sp,34.1110688474917,0.10952380952381,7
ICHwk2,PAS_wt,34.0769345840785,0.10952380952381,7
ICHwk2,Tmin_sm,32.689949628307,0.10952380952381,7
ICHwk3,DD_18_wt,62.4848821773863,0.184166666666667,8
ICHwk3,Tmin_wt,59.333252906,0.184166666666667,8
ICHwk3,Tmax_wt,56.7369276272358,0.184166666666667,8
ICHwk3,Tave_wt,55.9377294436809,0.184166666666667,8
ICHwk3,Tmin_at,52.0973795910086,0.184166666666667,8
ICHwk3,DD5_wt,39.8582104677467,0.184166666666667,8
ICHwk4,Tmin_wt,53.1023186140681,0.155386081982841,7
ICHwk4,DD_18_wt,51.2588312593358,0.155386081982841,7
ICHwk4,Tave_wt,45.0549998260683,0.155386081982841,7
ICHwk4,PAS_sp,43.0119400347983,0.155386081982841,7
ICHwk4,DD5_wt,42.1957291819931,0.155386081982841,7
ICHwk4,PPT_JAS,36.7645986268379,0.155386081982841,7
ICHxh_ID,CMD.total,92.8454704349101,0.120996441281139,15
ICHxh_ID,PPT_MJ,89.6980653574309,0.120996441281139,15
ICHxh_ID,Tmax_wt,78.1131897824792,0.120996441281139,15
ICHxh_ID,CMD.grow,77.8415955280753,0.120996441281139,15
ICHxh_ID,CMD,73.8181993506775,0.120996441281139,15
ICHxh_ID,AHM,73.6201133084942,0.120996441281139,15
ICHxm1,PPT_MJ,123.778408444337,0.242564102564103,13
ICHxm1,PPT_JAS,100.463896907296,0.242564102564103,13
ICHxm1,PAS_sp,81.4650420773634,0.242564102564103,13
ICHxm1,PAS_wt,72.2432275457248,0.242564102564103,13
ICHxm1,CMI,67.8531625351547,0.242564102564103,13
ICHxm1,CMDMax,64.4742052682497,0.242564102564103,13
ICHxw,CMI,59.200541959639,0.191333333333333,10
ICHxw,PPT_JAS,58.1824144961178,0.191333333333333,10
ICHxw,PAS_wt,58.0396099064186,0.191333333333333,10
ICHxw,CMDMax,54.9160967825289,0.191333333333333,10
ICHxw,AHM,50.5984925677709,0.191333333333333,10
ICHxw,CMD.total,49.8844912381511,0.191333333333333,10
ICHxw_ID,Tmax_wt,85.3528175942981,0.116666666666667,12
ICHxw_ID,DD_18_wt,70.9601572762008,0.116666666666667,12
ICHxw_ID,NFFD_sp,69.4823503471843,0.116666666666667,12
ICHxw_ID,PAS_wt,65.1645616924743,0.116666666666667,12
ICHxw_ID,CMI,64.3163223460736,0.116666666666667,12
ICHxw_ID,Tave_wt,61.9588133582133,0.116666666666667,12
ICHxw_WA,PPT_MJ,165.532934981514,0.143669634025717,27
ICHxw_WA,PAS_wt,148.114632242751,0.143669634025717,27
ICHxw_WA,Tmin_wt,145.423972166461,0.143669634025717,27
ICHxw_WA,PPT_JAS,136.044132643181,0.143669634025717,27
ICHxw_WA,PAS,131.018094183955,0.143669634025717,27
ICHxw_WA,Tmax_wt,128.227118038248,0.143669634025717,27
ICHxwa,CMD.total,34.2488515895407,0.134666666666667,5
ICHxwa,AHM,31.8293741540615,0.134666666666667,5
ICHxwa,NFFD_sm,26.5003322785801,0.134666666666667,5
ICHxwa,NFFD_sp,26.3827542465437,0.134666666666667,5
ICHxwa,Tmin_sp,26.08330961115,0.134666666666667,5
ICHxwa,CMI,25.1367443910958,0.134666666666667,5
IDFdc,CMI,106.304359240092,0.196969696969697,11
IDFdc,PAS_wt,74.4381707803945,0.196969696969697,11
IDFdc,Tmin_wt,71.9689496646866,0.196969696969697,11
IDFdc,DD_0_sp,64.7903365482484,0.196969696969697,11
IDFdc,AHM,61.0973621686947,0.196969696969697,11
IDFdc,Tave_wt,53.356346496366,0.196969696969697,11
IDFdh,PPT_JAS,51.8706991443599,0.139166666666667,8
IDFdh,PAS_wt,49.8052179677116,0.139166666666667,8
IDFdh,PAS,44.5906524403893,0.139166666666667,8
IDFdh,CMI,41.7865129957287,0.139166666666667,8
IDFdh,PAS_sp,41.6522426570433,0.139166666666667,8
IDFdh,AHM,39.3306260978171,0.139166666666667,8
IDFdh_MT,PAS_wt,144.201586190846,0.133823059725327,21
IDFdh_MT,Tmin_wt,125.822190979753,0.133823059725327,21
IDFdh_MT,Tmax_wt,119.295792846433,0.133823059725327,21
IDFdh_MT,CMD.total,115.363781492412,0.133823059725327,21
IDFdh_MT,SHM,114.253712470438,0.133823059725327,21
IDFdh_MT,PPT_JAS,112.148766257568,0.133823059725327,21
IDFdh_UT,PPT_JAS,320.444841762766,0.146164791100763,55
IDFdh_UT,PPT_MJ,297.1790084843,0.146164791100763,55
IDFdh_UT,Tmin_wt,282.594671313619,0.146164791100763,55
IDFdh_UT,PAS_wt,282.491103656966,0.146164791100763,55
IDFdh_UT,Tmax_wt,276.557971340294,0.146164791100763,55
IDFdh_UT,CMD.total,245.5278936941,0.146164791100763,55
IDFdh_WA,PPT_MJ,185.636824217033,0.137267617812365,31
IDFdh_WA,PPT_JAS,183.553504828408,0.137267617812365,31
IDFdh_WA,Tmax_wt,173.475065525668,0.137267617812365,31
IDFdh_WA,Tmin_wt,168.329274110759,0.137267617812365,31
IDFdh_WA,PAS_wt,162.178826557653,0.137267617812365,31
IDFdh_WA,SHM,152.490550010926,0.137267617812365,31
IDFdk_MT,PAS_wt,139.399402833606,0.143768115942029,23
IDFdk_MT,Tmin_wt,126.27088855631,0.143768115942029,23
IDFdk_MT,Tave_wt,117.238662398983,0.143768115942029,23
IDFdk_MT,DD5_wt,114.208142077174,0.143768115942029,23
IDFdk_MT,CMD.total,111.758531415669,0.143768115942029,23
IDFdk_MT,AHM,110.108472062871,0.143768115942029,23
IDFdk_WA,PPT_MJ,150.046965085684,0.103756157635468,22
IDFdk_WA,PAS_wt,129.016886846143,0.103756157635468,22
IDFdk_WA,PPT_JAS,125.709728239213,0.103756157635468,22
IDFdk_WA,Tmin_wt,122.083843699498,0.103756157635468,22
IDFdk_WA,SHM,110.996076002492,0.103756157635468,22
IDFdk_WA,CMD.total,106.88276633312,0.103756157635468,22
IDFdk1,PAS_wt,134.151252565815,0.184705882352941,17
IDFdk1,PPT_JAS,120.765071586019,0.184705882352941,17
IDFdk1,CMI,119.839509228687,0.184705882352941,17
IDFdk1,PPT_MJ,113.533288287072,0.184705882352941,17
IDFdk1,Tmin_wt,92.1793332594935,0.184705882352941,17
IDFdk1,PAS_sp,88.9559626175243,0.184705882352941,17
IDFdk2,CMI,100.351259859316,0.21047619047619,14
IDFdk2,PAS_wt,92.6683995541176,0.21047619047619,14
IDFdk2,PPT_JAS,77.9337681728021,0.21047619047619,14
IDFdk2,PPT_MJ,77.4433098201068,0.21047619047619,14
IDFdk2,Tmax_wt,75.8207217328996,0.21047619047619,14
IDFdk2,AHM,75.7438606656038,0.21047619047619,14
IDFdk3,Tmin_wt,78.4108176739398,0.176923076923077,13
IDFdk3,Tmin,71.1888612952635,0.176923076923077,13
IDFdk3,PPT_MJ,69.4715258865054,0.176923076923077,13
IDFdk3,Tmin_sp,65.5145084710508,0.176923076923077,13
IDFdk3,PPT_JAS,62.3747657946414,0.176923076923077,13
IDFdk3,Tmin_sm,59.9880048653245,0.176923076923077,13
IDFdk4,Tmin,48.5986092667034,0.1425,8
IDFdk4,NFFD_sm,46.6322519124107,0.1425,8
IDFdk4,Tmin_sp,44.4660856759545,0.1425,8
IDFdk4,Tmin_sm,41.9261105128481,0.1425,8
IDFdk4,Tmax_wt,40.9715734374937,0.1425,8
IDFdk4,PAS,39.574113123939,0.1425,8
IDFdk5,Tave_wt,49.1780545765599,0.182222222222222,6
IDFdk5,DD_18_wt,47.2302084349883,0.182222222222222,6
IDFdk5,Tmin_wt,37.2215061783148,0.182222222222222,6
IDFdk5,DD5_wt,30.3865993187159,0.182222222222222,6
IDFdk5,Tmax_wt,29.8848380481104,0.182222222222222,6
IDFdk5,Eref_sp,26.1024106192913,0.182222222222222,6
IDFdkx_MT,PPT_JAS,277.24078509055,0.154838709677419,48
IDFdkx_MT,Tmin_wt,266.827847653893,0.154838709677419,48
IDFdkx_MT,PPT_MJ,242.93186654475,0.154838709677419,48
IDFdkx_MT,PAS_wt,233.841739478254,0.154838709677419,48
IDFdkx_MT,Tmax_wt,223.188223650273,0.154838709677419,48
IDFdkx_MT,Tave_wt,197.237698251444,0.154838709677419,48
IDFdm_MT,PAS_wt,258.412612638261,0.143957147639772,40
IDFdm_MT,PPT_MJ,225.475841600293,0.143957147639772,40
IDFdm_MT,Tmax_wt,213.783756375097,0.143957147639772,40
IDFdm_MT,CMD.total,205.509452348563,0.143957147639772,40
IDFdm_MT,Tmin_wt,201.412747282949,0.143957147639772,40
IDFdm_MT,PPT_JAS,197.249807028931,0.143957147639772,40
IDFdm_WA,PPT_MJ,191.078691468138,0.129806451612903,26
IDFdm_WA,SHM,159.147577048684,0.129806451612903,26
IDFdm_WA,PPT_JAS,157.787768539606,0.129806451612903,26
IDFdm_WA,PAS_wt,157.511495284117,0.129806451612903,26
IDFdm_WA,DD_0_sp,129.227115713175,0.129806451612903,26
IDFdm_WA,CMD.total,119.657945049776,0.129806451612903,26
IDFdm1,PPT_MJ,96.6139842901093,0.14,10
IDFdm1,CMDMax,95.2303511427534,0.14,10
IDFdm1,PPT_JAS,84.9060907630209,0.14,10
IDFdm1,SHM,70.3362026933811,0.14,10
IDFdm1,CMD_sm,54.8719159885136,0.14,10
IDFdm1,Tmax_wt,49.8465101912985,0.14,10
IDFdm2,Tmin_wt,79.8150133990262,0.153333333333333,8
IDFdm2,Tave_wt,50.5425817580306,0.153333333333333,8
IDFdm2,DD5_wt,48.4766461368243,0.153333333333333,8
IDFdm2,DD_18_wt,45.5235770769467,0.153333333333333,8
IDFdm2,CMDMax,39.5022841257948,0.153333333333333,8
IDFdm2,PPT_JAS,37.0275554122461,0.153333333333333,8
IDFdw,DD_18_wt,63.2637259149148,0.182,10
IDFdw,DD5_wt,59.336656099382,0.182,10
IDFdw,DD_0_at,58.0940376651007,0.182,10
IDFdw,Tave_wt,55.074655101328,0.182,10
IDFdw,Tmin,54.7952513410848,0.182,10
IDFdw,CMD.grow,48.4585723958148,0.182,10
IDFdx_MT,PPT_MJ,287.904498524033,0.151061707282314,49
IDFdx_MT,PAS_wt,267.026802340988,0.151061707282314,49
IDFdx_MT,Tmin_wt,253.561787268394,0.151061707282314,49
IDFdx_MT,PPT_JAS,234.787720177593,0.151061707282314,49
IDFdx_MT,SHM,227.354766411734,0.151061707282314,49
IDFdx_MT,Tmax_wt,215.532090275284,0.151061707282314,49
IDFdxx_WY,PPT_MJ,150.520071481603,0.149235474006116,24
IDFdxx_WY,PAS_wt,119.376563805001,0.149235474006116,24
IDFdxx_WY,Tmin_wt,111.477841354135,0.149235474006116,24
IDFdxx_WY,DD5_sp,109.107116853674,0.149235474006116,24
IDFdxx_WY,PPT_JAS,107.37753447694,0.149235474006116,24
IDFdxx_WY,Tmax_wt,107.180994395341,0.149235474006116,24
IDFmw2,PPT_JAS,118.52187928915,0.224761904761905,14
IDFmw2,Tmin_wt,111.599389900779,0.224761904761905,14
IDFmw2,PPT_MJ,103.572191563007,0.224761904761905,14
IDFmw2,Tmin_sm,73.8359325537289,0.224761904761905,14
IDFmw2,CMI,68.7761281942885,0.224761904761905,14
IDFmw2,PAS_wt,68.2548984543497,0.224761904761905,14
IDFww,PPT_JAS,139.319622703572,0.206031746031746,21
IDFww,CMI,134.169520883033,0.206031746031746,21
IDFww,Tmin_wt,122.479444238226,0.206031746031746,21
IDFww,Tave_wt,111.263597928821,0.206031746031746,21
IDFww,PAS_wt,105.245145866972,0.206031746031746,21
IDFww,Tmin_at,100.419552072769,0.206031746031746,21
IDFww1,CMI,68.2691715204925,0.227619047619048,7
IDFww1,Tmin_wt,45.4342307052193,0.227619047619048,7
IDFww1,AHM,42.4599871623248,0.227619047619048,7
IDFww1,PPT_MJ,38.1661739409191,0.227619047619048,7
IDFww1,PAS_wt,38.0935659118474,0.227619047619048,7
IDFww1,Tmax_wt,33.6653206067296,0.227619047619048,7
IDFxc,PAS_wt,87.6392576388862,0.202962962962963,9
IDFxc,CMI,78.0533156374537,0.202962962962963,9
IDFxc,AHM,55.1065501029389,0.202962962962963,9
IDFxc,Tmin_wt,54.147982009079,0.202962962962963,9
IDFxc,PAS,51.6153111888795,0.202962962962963,9
IDFxc,CMD.total,50.9638702218103,0.202962962962963,9
IDFxh_ID,PPT_JAS,241.217858137808,0.146067415730337,39
IDFxh_ID,PPT_MJ,221.414661532951,0.146067415730337,39
IDFxh_ID,PAS_wt,210.919739538784,0.146067415730337,39
IDFxh_ID,Tmin_wt,203.291084099842,0.146067415730337,39
IDFxh_ID,Tmax_wt,200.59036061359,0.146067415730337,39
IDFxh_ID,SHM,190.970161730851,0.146067415730337,39
IDFxh_OR,PPT_JAS,88.0430089299281,0.125358851674641,14
IDFxh_OR,CMD.total,87.2336335599869,0.125358851674641,14
IDFxh_OR,PPT_MJ,79.5830426067367,0.125358851674641,14
IDFxh_OR,Tmin_wt,77.8342104460862,0.125358851674641,14
IDFxh_OR,NFFD_sp,68.5573433074688,0.125358851674641,14
IDFxh_OR,SHM,66.2292114923855,0.125358851674641,14
IDFxh_WA,PPT_JAS,206.157945827503,0.125296527927539,31
IDFxh_WA,PAS_wt,199.277216442225,0.125296527927539,31
IDFxh_WA,PPT_MJ,191.768896367185,0.125296527927539,31
IDFxh_WA,Tmin_wt,172.482860936192,0.125296527927539,31
IDFxh_WA,SHM,162.189029570564,0.125296527927539,31
IDFxh_WA,Tmax_wt,140.235624454741,0.125296527927539,31
IDFxh1,PPT_JAS,76.4794590012317,0.133333333333333,10
IDFxh1,PPT_MJ,75.9286948499986,0.133333333333333,10
IDFxh1,CMDMax,60.7505769813172,0.133333333333333,10
IDFxh1,SHM,54.7876707508201,0.133333333333333,10
IDFxh1,CMD_sm,50.8389422597636,0.133333333333333,10
IDFxh1,PAS_sp,46.4370393700219,0.133333333333333,10
IDFxh2,CMI,136.047823227208,0.202857142857143,14
IDFxh2,PAS_wt,108.977983708572,0.202857142857143,14
IDFxh2,PPT_JAS,92.8179522010981,0.202857142857143,14
IDFxh2,PPT_MJ,86.7843881024557,0.202857142857143,14
IDFxh2,Tmin_wt,84.9735943192007,0.202857142857143,14
IDFxh2,CMD.total,73.2101782659521,0.202857142857143,14
IDFxk,Tave_wt,33.1291748638777,0.0733333333333333,3
IDFxk,Tmin_wt,28.7882440364789,0.0733333333333333,3
IDFxk,DD5_wt,25.4631784821622,0.0733333333333333,3
IDFxk,DD_18_wt,21.5357888629883,0.0733333333333333,3
IDFxk,Tmax_wt,20.4603847790892,0.0733333333333333,3
IDFxk,PAS_sp,14.944092428149,0.0733333333333333,3
IDFxm,PPT_MJ,76.5763867802438,0.107619047619048,7
IDFxm,PPT_JAS,67.773244627334,0.107619047619048,7
IDFxm,SHM,48.7028257497402,0.107619047619048,7
IDFxm,Tmin_sm,40.5286176287392,0.107619047619048,7
IDFxm,Tmin,37.6364211995861,0.107619047619048,7
IDFxm,NFFD_sm,37.1791961961174,0.107619047619048,7
IDFxm_CO,PPT_JAS,186.633098267291,0.141959254443,35
IDFxm_CO,Tmin_wt,168.696770515204,0.141959254443,35
IDFxm_CO,PAS_wt,166.823698751043,0.141959254443,35
IDFxm_CO,PPT_MJ,163.858657436525,0.141959254443,35
IDFxm_CO,SHM,156.461600637407,0.141959254443,35
IDFxm_CO,Tmax_wt,148.879548363048,0.141959254443,35
IDFxw,Tmin_wt,64.5155082568492,0.214074074074074,9
IDFxw,CMI,54.7965976963618,0.214074074074074,9
IDFxw,PPT_JAS,52.1125647411886,0.214074074074074,9
IDFxw,Tave_wt,49.0202732955562,0.214074074074074,9
IDFxw,PAS_wt,48.6696570237638,0.214074074074074,9
IDFxw,DD_18_wt,47.343478695422,0.214074074074074,9
IDFxx_MT,Tmax_wt,122.077301283574,0.115005907837731,17
IDFxx_MT,PPT_MJ,116.461936682532,0.115005907837731,17
IDFxx_MT,PAS_wt,112.583014492966,0.115005907837731,17
IDFxx_MT,CMD.total,111.789661569989,0.115005907837731,17
IDFxx_MT,Tmin_wt,99.6687736051121,0.115005907837731,17
IDFxx_MT,PPT_JAS,99.5753095337006,0.115005907837731,17
IDFxx_WA,Tmax_wt,72.5580675395724,0.0816575258988422,11
IDFxx_WA,Tmin_wt,72.3096020456889,0.0816575258988422,11
IDFxx_WA,DD_18_wt,61.0502054874293,0.0816575258988422,11
IDFxx_WA,Eref_wt,60.8679277639968,0.0816575258988422,11
IDFxx_WA,AHM,57.930143749581,0.0816575258988422,11
IDFxx_WA,PAS,57.9071415370287,0.0816575258988422,11
IDFxx1,PAS_wt,56.2726194503755,0.092,5
IDFxx1,PAS,38.7070719856995,0.092,5
IDFxx1,Tmax_wt,30.3116400900305,0.092,5
IDFxx1,DD5_wt,29.1034279104076,0.092,5
IDFxx1,PAS_sp,26.2861021957086,0.092,5
IDFxx1,DD_0_at,24.7492964778717,0.092,5
IDFxx2,CMD_sm,14.626974190671,0.09,2
IDFxx2,CMD.grow,13.1450543161165,0.09,2
IDFxx2,CMDMax,11.2687340684139,0.09,2
IDFxx2,CMD,9.55322387913544,0.09,2
IDFxx2,SHM,8.50192157337087,0.09,2
IDFxx2,PAS_sp,7.68477770545845,0.09,2
IGFdk_WA,PAS_sp,151.072532570442,0.110183639398998,28
IGFdk_WA,Tmax_wt,147.97315612756,0.110183639398998,28
IGFdk_WA,PPT_MJ,135.781349975903,0.110183639398998,28
IGFdk_WA,PPT_JAS,134.883306615865,0.110183639398998,28
IGFdk_WA,CMI,131.492067971518,0.110183639398998,28
IGFdk_WA,CMDMax,130.819005044595,0.110183639398998,28
IGFdw_OR,PPT_MJ,171.345389545248,0.126899016979446,30
IGFdw_OR,CMD.total,160.575599984825,0.126899016979446,30
IGFdw_OR,SHM,156.411754315736,0.126899016979446,30
IGFdw_OR,PAS_sp,153.379045410664,0.126899016979446,30
IGFdw_OR,Tmax_wt,148.14482461599,0.126899016979446,30
IGFdw_OR,NFFD_sp,135.954614549244,0.126899016979446,30
IGFmh_OR,PPT_JAS,158.703923841032,0.125814678379144,24
IGFmh_OR,PAS_wt,145.453308552766,0.125814678379144,24
IGFmh_OR,Tmin_wt,129.780463770686,0.125814678379144,24
IGFmh_OR,PPT_MJ,126.779020184341,0.125814678379144,24
IGFmh_OR,CMD.total,114.50216847384,0.125814678379144,24
IGFmh_OR,DD_0_sp,107.381775405638,0.125814678379144,24
IGFmm_OR,PAS_wt,333.484906547405,0.147302136066181,55
IGFmm_OR,PPT_JAS,324.553340364139,0.147302136066181,55
IGFmm_OR,PPT_MJ,319.909853336696,0.147302136066181,55
IGFmm_OR,Tmin_wt,292.480289881722,0.147302136066181,55
IGFmm_OR,Tmax_wt,264.498153587783,0.147302136066181,55
IGFmm_OR,SHM,236.393986390324,0.147302136066181,55
IGFxm_OR,PPT_MJ,259.7522176986,0.133405639913232,38
IGFxm_OR,PAS_wt,232.678911965007,0.133405639913232,38
IGFxm_OR,PPT_JAS,220.833883714198,0.133405639913232,38
IGFxm_OR,Tmin_wt,208.254609448735,0.133405639913232,38
IGFxm_OR,Tmax_wt,197.968943563321,0.133405639913232,38
IGFxm_OR,CMI,181.896422689207,0.133405639913232,38
IMAab,Tmin_wt,124.194257953462,0.242666666666667,15
IMAab,PAS_wt,114.345105884453,0.242666666666667,15
IMAab,Eref_sm,89.9842386998979,0.242666666666667,15
IMAab,PAS,79.9074820959485,0.242666666666667,15
IMAab,Tmin_at,72.1971711099835,0.242666666666667,15
IMAab,Eref,71.1398478688972,0.242666666666667,15
IMAun,Tmin_wt,197.413452970977,0.258620689655172,29
IMAun,PAS_wt,174.560180679626,0.258620689655172,29
IMAun,DD_18_wt,158.452802897759,0.258620689655172,29
IMAun,Eref_sm,144.789300025798,0.258620689655172,29
IMAun,CMI,143.619481720942,0.258620689655172,29
IMAun,PPT_MJ,143.116995364643,0.258620689655172,29
IWFdm_CO,PPT_JAS,108.257823815204,0.116589861751152,17
IWFdm_CO,EXT,87.2966957635213,0.116589861751152,17
IWFdm_CO,SHM,87.0821116137985,0.116589861751152,17
IWFdm_CO,PAS,77.4519148545859,0.116589861751152,17
IWFdm_CO,PAS_wt,76.1317403153431,0.116589861751152,17
IWFdm_CO,PPT_MJ,71.6253050972028,0.116589861751152,17
IWFdw_OR,CMD.total,183.341056946715,0.131445904954499,34
IWFdw_OR,CMI,175.473813509309,0.131445904954499,34
IWFdw_OR,PAS_wt,174.74048360269,0.131445904954499,34
IWFdw_OR,Tmin_wt,173.462970978689,0.131445904954499,34
IWFdw_OR,Tmax_wt,164.360570442608,0.131445904954499,34
IWFdw_OR,PPT_MJ,155.555365381474,0.131445904954499,34
IWFxk_NV,PPT_JAS,268.41373739346,0.139022584228064,37
IWFxk_NV,PPT_MJ,209.835835483352,0.139022584228064,37
IWFxk_NV,PAS_wt,205.801085952187,0.139022584228064,37
IWFxk_NV,Tmin_wt,194.895070261755,0.139022584228064,37
IWFxk_NV,Tmax_wt,189.706269033005,0.139022584228064,37
IWFxk_NV,PAS,163.125618421745,0.139022584228064,37
IWFxm_CA,AHM,79.3485486256825,0.125369603784743,12
IWFxm_CA,PAS,73.1581785163517,0.125369603784743,12
IWFxm_CA,PAS_wt,71.7777652293879,0.125369603784743,12
IWFxm_CA,CMI,71.2560090506175,0.125369603784743,12
IWFxm_CA,Tmin_wt,56.9779182724797,0.125369603784743,12
IWFxm_CA,PAS_sp,54.1634382016457,0.125369603784743,12
JPWdm_WY,PPT_JAS,157.270553274615,0.126073619631902,23
JPWdm_WY,PPT_MJ,131.929381086788,0.126073619631902,23
JPWdm_WY,PAS_wt,115.561280701152,0.126073619631902,23
JPWdm_WY,SHM,100.525075353718,0.126073619631902,23
JPWdm_WY,Tave_wt,99.8307945819435,0.126073619631902,23
JPWdm_WY,Tmin_wt,99.1358680866027,0.126073619631902,23
JPWdw_UT,PPT_JAS,195.113482880154,0.127388535031847,30
JPWdw_UT,PPT_MJ,161.776637228097,0.127388535031847,30
JPWdw_UT,SHM,148.134095724106,0.127388535031847,30
JPWdw_UT,PAS_wt,142.930184717464,0.127388535031847,30
JPWdw_UT,CMD.total,134.125825463523,0.127388535031847,30
JPWdw_UT,Tmax_wt,132.075258980999,0.127388535031847,30
JPWwm_CO,EXT,38.7946331578888,0.105263157894737,8
JPWwm_CO,TmaxJuly,32.8369533439641,0.105263157894737,8
JPWwm_CO,SHM,30.2766878824948,0.105263157894737,8
JPWwm_CO,PPT_JAS,27.7732338072854,0.105263157894737,8
JPWwm_CO,PAS,27.3397144361809,0.105263157894737,8
JPWwm_CO,MWMT,27.1856794550728,0.105263157894737,8
JPWxh_CA,AHM,85.360860036156,0.0985169491525424,17
JPWxh_CA,Tmin_wt,68.1624837779194,0.0985169491525424,17
JPWxh_CA,PAS_sp,67.5942467081029,0.0985169491525424,17
JPWxh_CA,PAS,66.3418769911466,0.0985169491525424,17
JPWxh_CA,Tmax_wt,63.4221515535962,0.0985169491525424,17
JPWxh_CA,Eref_wt,62.3240019313698,0.0985169491525424,17
JPWxw_NV,PPT_JAS,367.824647546749,0.138667516735735,69
JPWxw_NV,PAS_wt,357.941984293296,0.138667516735735,69
JPWxw_NV,PPT_MJ,324.834514721544,0.138667516735735,69
JPWxw_NV,Tmin_wt,321.368035198347,0.138667516735735,69
JPWxw_NV,Tmax_wt,311.622527120143,0.138667516735735,69
JPWxw_NV,AHM,278.184304406441,0.138667516735735,69
MGPdm,Eref,38.603975291593,0.0437158469945355,4
MGPdm,CMD_sm,32.8421341569737,0.0437158469945355,4
MGPdm,Eref_sm,29.6842006135813,0.0437158469945355,4
MGPdm,CMDMax,27.9480947730598,0.0437158469945355,4
MGPdm,CMD.total,26.3593915807198,0.0437158469945355,4
MGPdm,EXT,19.9183960447945,0.0437158469945355,4
MGPmg,EXT,36.4932842079589,0.0592417061611374,6
MGPmg,Tmax_sm,35.2394963912654,0.0592417061611374,6
MGPmg,Eref_sm,32.3983359470686,0.0592417061611374,6
MGPmg,SHM,30.1584016040116,0.0592417061611374,6
MGPmg,PAS_sp,27.7011548477495,0.0592417061611374,6
MGPmg,Eref,27.6197104047492,0.0592417061611374,6
MGPmw_MT,PPT_JAS,142.128216154718,0.128002632444883,25
MGPmw_MT,PPT_MJ,129.108648235835,0.128002632444883,25
MGPmw_MT,SHM,116.932296508078,0.128002632444883,25
MGPmw_MT,Tmin_wt,107.219569447969,0.128002632444883,25
MGPmw_MT,DD_18_wt,100.223632861947,0.128002632444883,25
MGPmw_MT,Tmax_wt,91.2283113443027,0.128002632444883,25
MHdm_OR,CMDMax,120.567946684003,0.125571579317622,19
MHdm_OR,CMD.total,95.1721915053689,0.125571579317622,19
MHdm_OR,CMD.grow,93.238654631295,0.125571579317622,19
MHdm_OR,CMD_sm,88.6238073583837,0.125571579317622,19
MHdm_OR,Tmax_wt,87.8176487478577,0.125571579317622,19
MHdm_OR,DD_0_sp,87.7222955479694,0.125571579317622,19
MHds_OR,Tmax_wt,103.695055362403,0.0957674219752031,16
MHds_OR,Tmin_wt,95.6706479219074,0.0957674219752031,16
MHds_OR,PPT_MJ,95.3811392095034,0.0957674219752031,16
MHds_OR,CMI,91.0985306286757,0.0957674219752031,16
MHds_OR,Tmin_sp,81.4775301521873,0.0957674219752031,16
MHds_OR,DD_0_sp,71.2047854821729,0.0957674219752031,16
MHds_WA,CMDMax,99.5022206602058,0.143076923076923,13
MHds_WA,Tmax_wt,71.7774210110242,0.143076923076923,13
MHds_WA,Tmin_wt,66.9579131197663,0.143076923076923,13
MHds_WA,PAS_sp,64.7024595782558,0.143076923076923,13
MHds_WA,CMD,63.0787431874306,0.143076923076923,13
MHds_WA,CMD.total,62.5453728800897,0.143076923076923,13
MHmm_WA,CMDMax,120.440800361185,0.15843137254902,17
MHmm_WA,Tmax_wt,95.5415644309017,0.15843137254902,17
MHmm_WA,Tave_wt,94.7667303843952,0.15843137254902,17
MHmm_WA,DD_18_wt,86.7646331471555,0.15843137254902,17
MHmm_WA,DD5_wt,79.7514820294641,0.15843137254902,17
MHmm_WA,Tmin_wt,75.1357031712527,0.15843137254902,17
MHmm1,Eref,128.859696171441,0.243143068939956,18
MHmm1,Eref_sm,120.554615042033,0.243143068939956,18
MHmm1,DD5_sp,86.6969337334129,0.243143068939956,18
MHmm1,Tave_sp,82.5846543088028,0.243143068939956,18
MHmm1,Tmax_wt,82.5032801030485,0.243143068939956,18
MHmm1,NFFD_sp,80.5811152697062,0.243143068939956,18
MHmm2,Tmax_wt,233.165997707608,0.257166666666667,40
MHmm2,Tmin_wt,220.168165460997,0.257166666666667,40
MHmm2,PPT_JAS,198.267029537614,0.257166666666667,40
MHmm2,DD_18_wt,196.892226041835,0.257166666666667,40
MHmm2,Tave_wt,196.783522267079,0.257166666666667,40
MHmm2,DD5_wt,190.080820796837,0.257166666666667,40
MHmmp,Tmax_wt,162.445639753433,0.262666666666667,25
MHmmp,DD_18_wt,136.706268487768,0.262666666666667,25
MHmmp,Tave_wt,135.351640636925,0.262666666666667,25
MHmmp,Tmin_wt,119.259721421032,0.262666666666667,25
MHmmp,DD5_wt,116.207679169908,0.262666666666667,25
MHmmp,Eref_sm,111.807647257911,0.262666666666667,25
MHms_WA,CMDMax,87.253318117213,0.142666666666667,15
MHms_WA,PPT_JAS,79.7685619826724,0.142666666666667,15
MHms_WA,CMI,71.6409294855695,0.142666666666667,15
MHms_WA,CMD.grow,69.2782744630366,0.142666666666667,15
MHms_WA,Eref,65.5183923227894,0.142666666666667,15
MHms_WA,DD_18_wt,64.0748745709844,0.142666666666667,15
MHRFdm_OR,Tmin_sp,90.3153914348394,0.12159414396096,17
MHRFdm_OR,CMI,87.5463050388336,0.12159414396096,17
MHRFdm_OR,PPT_MJ,81.9926799280791,0.12159414396096,17
MHRFdm_OR,NFFD_sp,81.4779094822339,0.12159414396096,17
MHRFdm_OR,Tmin_wt,80.8640316299361,0.12159414396096,17
MHRFdm_OR,PAS_sp,78.954297594617,0.12159414396096,17
MHRFds_CA,Tmax_wt,121.87587197038,0.105125693764283,21
MHRFds_CA,Tmin_wt,110.106879207689,0.105125693764283,21
MHRFds_CA,AHM,109.867082347089,0.105125693764283,21
MHRFds_CA,PAS_sp,107.55936093127,0.105125693764283,21
MHRFds_CA,PPT_MJ,104.215499536542,0.105125693764283,21
MHRFds_CA,DD_0_sp,90.433441227159,0.105125693764283,21
MHRFmm_OR,Tmax_wt,106.835444876303,0.0937093275488069,16
MHRFmm_OR,PPT_MJ,84.060604378991,0.0937093275488069,16
MHRFmm_OR,Tmin_sp,82.7211628812126,0.0937093275488069,16
MHRFmm_OR,CMD.total,76.4082286685436,0.0937093275488069,16
MHRFmm_OR,Tmin_wt,71.1884786020683,0.0937093275488069,16
MHRFmm_OR,SHM,71.1722466848862,0.0937093275488069,16
MHun,CMI,31.6931543090624,0.0483333333333333,4
MHun,PAS_wt,31.3449547061602,0.0483333333333333,4
MHun,PAS,29.2564664292112,0.0483333333333333,4
MHun,Tmin_at,28.8745483555604,0.0483333333333333,4
MHun,NFFD_sm,24.4477852636808,0.0483333333333333,4
MHun,DD_0_sp,23.2697092352412,0.0483333333333333,4
MHwh,Tmin_at,55.0956698180213,0.157333333333333,5
MHwh,Tave_wt,42.456656756131,0.157333333333333,5
MHwh,Tmin_wt,39.3232191567292,0.157333333333333,5
MHwh,DD5_wt,38.177253255494,0.157333333333333,5
MHwh,DD_18_wt,31.650953518771,0.157333333333333,5
MHwh,DD_0_at,28.1442581416588,0.157333333333333,5
MHwh1,DD_18_sp,50.5390021923742,0.185,8
MHwh1,NFFD_sm,48.8308978232031,0.185,8
MHwh1,NFFD_sp,47.6121580913552,0.185,8
MHwh1,Tmin_sm,46.1249724892768,0.185,8
MHwh1,DD5_sp,43.6380452859908,0.185,8
MHwh1,Tmin_sp,40.0016058718663,0.185,8
MHwhp,DD_0_sp,66.3384191178372,0.205454545454545,11
MHwhp,Tmin_wt,61.651002930694,0.205454545454545,11
MHwhp,Tmin_at,61.0956915632437,0.205454545454545,11
MHwhp,DD5_wt,58.1272771190212,0.205454545454545,11
MHwhp,DD_18_wt,55.2377229444381,0.205454545454545,11
MHwhp,NFFD_sm,54.8630158695927,0.205454545454545,11
MMMdk_NV,PPT_JAS,129.349067510567,0.105064247921391,18
MMMdk_NV,Tmin_wt,117.51089230362,0.105064247921391,18
MMMdk_NV,TmaxJuly,104.006419134234,0.105064247921391,18
MMMdk_NV,Tmax_wt,100.0433811355,0.105064247921391,18
MMMdk_NV,CMD.total,97.3525632960775,0.105064247921391,18
MMMdk_NV,EXT,93.1143069203799,0.105064247921391,18
MSabN,Tmin_wt,69.9529213651731,0.121666666666667,8
MSabN,PAS_wt,47.5344803872339,0.121666666666667,8
MSabN,DD5_sp,42.9535026069613,0.121666666666667,8
MSabN,PAS,41.2226258227374,0.121666666666667,8
MSabN,Tave_wt,40.178911964127,0.121666666666667,8
MSabN,DD_18_wt,39.4008092560844,0.121666666666667,8
MSabS,Tmin_wt,99.2479011315063,0.115238095238095,14
MSabS,DD5_sp,95.2159767787174,0.115238095238095,14
MSabS,PAS_wt,94.3005199491766,0.115238095238095,14
MSabS,PAS,79.5506789187916,0.115238095238095,14
MSabS,Eref_sm,65.3299348082785,0.115238095238095,14
MSabS,DD_18_wt,65.1698824367074,0.115238095238095,14
MSdc1,Tmax_wt,61.5347798880021,0.271111111111111,9
MSdc1,DD_18_wt,51.514571129073,0.271111111111111,9
MSdc1,DD5_wt,51.2725864988691,0.271111111111111,9
MSdc1,CMI,50.4352249417082,0.271111111111111,9
MSdc1,Tmin_wt,47.3830034760888,0.271111111111111,9
MSdc1,Tave_wt,46.3069619122523,0.271111111111111,9
MSdc2,Tmin_at,65.4512385998575,0.155333333333333,10
MSdc2,DD5_wt,65.1850307016979,0.155333333333333,10
MSdc2,DD_0_at,60.6900448639738,0.155333333333333,10
MSdc2,Tave_wt,60.4143947961682,0.155333333333333,10
MSdc2,DD_18_wt,55.3096453430044,0.155333333333333,10
MSdc2,Tmin,54.2199579318065,0.155333333333333,10
MSdc3,CMI,78.4021321594184,0.164761904761905,7
MSdc3,PAS_wt,56.8900330837617,0.164761904761905,7
MSdc3,CMD.total,42.0336423145872,0.164761904761905,7
MSdc3,PAS,41.4185377441296,0.164761904761905,7
MSdc3,AHM,35.7563072398401,0.164761904761905,7
MSdc3,Tmin_wt,33.4263128619655,0.164761904761905,7
MSdh_MT,Tmin_wt,174.093230353096,0.145313482910463,32
MSdh_MT,PAS_wt,172.464969146444,0.145313482910463,32
MSdh_MT,Tmin_sp,162.165908721873,0.145313482910463,32
MSdh_MT,PAS,151.95272603794,0.145313482910463,32
MSdh_MT,CMD.total,148.422351281357,0.145313482910463,32
MSdh_MT,PPT_JAS,145.738493720563,0.145313482910463,32
MSdh_UT,PPT_JAS,224.192435066223,0.142808510638298,41
MSdh_UT,PPT_MJ,223.417924153235,0.142808510638298,41
MSdh_UT,PAS_wt,223.207481160487,0.142808510638298,41
MSdh_UT,Tmax_wt,201.502226292479,0.142808510638298,41
MSdh_UT,Tmin_wt,193.75533267401,0.142808510638298,41
MSdh_UT,Eref,176.749237388232,0.142808510638298,41
MSdh_WY,PPT_MJ,258.731923615193,0.153425062879124,46
MSdh_WY,Tmin_wt,254.670307799049,0.153425062879124,46
MSdh_WY,PAS_wt,249.578348763038,0.153425062879124,46
MSdh_WY,PPT_JAS,235.833715737185,0.153425062879124,46
MSdh_WY,CMD.total,226.066524496238,0.153425062879124,46
MSdh_WY,Tmax_wt,202.526558256706,0.153425062879124,46
MSdk,Tmin_wt,99.7535378735105,0.232307692307692,13
MSdk,DD_18_wt,80.7365250875541,0.232307692307692,13
MSdk,DD5_wt,70.8990002349087,0.232307692307692,13
MSdk,Tave_wt,69.7707898725058,0.232307692307692,13
MSdk,PPT_MJ,68.4940287937243,0.232307692307692,13
MSdk,Eref_sp,67.5317294981241,0.232307692307692,13
MSdk_CO,PPT_JAS,85.5664493170003,0.127587867116033,16
MSdk_CO,PAS_wt,78.736118382025,0.127587867116033,16
MSdk_CO,PPT_MJ,75.1020214466783,0.127587867116033,16
MSdk_CO,SHM,72.0036730799489,0.127587867116033,16
MSdk_CO,PAS,69.832757357627,0.127587867116033,16
MSdk_CO,EXT,68.6724244580788,0.127587867116033,16
MSdm_WA,PAS_wt,219.168948774679,0.140680648990898,34
MSdm_WA,PPT_MJ,210.774420196604,0.140680648990898,34
MSdm_WA,Tmin_wt,176.469821435259,0.140680648990898,34
MSdm_WA,SHM,172.195198136024,0.140680648990898,34
MSdm_WA,PPT_JAS,166.704396876364,0.140680648990898,34
MSdm_WA,PAS,152.872345569654,0.140680648990898,34
MSdm1,PAS_wt,52.001144971594,0.204166666666667,8
MSdm1,CMD.total,48.8001948237042,0.204166666666667,8
MSdm1,CMI,44.7321764657926,0.204166666666667,8
MSdm1,AHM,43.0779495994576,0.204166666666667,8
MSdm1,PAS,42.8758824102825,0.204166666666667,8
MSdm1,PAS_sp,40.7700314817648,0.204166666666667,8
MSdm2,PAS_wt,114.992548643966,0.176666666666667,16
MSdm2,CMI,108.957195335854,0.176666666666667,16
MSdm2,PAS,93.0265704487051,0.176666666666667,16
MSdm2,PAS_sp,91.2482790976775,0.176666666666667,16
MSdm2,Tmin_wt,83.2617444061336,0.176666666666667,16
MSdm2,PPT_MJ,80.84368879304,0.176666666666667,16
MSdm3,PPT_JAS,92.3774805821334,0.221025641025641,13
MSdm3,PPT_MJ,83.8088462366134,0.221025641025641,13
MSdm3,CMI,67.8480757609619,0.221025641025641,13
MSdm3,PAS_wt,67.4132493275263,0.221025641025641,13
MSdm3,AHM,62.361782165105,0.221025641025641,13
MSdm3,CMD.total,57.0110156031993,0.221025641025641,13
MSdv,Tmin_at,34.4108199667868,0.123333333333333,6
MSdv,Eref,34.3639091391639,0.123333333333333,6
MSdv,PAS_sp,33.8052773749825,0.123333333333333,6
MSdv,Tmax_wt,29.7752642407458,0.123333333333333,6
MSdv,DD_0_at,28.8496712446145,0.123333333333333,6
MSdv,DD5_wt,27.9059125652177,0.123333333333333,6
MSdw,Tmin_wt,125.520831141885,0.229047619047619,14
MSdw,DD_18_wt,84.6866923154497,0.229047619047619,14
MSdw,Tave_wt,83.9351839018042,0.229047619047619,14
MSdw,PAS_wt,75.2412604915838,0.229047619047619,14
MSdw,Eref,69.7138703413873,0.229047619047619,14
MSdw,Eref_sp,68.9383778937876,0.229047619047619,14
MSdw_MT,Tmin_wt,264.814539747501,0.153383214053351,41
MSdw_MT,PPT_MJ,234.218144509134,0.153383214053351,41
MSdw_MT,PAS_wt,231.544467600864,0.153383214053351,41
MSdw_MT,Tave_wt,206.422711611357,0.153383214053351,41
MSdw_MT,PPT_JAS,204.722788601195,0.153383214053351,41
MSdw_MT,DD_18_wt,202.027497277228,0.153383214053351,41
MSmm_ID,PAS_wt,203.724649009076,0.147895335608646,36
MSmm_ID,Tmin_wt,202.021054254168,0.147895335608646,36
MSmm_ID,Tmax_wt,195.66608651843,0.147895335608646,36
MSmm_ID,PPT_MJ,187.831552577252,0.147895335608646,36
MSmm_ID,PPT_JAS,181.533078590759,0.147895335608646,36
MSmm_ID,DD5_sp,153.752785258594,0.147895335608646,36
MSxh_OR,CMD.total,132.96877549561,0.127527723418134,21
MSxh_OR,PAS_wt,113.796963845417,0.127527723418134,21
MSxh_OR,AHM,101.236095302674,0.127527723418134,21
MSxh_OR,PPT_JAS,99.014181968585,0.127527723418134,21
MSxh_OR,Tmax_wt,91.666874412417,0.127527723418134,21
MSxh_OR,PAS,88.0895301406889,0.127527723418134,21
MSxk_WA,PPT_MJ,197.612112704052,0.122899884925201,29
MSxk_WA,PAS_wt,181.330077640207,0.122899884925201,29
MSxk_WA,Tmin_wt,171.166180904291,0.122899884925201,29
MSxk_WA,PPT_JAS,158.812426558636,0.122899884925201,29
MSxk_WA,Tmax_wt,135.835364617145,0.122899884925201,29
MSxk_WA,Eref_sm,133.702349039389,0.122899884925201,29
MSxk1,PPT_JAS,44.4243900071136,0.1575,8
MSxk1,CMI,43.2612224482398,0.1575,8
MSxk1,Tmax_sp,42.6223631534512,0.1575,8
MSxk1,Tave_wt,41.0450278239945,0.1575,8
MSxk1,CMDMax,39.1259170490128,0.1575,8
MSxk1,CMD.total,36.4504767034803,0.1575,8
MSxk2,CMI,61.1537762923207,0.170212765957447,11
MSxk2,Tmin_wt,59.8494411519189,0.170212765957447,11
MSxk2,PAS,58.7329280048301,0.170212765957447,11
MSxk2,PAS_sp,58.1440636007552,0.170212765957447,11
MSxk2,PPT_MJ,55.3392803163337,0.170212765957447,11
MSxk2,Tave_wt,55.0920694586513,0.170212765957447,11
MSxk3,Tmin_wt,108.817911197272,0.152526215443279,14
MSxk3,Tmin,80.1316041979262,0.152526215443279,14
MSxk3,CMI,80.0504461705086,0.152526215443279,14
MSxk3,PAS_wt,78.7748574145358,0.152526215443279,14
MSxk3,DD_18_sp,67.8729639614671,0.152526215443279,14
MSxk3,DD_18_wt,64.7403685601262,0.152526215443279,14
MSxm_CO,PPT_MJ,159.547866759492,0.142271212509613,27
MSxm_CO,PAS_wt,146.727612551144,0.142271212509613,27
MSxm_CO,Tmin_wt,142.731963228099,0.142271212509613,27
MSxm_CO,Eref_sp,141.941984122203,0.142271212509613,27
MSxm_CO,Eref,135.831202676613,0.142271212509613,27
MSxm_CO,EXT,132.871425123978,0.142271212509613,27
MSxv,Tmax_wt,133.285302330039,0.164333333333333,20
MSxv,PPT_JAS,117.932440718033,0.164333333333333,20
MSxv,Tmin_wt,111.397058594379,0.164333333333333,20
MSxv,Tmin,99.9229239164622,0.164333333333333,20
MSxv,PAS,97.6862705988171,0.164333333333333,20
MSxv,PAS_wt,96.2263825135298,0.164333333333333,20
MSxx_NV,Tmin_wt,171.54663145089,0.121261115602264,25
MSxx_NV,PAS_wt,143.06077570769,0.121261115602264,25
MSxx_NV,PPT_JAS,140.174285698912,0.121261115602264,25
MSxx_NV,EXT,128.129279215776,0.121261115602264,25
MSxx_NV,TmaxJuly,121.192419693164,0.121261115602264,25
MSxx_NV,Tmax_wt,119.903512979919,0.121261115602264,25
OWdm_OR,CMD.total,84.4101124909382,0.106759317751105,12
OWdm_OR,AHM,83.0035203188384,0.106759317751105,12
OWdm_OR,PAS_sp,67.4226982636625,0.106759317751105,12
OWdm_OR,PAS,64.5247453203552,0.106759317751105,12
OWdm_OR,CMI,64.1926962432596,0.106759317751105,12
OWdm_OR,PAS_wt,55.3102039279014,0.106759317751105,12
OWmm_OR,NFFD_sp,36.2110356918142,0.0472175379426644,4
OWmm_OR,Tmin_sp,26.8398804952914,0.0472175379426644,4
OWmm_OR,PAS_sp,26.3900513432763,0.0472175379426644,4
OWmm_OR,CMD,22.5188443930725,0.0472175379426644,4
OWmm_OR,CMD.total,22.1249533066184,0.0472175379426644,4
OWmm_OR,CMI,17.459375093327,0.0472175379426644,4
PPmx_WY,Tmax_sp,32.345009130964,0.128260869565217,8
PPmx_WY,Tmax_sm,31.9417245121174,0.128260869565217,8
PPmx_WY,DD5_sp,27.3354861333641,0.128260869565217,8
PPmx_WY,EXT,26.8307998938119,0.128260869565217,8
PPmx_WY,Tmin_sm,25.8058994758265,0.128260869565217,8
PPmx_WY,Eref_sm,24.0898188293608,0.128260869565217,8
PPxh_CO,PPT_JAS,105.464629758417,0.106210098665119,15
PPxh_CO,SHM,92.2429848716249,0.106210098665119,15
PPxh_CO,CMDMax,53.7176727663835,0.106210098665119,15
PPxh_CO,Eref_sp,51.9102556860946,0.106210098665119,15
PPxh_CO,PAS,51.8231817496039,0.106210098665119,15
PPxh_CO,Tmin_wt,50.0159706250564,0.106210098665119,15
PPxh_WA,PPT_JAS,182.426708123746,0.10408211983767,28
PPxh_WA,PPT_MJ,154.542243770138,0.10408211983767,28
PPxh_WA,Tmin_wt,145.665896411595,0.10408211983767,28
PPxh_WA,SHM,141.941136353779,0.10408211983767,28
PPxh_WA,Eref_sm,140.08951807013,0.10408211983767,28
PPxh_WA,PAS_wt,137.287171730474,0.10408211983767,28
PPxh1,CMDMax,52.9688911912814,0.0577777777777778,6
PPxh1,CMD.grow,50.2164793386319,0.0577777777777778,6
PPxh1,PPT_JAS,44.8022126245785,0.0577777777777778,6
PPxh1,CMD_sm,34.2440908881872,0.0577777777777778,6
PPxh1,PAS,32.2495317920239,0.0577777777777778,6
PPxh1,CMD,30.6739587292487,0.0577777777777778,6
PPxh2,CMI,65.6020414082204,0.1775,8
PPxh2,PAS_wt,53.8528556340711,0.1775,8
PPxh2,PAS,48.9186057240741,0.1775,8
PPxh2,CMD.total,44.4966125766821,0.1775,8
PPxh2,AHM,43.7703290973927,0.1775,8
PPxh2,CMD_sp,43.0655909402975,0.1775,8
PPxk_OR,AHM,59.7492525225567,0.105940594059406,7
PPxk_OR,CMI,46.7965906878052,0.105940594059406,7
PPxk_OR,PAS_wt,45.2859157044201,0.105940594059406,7
PPxk_OR,Tmin_sm,42.547354469991,0.105940594059406,7
PPxk_OR,PAS,35.6428678692246,0.105940594059406,7
PPxk_OR,CMD.total,33.062266680569,0.105940594059406,7
PPxm_OR,CMD.total,178.319905592821,0.117953362010414,30
PPxm_OR,PAS_wt,161.865183799316,0.117953362010414,30
PPxm_OR,PPT_MJ,146.754780596361,0.117953362010414,30
PPxm_OR,AHM,146.539232744096,0.117953362010414,30
PPxm_OR,CMI,145.116284475311,0.117953362010414,30
PPxm_OR,PPT_JAS,140.01168254342,0.117953362010414,30
PPxw_MT,PAS_wt,145.618176323845,0.141423357664234,24
PPxw_MT,PPT_MJ,137.925515588301,0.141423357664234,24
PPxw_MT,Tmin_wt,123.94253283321,0.141423357664234,24
PPxw_MT,SHM,119.798644412842,0.141423357664234,24
PPxw_MT,PPT_JAS,118.829711736308,0.141423357664234,24
PPxw_MT,DD5_wt,99.2063378305208,0.141423357664234,24
PPxw_WY,PPT_JAS,84.9675701380374,0.132579650565262,16
PPxw_WY,PPT_MJ,84.1785987836198,0.132579650565262,16
PPxw_WY,SHM,77.8054113751225,0.132579650565262,16
PPxw_WY,DD5_sp,63.2702643987597,0.132579650565262,16
PPxw_WY,EXT,61.8669996263778,0.132579650565262,16
PPxw_WY,Tave_wt,57.9316959530101,0.132579650565262,16
PPxx_OR,CMD.total,76.7226195147146,0.071863580998782,11
PPxx_OR,Tmax_wt,67.7584060760407,0.071863580998782,11
PPxx_OR,Tave_wt,65.3949357077716,0.071863580998782,11
PPxx_OR,Tmin_wt,62.9570743992271,0.071863580998782,11
PPxx_OR,DD_18_wt,61.3030324975879,0.071863580998782,11
PPxx_OR,Eref_wt,58.2855240657688,0.071863580998782,11
SASbo,AHM,26.976728836774,0.0757238307349666,3
SASbo,DD18_sm,22.5744253440511,0.0757238307349666,3
SASbo,PAS_wt,17.1611199375301,0.0757238307349666,3
SASbo,Tave_sm,17.067535358473,0.0757238307349666,3
SASbo,NFFD_sm,13.9696466568226,0.0757238307349666,3
SASbo,DD5_sp,12.6610907285766,0.0757238307349666,3
SBAPcp,Tmin_wt,35.8514751045056,0.056,5
SBAPcp,DD_0_at,32.0540183230539,0.056,5
SBAPcp,DD_18_wt,31.5096150217509,0.056,5
SBAPcp,SHM,31.4256144699991,0.056,5
SBAPcp,CMD_sm,28.0678869348678,0.056,5
SBAPcp,AHM,26.4874934442413,0.056,5
SBAPfp,CMD_sm,46.3526742316224,0.0914285714285714,7
SBAPfp,Eref_sm,42.2025899899946,0.0914285714285714,7
SBAPfp,CMD.grow,42.0617555535732,0.0914285714285714,7
SBAPfp,Tmin_sp,39.5690557821337,0.0914285714285714,7
SBAPfp,CMDMax,35.2642894453136,0.0914285714285714,7
SBAPfp,Tmin_wt,32.9386547198945,0.0914285714285714,7
SBPSdc,PPT_MJ,55.8967775066279,0.141481481481482,9
SBPSdc,Tmin_sp,48.5263810525577,0.141481481481482,9
SBPSdc,NFFD_sp,48.0449227101907,0.141481481481482,9
SBPSdc,Tmax_wt,44.1625308238732,0.141481481481482,9
SBPSdc,Tmin,44.0338926859869,0.141481481481482,9
SBPSdc,Eref,43.3045876094976,0.141481481481482,9
SBPSmc,Eref,65.6848462066871,0.139259259259259,9
SBPSmc,Tmax_wt,54.4289515699586,0.139259259259259,9
SBPSmc,PPT_MJ,54.2131465580654,0.139259259259259,9
SBPSmc,CMD.grow,52.6713406025398,0.139259259259259,9
SBPSmc,Tmin_at,43.6570417560512,0.139259259259259,9
SBPSmc,Eref_sm,43.3572489760141,0.139259259259259,9
SBPSmk,PPT_MJ,100.128451100529,0.14047619047619,14
SBPSmk,PPT_JAS,88.3243120060512,0.14047619047619,14
SBPSmk,Tmin_at,66.4640013084817,0.14047619047619,14
SBPSmk,DD_18_wt,66.4338221068713,0.14047619047619,14
SBPSmk,Tmin,65.1851520376942,0.14047619047619,14
SBPSmk,Tave_wt,64.8968807063833,0.14047619047619,14
SBPSxc,PPT_JAS,57.9233030814036,0.128666666666667,10
SBPSxc,Tmin_sp,49.8156267042191,0.128666666666667,10
SBPSxc,PPT_MJ,49.7088877700627,0.128666666666667,10
SBPSxc,Tmin_wt,48.9398435256432,0.128666666666667,10
SBPSxc,PAS_sp,47.8579381364034,0.128666666666667,10
SBPSxc,Tmin,47.5203860817881,0.128666666666667,10
SBSdh1,Tmin_at,56.6075742538967,0.154444444444444,6
SBSdh1,DD5_wt,33.8191628076246,0.154444444444444,6
SBSdh1,Tmin,31.4605612093907,0.154444444444444,6
SBSdh1,DD_18_wt,30.6146414461437,0.154444444444444,6
SBSdh1,Tave_wt,29.5650834223745,0.154444444444444,6
SBSdh1,TmaxJuly,28.9378363461836,0.154444444444444,6
SBSdh2,Tmin_wt,49.1886576800123,0.147651006711409,6
SBSdh2,PAS_wt,45.5512694608599,0.147651006711409,6
SBSdh2,DD5_wt,36.8171074473533,0.147651006711409,6
SBSdh2,DD_18_wt,28.6603447450413,0.147651006711409,6
SBSdh2,Tmin,28.5762870328986,0.147651006711409,6
SBSdh2,Tmin_at,28.4783453851757,0.147651006711409,6
SBSdk,PPT_JAS,91.454517290256,0.129090909090909,11
SBSdk,Tmin_wt,77.215505382068,0.129090909090909,11
SBSdk,Tmax_wt,74.3128667751238,0.129090909090909,11
SBSdk,Tmin,61.5161196608849,0.129090909090909,11
SBSdk,DD_18_wt,61.2472225772046,0.129090909090909,11
SBSdk,PPT_MJ,60.9901672780406,0.129090909090909,11
SBSdw1,Tmin_wt,117.985628740619,0.158888888888889,12
SBSdw1,DD_18_wt,71.6980308584528,0.158888888888889,12
SBSdw1,Tave_wt,64.2836655587643,0.158888888888889,12
SBSdw1,PPT_JAS,59.6859899400523,0.158888888888889,12
SBSdw1,PPT_MJ,59.3122359972232,0.158888888888889,12
SBSdw1,DD5_wt,56.7187215381529,0.158888888888889,12
SBSdw2,PPT_MJ,95.2970091845081,0.155897435897436,13
SBSdw2,PPT_JAS,69.3254402044602,0.155897435897436,13
SBSdw2,CMD.grow,67.9276751967498,0.155897435897436,13
SBSdw2,CMD_sm,62.114263961524,0.155897435897436,13
SBSdw2,PAS_wt,60.7949153830517,0.155897435897436,13
SBSdw2,Tave_wt,59.4171243072007,0.155897435897436,13
SBSdw3,PPT_MJ,59.8951855592066,0.106745737583395,9
SBSdw3,Tmax_wt,52.8221845865796,0.106745737583395,9
SBSdw3,Tave_wt,51.277192853555,0.106745737583395,9
SBSdw3,DD_18_wt,48.4623006188423,0.106745737583395,9
SBSdw3,Tmin,44.9621803228912,0.106745737583395,9
SBSdw3,DD5_wt,44.9240711713989,0.106745737583395,9
SBSmc1,PPT_JAS,64.8852291003901,0.146666666666667,9
SBSmc1,Tmin_wt,62.6315289824031,0.146666666666667,9
SBSmc1,PPT_MJ,47.6421988141753,0.146666666666667,9
SBSmc1,Tmax_sp,41.1272276824763,0.146666666666667,9
SBSmc1,CMD_sm,40.9215788937439,0.146666666666667,9
SBSmc1,SHM,40.5809440132354,0.146666666666667,9
SBSmc2,Tmax_wt,160.039344902057,0.176811594202899,23
SBSmc2,DD5_wt,136.498638237429,0.176811594202899,23
SBSmc2,DD_18_wt,132.675509773452,0.176811594202899,23
SBSmc2,Tave_wt,128.195149872956,0.176811594202899,23
SBSmc2,PAS_wt,118.079861043167,0.176811594202899,23
SBSmc2,CMI,114.939314640546,0.176811594202899,23
SBSmc3,Tmax_wt,54.6989832146468,0.145430286857905,10
SBSmc3,Tmin_at,53.1681247551437,0.145430286857905,10
SBSmc3,Tmin,51.9487983245483,0.145430286857905,10
SBSmc3,Tmin_wt,51.1123078996258,0.145430286857905,10
SBSmc3,PPT_MJ,48.3459639508077,0.145430286857905,10
SBSmc3,Tmin_sp,44.3360188620976,0.145430286857905,10
SBSmh,PPT_JAS,113.048219589829,0.140093395597065,10
SBSmh,PPT_MJ,75.7021835736707,0.140093395597065,10
SBSmh,PAS_wt,64.808278536929,0.140093395597065,10
SBSmh,SHM,59.063207679538,0.140093395597065,10
SBSmh,Tave_wt,55.8194142496766,0.140093395597065,10
SBSmh,DD_18_wt,51.4652271920327,0.140093395597065,10
SBSmk1,PPT_MJ,94.6451593569491,0.123868508813721,14
SBSmk1,Tave_wt,89.1059685630621,0.123868508813721,14
SBSmk1,DD5_wt,87.2118135636268,0.123868508813721,14
SBSmk1,PPT_JAS,82.9191516501767,0.123868508813721,14
SBSmk1,Tmax_wt,75.1252713587286,0.123868508813721,14
SBSmk1,PAS_sp,74.7488107626467,0.123868508813721,14
SBSmk2,CMDMax,59.3173416444796,0.157153446997776,9
SBSmk2,DD_0_at,58.2335747386426,0.157153446997776,9
SBSmk2,PPT_JAS,55.0606666781087,0.157153446997776,9
SBSmk2,PPT_MJ,52.9464552794895,0.157153446997776,9
SBSmk2,Tmin,50.9207086847024,0.157153446997776,9
SBSmk2,Tmin_at,45.1127093444494,0.157153446997776,9
SBSmm,Tmin_wt,110.711051117589,0.192919445869677,13
SBSmm,CMI,80.5214340465708,0.192919445869677,13
SBSmm,PPT_MJ,78.7858716259217,0.192919445869677,13
SBSmm,PPT_JAS,72.8394837384834,0.192919445869677,13
SBSmm,PAS_wt,62.5648163478998,0.192919445869677,13
SBSmm,Tmax_sm,60.6132938708988,0.192919445869677,13
SBSmw,PPT_JAS,92.3108529451341,0.1447631754503,10
SBSmw,PPT_MJ,69.4224657165363,0.1447631754503,10
SBSmw,Tmin_wt,56.9799371559208,0.1447631754503,10
SBSmw,PAS_wt,52.4187672298062,0.1447631754503,10
SBSmw,Tave_sm,49.398818779511,0.1447631754503,10
SBSmw,Tave_wt,47.9492081244714,0.1447631754503,10
SBSun,Tmax_wt,56.6192723967584,0.151851851851852,9
SBSun,PAS_wt,50.0110275438575,0.151851851851852,9
SBSun,PAS_sp,46.9284320610293,0.151851851851852,9
SBSun,PPT_MJ,44.7433969269106,0.151851851851852,9
SBSun,Tmin_at,43.2577767704033,0.151851851851852,9
SBSun,DD_18_wt,42.7251662586795,0.151851851851852,9
SBSvk,Tmin_wt,108.593063232769,0.212820512820513,13
SBSvk,DD_18_wt,103.887051662214,0.212820512820513,13
SBSvk,Tave_wt,89.4668258502776,0.212820512820513,13
SBSvk,Tmax_wt,84.7528094242131,0.212820512820513,13
SBSvk,DD5_wt,83.3858989451576,0.212820512820513,13
SBSvk,Tmin_at,64.6925562008373,0.212820512820513,13
SBSwk1,Tmin_wt,82.8306245113385,0.149432955303536,10
SBSwk1,PPT_JAS,60.490598956209,0.149432955303536,10
SBSwk1,Tave_wt,55.9911464426601,0.149432955303536,10
SBSwk1,DD_18_wt,55.0455642594919,0.149432955303536,10
SBSwk1,DD5_wt,50.7789241992365,0.149432955303536,10
SBSwk1,CMD_sm,42.3305557751294,0.149432955303536,10
SBSwk2,PAS_wt,86.2692776120983,0.160512820512821,13
SBSwk2,PPT_MJ,78.0406645011436,0.160512820512821,13
SBSwk2,CMDMax,74.511772829495,0.160512820512821,13
SBSwk2,Tmin_wt,72.4340920463385,0.160512820512821,13
SBSwk2,PPT_JAS,66.8449934860132,0.160512820512821,13
SBSwk2,Tmin_at,64.9083167506834,0.160512820512821,13
SBSwk3,PPT_JAS,52.0466158627773,0.1412680756396,6
SBSwk3,DD_18_wt,45.2277277826757,0.1412680756396,6
SBSwk3,Tave_wt,38.8231496742938,0.1412680756396,6
SBSwk3,DD5_wt,36.9118211389236,0.1412680756396,6
SBSwk3,PPT_MJ,34.3218771821801,0.1412680756396,6
SBSwk3,Tmin_wt,33.5002548773062,0.1412680756396,6
SBSwk3a,PAS_sp,52.276177648699,0.145833333333333,8
SBSwk3a,Tmax_wt,52.1276708573958,0.145833333333333,8
SBSwk3a,DD_0_sp,45.7723314308954,0.145833333333333,8
SBSwk3a,DD5_wt,45.7103434529252,0.145833333333333,8
SBSwk3a,Tave_wt,42.0703106002764,0.145833333333333,8
SBSwk3a,DD_18_wt,41.7131665287227,0.145833333333333,8
SGPdm_CO,SHM,33.8176588039384,0.0700876095118899,9
SGPdm_CO,CMD_sp,32.0206851774013,0.0700876095118899,9
SGPdm_CO,CMDMax,30.2149636731,0.0700876095118899,9
SGPdm_CO,CMD_sm,27.8488638812273,0.0700876095118899,9
SGPdm_CO,CMD.grow,27.8418154127675,0.0700876095118899,9
SGPdm_CO,Tmin_wt,27.5539785102742,0.0700876095118899,9
SWBmk,PAS_wt,98.6039972364857,0.19921568627451,17
SWBmk,Tmin_wt,95.6506962026225,0.19921568627451,17
SWBmk,DD_18_wt,83.6246016242492,0.19921568627451,17
SWBmk,PPT_MJ,82.6018502188218,0.19921568627451,17
SWBmk,Tmax_sm,79.7170034312697,0.19921568627451,17
SWBmk,Tmax_sp,74.8176359965064,0.19921568627451,17
SWBmks,PAS_wt,63.9134923644481,0.239393939393939,11
SWBmks,Eref,57.0608658811328,0.239393939393939,11
SWBmks,DD_0_at,54.4299692805735,0.239393939393939,11
SWBmks,PPT_JAS,53.8771814681638,0.239393939393939,11
SWBmks,Eref_sm,52.991768393724,0.239393939393939,11
SWBmks,Tmin_wt,52.1760951403728,0.239393939393939,11
SWBun,PAS_wt,69.0236253833009,0.203636363636364,11
SWBun,Tmax_sm,60.0516565350165,0.203636363636364,11
SWBun,Tmin_sm,52.3524514565352,0.203636363636364,11
SWBun,MWMT,51.2233368608084,0.203636363636364,11
SWBun,EXT,47.4437432589589,0.203636363636364,11
SWBun,Tave_sm,46.9385141919057,0.203636363636364,11
SWBvk,DD5_sp,42.4217845546609,0.16,6
SWBvk,Tave_sp,35.9947516844364,0.16,6
SWBvk,Eref,34.4170801960268,0.16,6
SWBvk,CMD_sp,32.3981886609432,0.16,6
SWBvk,Eref_sp,31.1114586329143,0.16,6
SWBvk,DD_18_sp,29.5659098734163,0.16,6
SWBvks,Tmax_sp,42.4819451716625,0.176666666666667,6
SWBvks,DD_18_sp,32.3070580387187,0.176666666666667,6
SWBvks,DD5_sp,30.4772203007649,0.176666666666667,6
SWBvks,CMI,29.9756724852818,0.176666666666667,6
SWBvks,NFFD_sp,28.2934926330617,0.176666666666667,6
SWBvks,DD_0_sp,28.2404365995975,0.176666666666667,6
WJPxm_OR,Tmin_wt,198.192701440369,0.119619123189843,35
WJPxm_OR,CMD.total,194.290153075548,0.119619123189843,35
WJPxm_OR,PPT_MJ,191.341228139012,0.119619123189843,35
WJPxm_OR,PPT_JAS,186.867941834235,0.119619123189843,35
WJPxm_OR,PAS_wt,179.129383693002,0.119619123189843,35
WJPxm_OR,SHM,170.30642820333,0.119619123189843,35
