Focal,Var,Importance,OOB,NumberBGCs
BGdh_OR,PPT_JAS,201.874518427691,0.137271496276236,40
BGdh_OR,Eref_at,190.028432822038,0.137271496276236,40
BGdh_OR,PAS_wt,186.111828875787,0.137271496276236,40
BGdh_OR,PPT_MJ,179.041155817891,0.137271496276236,40
BGdh_OR,SHM,159.646897124996,0.137271496276236,40
BGdh_OR,CMD.total,155.993029718426,0.137271496276236,40
BGdw_OR,PPT_JAS,100.61175052567,0.140330188679245,17
BGdw_OR,PPT_MJ,94.7721479629754,0.140330188679245,17
BGdw_OR,Eref_at,92.4328390600842,0.140330188679245,17
BGdw_OR,Tmax_wt,78.3552344861922,0.140330188679245,17
BGdw_OR,SHM,77.892685910622,0.140330188679245,17
BGdw_OR,PAS_wt,70.6744273244222,0.140330188679245,17
BGdw_WA,PPT_MJ,54.2588388854071,0.0777777777777778,6
BGdw_WA,Eref_at,38.251098744596,0.0777777777777778,6
BGdw_WA,CMI,37.3952241810813,0.0777777777777778,6
BGdw_WA,CMD.total,28.0894875661957,0.0777777777777778,6
BGdw_WA,SHM,27.1687582613181,0.0777777777777778,6
BGdw_WA,DD_0_sp,26.435944662285,0.0777777777777778,6
BGmk_MT,Eref_at,152.527896761368,0.135351513635226,28
BGmk_MT,PPT_JAS,145.13564733637,0.135351513635226,28
BGmk_MT,PPT_MJ,138.759350051569,0.135351513635226,28
BGmk_MT,Tmin_wt,136.862560096833,0.135351513635226,28
BGmk_MT,SHM,130.013873957938,0.135351513635226,28
BGmk_MT,PAS_wt,112.764459069996,0.135351513635226,28
BGmk_NV,Eref_at,193.568890880484,0.139098511115643,33
BGmk_NV,PAS_wt,170.376309805006,0.139098511115643,33
BGmk_NV,PPT_MJ,156.674198811284,0.139098511115643,33
BGmk_NV,PPT_JAS,155.662172132549,0.139098511115643,33
BGmk_NV,CMD.total,135.642824112438,0.139098511115643,33
BGmk_NV,Tmax_wt,124.070753575206,0.139098511115643,33
BGmm_MT,PPT_MJ,117.888531363728,0.144166372929151,22
BGmm_MT,Eref_at,99.2557907835139,0.144166372929151,22
BGmm_MT,SHM,95.3545646642752,0.144166372929151,22
BGmm_MT,PPT_JAS,87.9551687079978,0.144166372929151,22
BGmm_MT,EXT,67.3807878588963,0.144166372929151,22
BGmm_MT,PAS_wt,65.2203059935029,0.144166372929151,22
BGmw_OR,Eref_at,92.7151642778093,0.114,17
BGmw_OR,PAS_wt,82.7015482303904,0.114,17
BGmw_OR,PPT_JAS,81.3953145559439,0.114,17
BGmw_OR,PPT_MJ,74.3366862408555,0.114,17
BGmw_OR,NFFD_sp,70.0485407758488,0.114,17
BGmw_OR,Tmin_wt,66.8692718700704,0.114,17
BGmw_WA,PPT_JAS,74.6942399124433,0.12298195631529,15
BGmw_WA,Eref_at,73.3216403653375,0.12298195631529,15
BGmw_WA,CMD.total,71.2772219692909,0.12298195631529,15
BGmw_WA,PPT_sp,64.8313724252173,0.12298195631529,15
BGmw_WA,SHM,64.4835425467316,0.12298195631529,15
BGmw_WA,PPT_MJ,58.3212900504447,0.12298195631529,15
BGwm_WA,PPT_JAS,59.132811717125,0.107281823235131,12
BGwm_WA,PPT_MJ,57.7398800086357,0.107281823235131,12
BGwm_WA,SHM,57.1191036548559,0.107281823235131,12
BGwm_WA,PPT_sp,56.5767569975314,0.107281823235131,12
BGwm_WA,Tmax_wt,52.9457742567389,0.107281823235131,12
BGwm_WA,DD18_sp,49.0539401179242,0.107281823235131,12
BGxh_WA,Eref_at,165.721681020435,0.107928388746803,28
BGxh_WA,SHM,133.066146541205,0.107928388746803,28
BGxh_WA,PPT_MJ,127.131952239533,0.107928388746803,28
BGxh_WA,Tmax_wt,125.124945378249,0.107928388746803,28
BGxh_WA,PPT_JAS,118.325997442463,0.107928388746803,28
BGxh_WA,MCMT,102.294815072058,0.107928388746803,28
BGxh1,CMD_sm,45.3373650184742,0.0506666666666667,5
BGxh1,CMD,35.4983030633555,0.0506666666666667,5
BGxh1,Eref_at,33.8195714762076,0.0506666666666667,5
BGxh1,PPT_JAS,32.2520492193655,0.0506666666666667,5
BGxh1,CMD.total,32.0900072865278,0.0506666666666667,5
BGxh1,PAS_at,25.741924780732,0.0506666666666667,5
BGxh2,PAS,21.3366018540752,0.131111111111111,3
BGxh2,PAS_at,17.3358649400397,0.131111111111111,3
BGxh2,MWMT,15.1456115696094,0.131111111111111,3
BGxh2,EXT,14.5354560656675,0.131111111111111,3
BGxh2,Tmax_sp,13.8172941452162,0.131111111111111,3
BGxh2,DD18_sm,10.8232667053422,0.131111111111111,3
BGxh3,PAS_wt,37.1736254371382,0.137333333333333,5
BGxh3,CMI,26.6519836446261,0.137333333333333,5
BGxh3,CMD.total,24.7615541270364,0.137333333333333,5
BGxh3,EMT,22.8889294892132,0.137333333333333,5
BGxh3,MCMT,20.4067572329926,0.137333333333333,5
BGxh3,Tmin_wt,17.968404435481,0.137333333333333,5
BGxw1,EXT,22.7672985507464,0.186666666666667,4
BGxw1,TmaxJuly,18.5901983524162,0.186666666666667,4
BGxw1,CMD,18.5183700404897,0.186666666666667,4
BGxw1,PAS_at,18.4233726670932,0.186666666666667,4
BGxw1,CMD.total,18.212449746949,0.186666666666667,4
BGxw1,CMD_sp,18.0469681178769,0.186666666666667,4
BGxw2,EMT,22.3595817848531,0.123333333333333,4
BGxw2,DD_0_sp,22.2644617491989,0.123333333333333,4
BGxw2,Tave_sp,19.557072178464,0.123333333333333,4
BGxw2,bFFP,14.8883344104431,0.123333333333333,4
BGxw2,MCMT,14.3683379080618,0.123333333333333,4
BGxw2,DD_18_sp,14.0165394397431,0.123333333333333,4
BGxx_WY,PPT_JAS,115.215351660652,0.139772727272727,19
BGxx_WY,PPT_MJ,94.2481456596497,0.139772727272727,19
BGxx_WY,SHM,91.7820162109223,0.139772727272727,19
BGxx_WY,Eref_at,82.5435556396773,0.139772727272727,19
BGxx_WY,Tmax_wt,80.0692566583841,0.139772727272727,19
BGxx_WY,DD18_sm,68.1942895268846,0.139772727272727,19
BGxxx_WY,PPT_JAS,89.0047820819246,0.123563218390805,15
BGxxx_WY,PPT_MJ,83.351570944932,0.123563218390805,15
BGxxx_WY,SHM,67.0909811932669,0.123563218390805,15
BGxxx_WY,Eref_at,67.0168542883498,0.123563218390805,15
BGxxx_WY,CMI,61.9295799955775,0.123563218390805,15
BGxxx_WY,CMD.total,58.8986084681183,0.123563218390805,15
BSJPap,PAS_wt,37.1303970320576,0.076,5
BSJPap,CMI,34.5711179733017,0.076,5
BSJPap,DD_0_at,24.4038424873023,0.076,5
BSJPap,CMDMax,24.3329700627005,0.076,5
BSJPap,DD5_wt,22.9260462411177,0.076,5
BSJPap,CMD_sm,22.3955029476184,0.076,5
BSJPku,DD_0_at,32.5038894365142,0.04,5
BSJPku,PPT_MJ,31.7388610448481,0.04,5
BSJPku,DD_18_wt,24.6586126273009,0.04,5
BSJPku,CMI,24.2945982579024,0.04,5
BSJPku,Tmin,23.9670365148324,0.04,5
BSJPku,Tave_at,23.8041531902775,0.04,5
BSJPpa,DD_0_at,29.1441563571032,0.0466666666666667,5
BSJPpa,Tave_at,28.6085913519498,0.0466666666666667,5
BSJPpa,Tmin,28.2600566186109,0.0466666666666667,5
BSJPpa,CMD.grow,24.3916905945973,0.0466666666666667,5
BSJPpa,PAS_wt,23.9483534088339,0.0466666666666667,5
BSJPpa,CMI,23.6690471611252,0.0466666666666667,5
BWBScm,PAS_wt,23.6617454655207,0.0133333333333333,3
BWBScm,Tmin_sm,23.4076634460245,0.0133333333333333,3
BWBScm,DD5_wt,19.9419361161179,0.0133333333333333,3
BWBScm,Tave_sm,18.6813869426448,0.0133333333333333,3
BWBScm,NFFD_sm,14.1226272625802,0.0133333333333333,3
BWBScm,bFFP,13.6533232915619,0.0133333333333333,3
BWBScmC,PPT_JAS,76.2322964056549,0.102564102564103,13
BWBScmC,CMDMax,71.7000939703601,0.102564102564103,13
BWBScmC,PAS_wt,63.9863634429536,0.102564102564103,13
BWBScmC,SHM,55.8475960404081,0.102564102564103,13
BWBScmC,Tave_sm,48.7428319724723,0.102564102564103,13
BWBScmC,DD_0_at,48.2502945097155,0.102564102564103,13
BWBScmE,DD_0_at,49.5235715915149,0.0628571428571429,7
BWBScmE,NFFD_sm,47.1047090112019,0.0628571428571429,7
BWBScmE,PAS_wt,40.5985203749315,0.0628571428571429,7
BWBScmE,EMT,33.791276454862,0.0628571428571429,7
BWBScmE,Tave_at,33.5782484197176,0.0628571428571429,7
BWBScmE,Eref_at,32.8259067795569,0.0628571428571429,7
BWBScmNW,PPT_JAS,37.614479247945,0.0714285714285714,7
BWBScmNW,AHM,35.8086167769744,0.0714285714285714,7
BWBScmNW,CMDMax,34.6368407095451,0.0714285714285714,7
BWBScmNW,PAS_at,31.0741756346942,0.0714285714285714,7
BWBScmNW,CMD_sp,29.8485083950983,0.0714285714285714,7
BWBScmNW,Tmax_sp,27.3485703552868,0.0714285714285714,7
BWBScmW,SHM,29.8108333485523,0.104444444444444,6
BWBScmW,DD_0_at,28.3093847332254,0.104444444444444,6
BWBScmW,PPT_JAS,25.0076475884627,0.104444444444444,6
BWBScmW,DD18_sp,23.4408419981164,0.104444444444444,6
BWBScmW,CMDMax,22.9031386585845,0.104444444444444,6
BWBScmW,EMT,21.054114412432,0.104444444444444,6
BWBSdk,Eref_at,106.620734946913,0.158947368421053,19
BWBSdk,PPT_MJ,91.5962262543589,0.158947368421053,19
BWBSdk,PAS_at,82.2217709576269,0.158947368421053,19
BWBSdk,PAS_wt,72.6321213536313,0.158947368421053,19
BWBSdk,NFFD_sm,65.2826004957726,0.158947368421053,19
BWBSdk,PPT_JAS,65.1937954800915,0.158947368421053,19
BWBSdmN,PPT_JAS,45.2393173265264,0.0942452043369475,8
BWBSdmN,PPT_MJ,42.8486037426052,0.0942452043369475,8
BWBSdmN,DD18_sm,42.6249401710947,0.0942452043369475,8
BWBSdmN,SHM,35.2229750986783,0.0942452043369475,8
BWBSdmN,DD5_sp,34.5627111807148,0.0942452043369475,8
BWBSdmN,DD_0_sp,32.2888228584768,0.0942452043369475,8
BWBSdmS,DD_0,35.1698597062195,0.0914285714285714,7
BWBSdmS,Tmax_wt,32.7759727980059,0.0914285714285714,7
BWBSdmS,PAS_wt,31.6911483520082,0.0914285714285714,7
BWBSdmS,DD_0_sp,29.8396334764143,0.0914285714285714,7
BWBSdmS,Eref_sm,28.5350674731107,0.0914285714285714,7
BWBSdmS,DD_18_wt,28.2232250552168,0.0914285714285714,7
BWBSlbE,PAS_wt,49.3726862926879,0.0493333333333333,5
BWBSlbE,Tave_sm,29.1345831161982,0.0493333333333333,5
BWBSlbE,NFFD_sm,28.9040494369133,0.0493333333333333,5
BWBSlbE,PPT_JAS,27.1679226484596,0.0493333333333333,5
BWBSlbE,Tmin_sm,22.7148749888404,0.0493333333333333,5
BWBSlbE,DD18_sm,22.4878092553501,0.0493333333333333,5
BWBSlbN,Tmin_at,40.5506743401829,0.0566666666666667,6
BWBSlbN,DD_0_sp,30.0246884332374,0.0566666666666667,6
BWBSlbN,AHM,28.4066551617767,0.0566666666666667,6
BWBSlbN,Tave_at,27.2724724666914,0.0566666666666667,6
BWBSlbN,PAS,26.3331826454616,0.0566666666666667,6
BWBSlbN,DD_0_at,26.2924248366237,0.0566666666666667,6
BWBSlbW,CMDMax,35.4017427848164,0.0657142857142857,7
BWBSlbW,DD5_sp,34.2401425700423,0.0657142857142857,7
BWBSlbW,Tmin_at,32.8388598361393,0.0657142857142857,7
BWBSlbW,DD18_sp,31.4692586375335,0.0657142857142857,7
BWBSlbW,DD_0_at,30.8190347802799,0.0657142857142857,7
BWBSlbW,DD_0_sp,29.2616862318304,0.0657142857142857,7
BWBSlf,Eref_at,75.2375513797831,0.11,12
BWBSlf,DD_0_at,64.2845119750368,0.11,12
BWBSlf,CMDMax,62.5869580251073,0.11,12
BWBSlf,PPT_MJ,51.2424191506458,0.11,12
BWBSlf,DD18_sp,44.2346754966548,0.11,12
BWBSlf,Tmin_at,43.8332066142977,0.11,12
BWBSmk,NFFD_sm,58.506894511852,0.0983879933296276,12
BWBSmk,PPT_MJ,57.9337875922877,0.0983879933296276,12
BWBSmk,CMD_sm,54.0979147540575,0.0983879933296276,12
BWBSmk,Tmin_sm,52.1338583550739,0.0983879933296276,12
BWBSmk,Tave_wt,51.6360013420311,0.0983879933296276,12
BWBSmk,DD18_sm,51.1566415298314,0.0983879933296276,12
BWBSmw,PAS_at,59.1419135381265,0.0957575757575758,11
BWBSmw,DD5_sp,52.3487784236787,0.0957575757575758,11
BWBSmw,Tave_sm,48.9465231246214,0.0957575757575758,11
BWBSmw,PAS_wt,48.5677380495005,0.0957575757575758,11
BWBSmw,DD18_sp,44.7657331875611,0.0957575757575758,11
BWBSmw,MWMT,43.2104349206168,0.0957575757575758,11
BWBSnm,PAS_wt,65.9270957978946,0.0691666666666667,8
BWBSnm,Tave_at,46.2332668688366,0.0691666666666667,8
BWBSnm,Tave_sm,36.2764041961083,0.0691666666666667,8
BWBSnm,Tmin_wt,32.8845876313518,0.0691666666666667,8
BWBSnm,AHM,32.7821962232928,0.0691666666666667,8
BWBSnm,PAS,31.0228884831276,0.0691666666666667,8
BWBSpp,CMD,32.5674636660081,0.0577777777777778,3
BWBSpp,CMD_sp,15.4005790926714,0.0577777777777778,3
BWBSpp,CMDMax,14.4854923040753,0.0577777777777778,3
BWBSpp,SHM,14.2023111467683,0.0577777777777778,3
BWBSpp,PPT_sp,13.9593737421153,0.0577777777777778,3
BWBSpp,CMD.grow,13.3264180617588,0.0577777777777778,3
BWBSub,PPT_JAS,31.9290811934478,0.05,4
BWBSub,PAS_at,25.7317360353572,0.05,4
BWBSub,DD_0_at,22.012058757746,0.05,4
BWBSub,Tave_sm,16.2993968473886,0.05,4
BWBSub,CMD_sp,16.1407894649099,0.05,4
BWBSub,MWMT,15.8279306690199,0.05,4
BWBSuf,Eref_at,98.765676372566,0.121818181818182,11
BWBSuf,Tmin_at,52.6775962531845,0.121818181818182,11
BWBSuf,CMDMax,46.8200197808856,0.121818181818182,11
BWBSuf,CMD_sp,45.5401652999638,0.121818181818182,11
BWBSuf,DD18_sm,43.8085833119304,0.121818181818182,11
BWBSuf,PPT_MJ,42.2671189771997,0.121818181818182,11
BWBSvk,DD5_sp,25.9837384299427,0.128333333333333,4
BWBSvk,PPT_sp,23.6046440403038,0.128333333333333,4
BWBSvk,CMI,23.1822105647436,0.128333333333333,4
BWBSvk,PPT_JAS,21.4545601479351,0.128333333333333,4
BWBSvk,PPT_MJ,20.4267418721363,0.128333333333333,4
BWBSvk,DD_18_sp,18.2097433422699,0.128333333333333,4
BWBSwk1,PAS_wt,53.9727993626957,0.124761904761905,7
BWBSwk1,PAS_at,47.0342399415143,0.124761904761905,7
BWBSwk1,CMD_sp,30.9751654676214,0.124761904761905,7
BWBSwk1,PAS,29.1759291398081,0.124761904761905,7
BWBSwk1,CMD.grow,28.7801003548809,0.124761904761905,7
BWBSwk1,CMD_sm,28.7560142254134,0.124761904761905,7
BWBSwk2,DD18_sp,36.5277846616737,0.0966666666666667,6
BWBSwk2,DD5_sp,32.2633745119694,0.0966666666666667,6
BWBSwk2,DD5_wt,30.4068146488699,0.0966666666666667,6
BWBSwk2,Tave_sm,28.9099144710339,0.0966666666666667,6
BWBSwk2,PAS_wt,26.276754576096,0.0966666666666667,6
BWBSwk2,DD18_sm,25.5669121914263,0.0966666666666667,6
BWBSwk3,DD18_sm,19.4036270042416,0.0688888888888889,3
BWBSwk3,Tmin_sm,19.2811784207936,0.0688888888888889,3
BWBSwk3,NFFD_sm,19.0425142549817,0.0688888888888889,3
BWBSwk3,AHM,17.7332071241908,0.0688888888888889,3
BWBSwk3,PAS,16.1988278047426,0.0688888888888889,3
BWBSwk3,Tave_sm,14.8875619478579,0.0688888888888889,3
CDFmm,AHM,35.1288452665384,0.0616666666666667,4
CDFmm,CMI,27.6992749958289,0.0616666666666667,4
CDFmm,Eref_wt,27.2866634573971,0.0616666666666667,4
CDFmm,Eref_at,25.3758420664673,0.0616666666666667,4
CDFmm,PPT_sp,24.8466365136199,0.0616666666666667,4
CDFmm,Eref,24.2398668824435,0.0616666666666667,4
CDFmm_OR,Eref_wt,66.573784564465,0.0854383358098068,9
CDFmm_OR,Tmax_wt,62.1409712338202,0.0854383358098068,9
CDFmm_OR,Eref_at,54.7940845202528,0.0854383358098068,9
CDFmm_OR,MCMT,53.7870372331341,0.0854383358098068,9
CDFmm_OR,DD_0_wt,52.4907584810283,0.0854383358098068,9
CDFmm_OR,DD5_wt,46.4656632073696,0.0854383358098068,9
CDFmm_WA,Eref_wt,28.4225615938324,0.0618729096989967,4
CDFmm_WA,Tave_at,23.8950617442765,0.0618729096989967,4
CDFmm_WA,PAS,21.3990932182138,0.0618729096989967,4
CDFmm_WA,Eref,19.9353109257488,0.0618729096989967,4
CDFmm_WA,PAS_sp,18.0190107779508,0.0618729096989967,4
CDFmm_WA,AHM,14.7649330836158,0.0618729096989967,4
CDFxm_CA,AHM,93.3100623081132,0.134606427573358,16
CDFxm_CA,CMI,71.6917390857038,0.134606427573358,16
CDFxm_CA,CMD.total,70.7890693761647,0.134606427573358,16
CDFxm_CA,PPT_sp,58.3343676685745,0.134606427573358,16
CDFxm_CA,Tmin_sm,57.4682052446648,0.134606427573358,16
CDFxm_CA,DD_0_wt,54.0290668211689,0.134606427573358,16
CMAun,MCMT,91.3926227250596,0.229824561403509,19
CMAun,EMT,81.0270861883254,0.229824561403509,19
CMAun,Tmin_wt,78.4365874282144,0.229824561403509,19
CMAun,PAS_at,71.5154042063479,0.229824561403509,19
CMAun,PPT_JAS,69.4108854028108,0.229824561403509,19
CMAun,PAS_sp,69.1355655438336,0.229824561403509,19
CMAwh,DD_18_wt,25.086595108978,0.0911111111111111,3
CMAwh,EMT,24.6433850622858,0.0911111111111111,3
CMAwh,MCMT,24.5701106755402,0.0911111111111111,3
CMAwh,Tmin_wt,20.7470624973869,0.0911111111111111,3
CMAwh,DD_0_wt,19.7813360860076,0.0911111111111111,3
CMAwh,Tave_wt,17.9158279966999,0.0911111111111111,3
CMXdm_OR,CMI,127.04748758326,0.116035856573705,30
CMXdm_OR,PPT_sp,121.447224534598,0.116035856573705,30
CMXdm_OR,CMD.total,119.321971013715,0.116035856573705,30
CMXdm_OR,Eref_at,117.413161359287,0.116035856573705,30
CMXdm_OR,AHM,117.344073352173,0.116035856573705,30
CMXdm_OR,PAS_sp,109.825932172304,0.116035856573705,30
CMXmm_OR,Eref_wt,75.1280206104988,0.112456747404844,18
CMXmm_OR,MWMT,59.3647059551547,0.112456747404844,18
CMXmm_OR,DD18_sm,57.0915337600162,0.112456747404844,18
CMXmm_OR,EXT,56.5162944218548,0.112456747404844,18
CMXmm_OR,MCMT,55.2709627261679,0.112456747404844,18
CMXmm_OR,DD_0_wt,54.9973853834262,0.112456747404844,18
CMXwm_OR,DD_0_sp,53.8408647389947,0.109961894393032,13
CMXwm_OR,Tmin_sm,51.6416980903777,0.109961894393032,13
CMXwm_OR,Tave_sp,48.8319161957261,0.109961894393032,13
CMXwm_OR,DD_18_sp,48.7642791087343,0.109961894393032,13
CMXwm_OR,MWMT,45.3743366943113,0.109961894393032,13
CMXwm_OR,CMI,45.2580602918673,0.109961894393032,13
CMXxm_CA,DD18_sm,36.957620425494,0.126063418406806,12
CMXxm_CA,Tmin_sm,35.2856376918115,0.126063418406806,12
CMXxm_CA,MWMT,35.0190770375228,0.126063418406806,12
CMXxm_CA,PAS,34.9621533334504,0.126063418406806,12
CMXxm_CA,DD_0,34.634236613885,0.126063418406806,12
CMXxm_CA,PAS_wt,34.3386156063891,0.126063418406806,12
CRFdh_CA,DD18_sm,42.3521559687462,0.0710955710955711,7
CRFdh_CA,MWMT,42.1585403628461,0.0710955710955711,7
CRFdh_CA,Tave_sm,29.7962941271482,0.0710955710955711,7
CRFdh_CA,DD_0,28.3469964316252,0.0710955710955711,7
CRFdh_CA,DD5_wt,26.4299416936608,0.0710955710955711,7
CRFdh_CA,DD18_sp,26.1063699506585,0.0710955710955711,7
CVGdm_CA,PPT_sp,26.2139396659387,0.0355648535564854,7
CVGdm_CA,DD_0_wt,23.2145922215552,0.0355648535564854,7
CVGdm_CA,Tave_wt,22.3319113495923,0.0355648535564854,7
CVGdm_CA,DD_18_wt,20.3258970751021,0.0355648535564854,7
CVGdm_CA,DD5_wt,18.4880207050041,0.0355648535564854,7
CVGdm_CA,AHM,18.2642161135383,0.0355648535564854,7
CWFdm_OR,CMI,136.822459770643,0.115052436767428,24
CWFdm_OR,AHM,107.587378250539,0.115052436767428,24
CWFdm_OR,PPT_sp,94.8710517841888,0.115052436767428,24
CWFdm_OR,Eref_wt,85.9113584275877,0.115052436767428,24
CWFdm_OR,Tmin_sm,84.3514612234856,0.115052436767428,24
CWFdm_OR,Eref_at,83.6390194081167,0.115052436767428,24
CWFds_CA,CMI,102.203260898245,0.130192878338279,20
CWFds_CA,AHM,96.2923578610638,0.130192878338279,20
CWFds_CA,PPT_sp,73.8994450552893,0.130192878338279,20
CWFds_CA,CMD_sp,73.2913277163351,0.130192878338279,20
CWFds_CA,Tmin_sm,73.1239499699507,0.130192878338279,20
CWFds_CA,CMD.total,72.2533172479127,0.130192878338279,20
CWFmm_OR,SHM,71.3554198025181,0.141240380262562,15
CWFmm_OR,CMI,70.7846447660343,0.141240380262562,15
CWFmm_OR,CMD.total,65.9841479374654,0.141240380262562,15
CWFmm_OR,PPT_MJ,65.2292582581118,0.141240380262562,15
CWFmm_OR,Tmin_at,61.8891567248854,0.141240380262562,15
CWFmm_OR,AHM,58.7204407130696,0.141240380262562,15
CWFwm_OR,AHM,55.5786142754002,0.128110111169931,13
CWFwm_OR,PAS_sp,51.2350633051894,0.128110111169931,13
CWFwm_OR,Tmin_wt,51.0030291975122,0.128110111169931,13
CWFwm_OR,CMI,50.8812013106975,0.128110111169931,13
CWFwm_OR,PPT_sp,50.454310654979,0.128110111169931,13
CWFwm_OR,Eref_at,48.9345319181922,0.128110111169931,13
CWHdm,Eref_at,44.928474286894,0.195833333333333,8
CWHdm,CMI,36.3698614141639,0.195833333333333,8
CWHdm,MCMT,33.0362942531441,0.195833333333333,8
CWHdm,AHM,32.151037300058,0.195833333333333,8
CWHdm,EMT,30.8260863872194,0.195833333333333,8
CWHdm,CMD.grow,28.9021584737163,0.195833333333333,8
CWHdm_OC,Eref_wt,91.9778126292969,0.108371854134566,13
CWHdm_OC,Eref_at,79.0492784658786,0.108371854134566,13
CWHdm_OC,EXT,59.5238915943095,0.108371854134566,13
CWHdm_OC,CMDMax,53.5009272352214,0.108371854134566,13
CWHdm_OC,DD_0,46.2882840780601,0.108371854134566,13
CWHdm_OC,TmaxJuly,45.5453711070426,0.108371854134566,13
CWHdm_OR,CMDMax,99.8894069480484,0.129307715767002,22
CWHdm_OR,Eref_wt,95.3792385865,0.129307715767002,22
CWHdm_OR,Eref_at,87.8285780314276,0.129307715767002,22
CWHdm_OR,SHM,78.853631835597,0.129307715767002,22
CWHdm_OR,CMI,77.5858591663876,0.129307715767002,22
CWHdm_OR,CMD.total,76.9851588766903,0.129307715767002,22
CWHdm_WA,Eref_wt,114.455847134533,0.123174603174603,21
CWHdm_WA,Eref_at,108.890914204987,0.123174603174603,21
CWHdm_WA,CMDMax,89.9554714515106,0.123174603174603,21
CWHdm_WA,CMI,83.9456224587719,0.123174603174603,21
CWHdm_WA,AHM,83.2839652458008,0.123174603174603,21
CWHdm_WA,PPT_sp,81.5344101264033,0.123174603174603,21
CWHdm_WC,Eref_wt,61.2424445062265,0.120666666666667,10
CWHdm_WC,Eref_at,58.3176292295308,0.120666666666667,10
CWHdm_WC,bFFP,44.7719258579481,0.120666666666667,10
CWHdm_WC,EXT,41.1388504453524,0.120666666666667,10
CWHdm_WC,CMDMax,40.7878583000911,0.120666666666667,10
CWHdm_WC,Eref_sm,34.1013720754112,0.120666666666667,10
CWHds_WA,Tmax_wt,82.3654821616518,0.112388724035608,18
CWHds_WA,PAS_sp,73.2756610434625,0.112388724035608,18
CWHds_WA,CMDMax,70.146139696604,0.112388724035608,18
CWHds_WA,Eref_at,69.5438607411442,0.112388724035608,18
CWHds_WA,PPT_MJ,69.278813244623,0.112388724035608,18
CWHds_WA,PPT_JAS,68.8188064955951,0.112388724035608,18
CWHds1,CMI,69.6359643148315,0.194871794871795,13
CWHds1,PPT_JAS,59.1400299132024,0.194871794871795,13
CWHds1,CMD_sp,55.4418157683466,0.194871794871795,13
CWHds1,AHM,54.0395485335178,0.194871794871795,13
CWHds1,PPT_sp,53.4854551746725,0.194871794871795,13
CWHds1,PAS_wt,48.0780051590378,0.194871794871795,13
CWHds2,MCMT,50.2263238193467,0.146666666666667,9
CWHds2,CMDMax,48.0430359627972,0.146666666666667,9
CWHds2,PPT_JAS,45.628382709782,0.146666666666667,9
CWHds2,CMI,36.3592672932907,0.146666666666667,9
CWHds2,DD_18_wt,35.4760024625236,0.146666666666667,9
CWHds2,DD_0_wt,34.6785666123691,0.146666666666667,9
CWHmh_OR,Eref_wt,54.4929774135601,0.0655412115193644,7
CWHmh_OR,EXT,45.3202285023256,0.0655412115193644,7
CWHmh_OR,Tmax_wt,37.5064457207032,0.0655412115193644,7
CWHmh_OR,Eref_at,36.7827435887137,0.0655412115193644,7
CWHmh_OR,MCMT,33.093156439153,0.0655412115193644,7
CWHmh_OR,DD_18_wt,30.2540945118236,0.0655412115193644,7
CWHmm1,CMDMax,32.296437552379,0.290322580645161,6
CWHmm1,DD5_sp,30.6140610877199,0.290322580645161,6
CWHmm1,DD_0_sp,29.8594105352057,0.290322580645161,6
CWHmm1,DD_18_sp,29.6608331942545,0.290322580645161,6
CWHmm1,SHM,27.4173719538643,0.290322580645161,6
CWHmm1,DD18_sp,27.2001729076831,0.290322580645161,6
CWHmm2,Tave_sp,44.3374849478102,0.25,6
CWHmm2,DD_18_sp,29.5739804035215,0.25,6
CWHmm2,DD5_sp,27.4683932816327,0.25,6
CWHmm2,CMDMax,25.102921709954,0.25,6
CWHmm2,DD18_sp,23.8902269874749,0.25,6
CWHmm2,DD_0_sp,22.6828757172446,0.25,6
CWHms_OR,CMDMax,85.4641922035524,0.129803921568627,17
CWHms_OR,Eref_at,79.1256872922184,0.129803921568627,17
CWHms_OR,PPT_MJ,78.8378988570055,0.129803921568627,17
CWHms_OR,CMD_sm,74.2092537680459,0.129803921568627,17
CWHms_OR,Tmax_wt,72.2527023782642,0.129803921568627,17
CWHms_OR,SHM,68.7737929077323,0.129803921568627,17
CWHms_WA,PPT_MJ,106.408671058166,0.125098039215686,17
CWHms_WA,SHM,81.4104993836382,0.125098039215686,17
CWHms_WA,CMD.grow,78.2252374598545,0.125098039215686,17
CWHms_WA,CMD,73.510718014119,0.125098039215686,17
CWHms_WA,CMD.total,69.2047408374419,0.125098039215686,17
CWHms_WA,PPT_JAS,67.2625672969598,0.125098039215686,17
CWHms1,Eref_at,134.889028946166,0.196363636363636,22
CWHms1,CMDMax,99.18189798656,0.196363636363636,22
CWHms1,PPT_JAS,83.4883161380263,0.196363636363636,22
CWHms1,Eref_sm,83.2497734624869,0.196363636363636,22
CWHms1,EMT,82.9217381318091,0.196363636363636,22
CWHms1,CMI,80.6237137331041,0.196363636363636,22
CWHms2,CMDMax,26.9688741417202,0.148,5
CWHms2,CMD.grow,26.3892630866819,0.148,5
CWHms2,PPT_sp,24.8074565314709,0.148,5
CWHms2,EMT,22.9817347789733,0.148,5
CWHms2,DD_0_wt,21.0129678835445,0.148,5
CWHms2,DD_18_sp,20.4837029659754,0.148,5
CWHvh_WA,Eref_wt,44.7162412919679,0.0946666666666667,5
CWHvh_WA,bFFP,37.370011542539,0.0946666666666667,5
CWHvh_WA,Eref_sm,28.0283069857413,0.0946666666666667,5
CWHvh_WA,Eref_at,27.6731600466507,0.0946666666666667,5
CWHvh_WA,FFP,25.3241509243425,0.0946666666666667,5
CWHvh_WA,EXT,23.2267236476037,0.0946666666666667,5
CWHvh1,DD_18_sp,18.6961899170837,0.162583518930958,3
CWHvh1,Tave_wt,16.6216137158663,0.162583518930958,3
CWHvh1,MCMT,13.7234947062,0.162583518930958,3
CWHvh1,DD5_sp,13.617825738264,0.162583518930958,3
CWHvh1,Tave_sp,12.7516074284654,0.162583518930958,3
CWHvh1,Tmax_sp,10.1744156275974,0.162583518930958,3
CWHvh2,Tave_sp,48.1083430541242,0.19,8
CWHvh2,Eref_at,44.9037154526179,0.19,8
CWHvh2,Eref_sm,42.0968802955792,0.19,8
CWHvh2,DD_18_sp,41.5842028399636,0.19,8
CWHvh2,NFFD_sp,40.1415633450171,0.19,8
CWHvh2,NFFD_sm,35.7404161560754,0.19,8
CWHvh3,Tmin,24.6989386237668,0.156,5
CWHvh3,eFFP,23.2007204040796,0.156,5
CWHvh3,SHM,22.7893386677822,0.156,5
CWHvh3,Tmin_wt,22.7301005599947,0.156,5
CWHvh3,MCMT,21.9738043310969,0.156,5
CWHvh3,Tmin_sp,20.5059895423772,0.156,5
CWHvm_OR,CMDMax,106.089021515162,0.115657620041754,16
CWHvm_OR,Eref_at,76.326645775357,0.115657620041754,16
CWHvm_OR,CMD.total,70.7499838807769,0.115657620041754,16
CWHvm_OR,CMD.grow,67.4779492634701,0.115657620041754,16
CWHvm_OR,CMD_sm,63.288206538605,0.115657620041754,16
CWHvm_OR,CMI,62.0649642243024,0.115657620041754,16
CWHvm_WA,MCMT,121.476187125488,0.133092525701584,24
CWHvm_WA,CMDMax,121.065432379866,0.133092525701584,24
CWHvm_WA,Eref_at,108.884476907062,0.133092525701584,24
CWHvm_WA,Tmax_wt,94.4096855381691,0.133092525701584,24
CWHvm_WA,DD_18_wt,88.9584556165275,0.133092525701584,24
CWHvm_WA,CMI,87.6289687595813,0.133092525701584,24
CWHvm1,Eref_at,142.132143591928,0.229411764705882,17
CWHvm1,Eref_sm,79.6474993197233,0.229411764705882,17
CWHvm1,MCMT,66.7803472779772,0.229411764705882,17
CWHvm1,Eref,65.5750909285518,0.229411764705882,17
CWHvm1,NFFD_sm,60.6162226043788,0.229411764705882,17
CWHvm1,EXT,59.7947754409848,0.229411764705882,17
CWHvm2,Eref_at,204.123678579003,0.235151515151515,22
CWHvm2,Eref_sm,102.32757959234,0.235151515151515,22
CWHvm2,Eref,90.909333649211,0.235151515151515,22
CWHvm2,Tmin_sm,82.3719689806645,0.235151515151515,22
CWHvm2,NFFD_sm,81.2970380443745,0.235151515151515,22
CWHvm2,DD5_sp,78.0097733491499,0.235151515151515,22
CWHwh_OR,Eref_wt,83.935919763344,0.0828877005347594,10
CWHwh_OR,Eref_at,58.291901527327,0.0828877005347594,10
CWHwh_OR,EXT,56.6588111849246,0.0828877005347594,10
CWHwh_OR,Tave_wt,46.1885107036166,0.0828877005347594,10
CWHwh_OR,TmaxJuly,42.9891194737847,0.0828877005347594,10
CWHwh_OR,MCMT,42.9135783172869,0.0828877005347594,10
CWHwh_WA,Eref_wt,88.675496649852,0.100133511348465,10
CWHwh_WA,Eref_at,74.7322297542505,0.100133511348465,10
CWHwh_WA,CMDMax,51.6581140827833,0.100133511348465,10
CWHwh_WA,bFFP,48.9114913239903,0.100133511348465,10
CWHwh_WA,Eref,41.9660348752847,0.100133511348465,10
CWHwh_WA,MCMT,41.0552869130516,0.100133511348465,10
CWHwh1,CMD.grow,15.5903407135842,0.138084632516704,3
CWHwh1,eFFP,14.3866535253214,0.138084632516704,3
CWHwh1,SHM,12.9578538463354,0.138084632516704,3
CWHwh1,CMD_sm,12.7615877653035,0.138084632516704,3
CWHwh1,CMD.total,12.7299424205139,0.138084632516704,3
CWHwh1,CMDMax,11.8136423302991,0.138084632516704,3
CWHwh2,MCMT,27.3300788185673,0.185333333333333,5
CWHwh2,DD_0_wt,26.3287029476186,0.185333333333333,5
CWHwh2,DD_0,25.196887593397,0.185333333333333,5
CWHwh2,PAS_at,24.8229560368891,0.185333333333333,5
CWHwh2,DD_18_wt,24.2334315243184,0.185333333333333,5
CWHwh2,EMT,23.9897313706553,0.185333333333333,5
CWHwm,Eref_at,77.0023542955047,0.191904761904762,14
CWHwm,Eref_sm,75.4681766282155,0.191904761904762,14
CWHwm,Tmax_wt,55.8257392526107,0.191904761904762,14
CWHwm,EMT,54.1122677165517,0.191904761904762,14
CWHwm,DD_0_wt,52.9079902166952,0.191904761904762,14
CWHwm,MCMT,52.3776969656685,0.191904761904762,14
CWHws1,Eref_at,41.5484005152064,0.142222222222222,6
CWHws1,PPT_sp,41.1980621563333,0.142222222222222,6
CWHws1,PAS_sp,33.9543920715144,0.142222222222222,6
CWHws1,AHM,25.1941282140242,0.142222222222222,6
CWHws1,PPT_MJ,23.41179434743,0.142222222222222,6
CWHws1,CMI,21.8130433042813,0.142222222222222,6
CWHws2,Eref_at,119.734479960746,0.198947368421053,19
CWHws2,PAS_wt,82.7681556417584,0.198947368421053,19
CWHws2,Tmax_wt,78.8879397085918,0.198947368421053,19
CWHws2,CMI,77.5189848288535,0.198947368421053,19
CWHws2,MCMT,74.129680746754,0.198947368421053,19
CWHws2,PPT_JAS,73.6050697369411,0.198947368421053,19
CWHxm_OR,Eref_wt,60.5786493379302,0.104204753199269,11
CWHxm_OR,Eref_at,56.9410821629189,0.104204753199269,11
CWHxm_OR,CMDMax,55.1942805070994,0.104204753199269,11
CWHxm_OR,PPT_sp,44.2388541657989,0.104204753199269,11
CWHxm_OR,MCMT,43.9479203556803,0.104204753199269,11
CWHxm_OR,CMD_sm,42.7133582198732,0.104204753199269,11
CWHxm_WA,Eref_wt,77.2308922965941,0.102261048304214,13
CWHxm_WA,Eref_at,61.5382407892245,0.102261048304214,13
CWHxm_WA,PAS_sp,60.431312329811,0.102261048304214,13
CWHxm_WA,PPT_sp,57.7833296532829,0.102261048304214,13
CWHxm_WA,CMDMax,57.0871322338326,0.102261048304214,13
CWHxm_WA,SHM,52.7177235271906,0.102261048304214,13
CWHxm1,Eref_wt,38.1909641128283,0.128,5
CWHxm1,Eref_at,37.2393577012661,0.128,5
CWHxm1,AHM,36.5374930827191,0.128,5
CWHxm1,PPT_MJ,30.913874595118,0.128,5
CWHxm1,CMI,27.677168139429,0.128,5
CWHxm1,CMDMax,21.7168658320795,0.128,5
CWHxm2,AHM,36.7485048470023,0.24,7
CWHxm2,CMD_sm,36.5399898243724,0.24,7
CWHxm2,CMD.total,35.5089035018027,0.24,7
CWHxm2,CMD,31.4930983944994,0.24,7
CWHxm2,PPT_JAS,30.1459940246345,0.24,7
CWHxm2,DD18_sp,29.7773304626445,0.24,7
ESSFabC,Eref_at,97.6946313911243,0.278039215686275,17
ESSFabC,PAS_wt,87.1955211697828,0.278039215686275,17
ESSFabC,Eref_sm,80.0706938187514,0.278039215686275,17
ESSFabC,Tmin_wt,75.8506216072232,0.278039215686275,17
ESSFabC,EMT,74.265063562538,0.278039215686275,17
ESSFabC,PAS,62.5161632160196,0.278039215686275,17
ESSFabE,CMDMax,30.6220166583228,0.12,5
ESSFabE,DD_18_sp,28.1809698943978,0.12,5
ESSFabE,Tave_sp,25.5088557489249,0.12,5
ESSFabE,DD5_sp,23.2409166798426,0.12,5
ESSFabE,Eref_sm,21.3447226620701,0.12,5
ESSFabE,DD18_sp,20.3372066787939,0.12,5
ESSFabN,Eref_at,101.425240214772,0.255833333333333,16
ESSFabN,PAS_wt,90.4727090287304,0.255833333333333,16
ESSFabN,Tmin_wt,72.868016037862,0.255833333333333,16
ESSFabN,EMT,70.6774864643639,0.255833333333333,16
ESSFabN,PAS_at,63.402027877859,0.255833333333333,16
ESSFabN,PAS,60.2446983208904,0.255833333333333,16
ESSFabS,Tmin_wt,70.8322285689076,0.200512820512821,13
ESSFabS,PAS_wt,70.6263671318383,0.200512820512821,13
ESSFabS,EMT,61.6520602974117,0.200512820512821,13
ESSFabS,PAS_at,54.4044481371889,0.200512820512821,13
ESSFabS,Eref_sm,53.6855878778883,0.200512820512821,13
ESSFabS,PAS,53.6239670742783,0.200512820512821,13
ESSFdc1,CMI,73.5381394683559,0.178,10
ESSFdc1,PAS_wt,56.9866220049699,0.178,10
ESSFdc1,AHM,49.1864478574503,0.178,10
ESSFdc1,PAS,41.4922520053704,0.178,10
ESSFdc1,PAS_at,40.822331891679,0.178,10
ESSFdc1,CMD.total,39.3505138037763,0.178,10
ESSFdc2,PAS_wt,82.4418923141353,0.166666666666667,16
ESSFdc2,CMDMax,71.1125437863361,0.166666666666667,16
ESSFdc2,PAS,69.626694373409,0.166666666666667,16
ESSFdc2,PPT_JAS,68.8217236930847,0.166666666666667,16
ESSFdc2,CMI,67.7337474185226,0.166666666666667,16
ESSFdc2,AHM,60.1892373386381,0.166666666666667,16
ESSFdc3,PAS_wt,79.4735018892918,0.197142857142857,14
ESSFdc3,CMI,78.9442472362622,0.197142857142857,14
ESSFdc3,PPT_MJ,70.3760796041262,0.197142857142857,14
ESSFdc3,PAS_at,68.0427337928797,0.197142857142857,14
ESSFdc3,AHM,67.5725296638157,0.197142857142857,14
ESSFdc3,PPT_JAS,64.9603282855163,0.197142857142857,14
ESSFdcp,MCMT,33.2391265018963,0.219047619047619,7
ESSFdcp,Tave_wt,31.0344120908201,0.219047619047619,7
ESSFdcp,PAS_at,28.2614247458672,0.219047619047619,7
ESSFdcp,Tmax_wt,27.0637573939126,0.219047619047619,7
ESSFdcp,DD_0_wt,26.1000086603251,0.219047619047619,7
ESSFdcp,DD5_wt,25.6833134374442,0.219047619047619,7
ESSFdcw,CMDMax,81.1077586067966,0.182380952380952,14
ESSFdcw,PAS_wt,63.417374683968,0.182380952380952,14
ESSFdcw,PAS,60.5468162354321,0.182380952380952,14
ESSFdcw,PAS_at,58.1224036575541,0.182380952380952,14
ESSFdcw,MCMT,55.884807370935,0.182380952380952,14
ESSFdcw,DD_18_wt,52.8067118274727,0.182380952380952,14
ESSFdh_WA,PPT_sp,88.1517063479437,0.114509803921569,17
ESSFdh_WA,CMI,84.9597378358562,0.114509803921569,17
ESSFdh_WA,CMD.total,73.0028753903834,0.114509803921569,17
ESSFdh_WA,PAS_wt,72.3217955467323,0.114509803921569,17
ESSFdh_WA,PAS,69.0776036212854,0.114509803921569,17
ESSFdh_WA,PPT_JAS,68.7533145756425,0.114509803921569,17
ESSFdh1,PPT_JAS,59.9168817160721,0.117333333333333,10
ESSFdh1,Eref_at,52.9368588064142,0.117333333333333,10
ESSFdh1,CMDMax,52.1120540826012,0.117333333333333,10
ESSFdh1,PAS_wt,47.8865094300462,0.117333333333333,10
ESSFdh1,CMD_sm,41.5119320797829,0.117333333333333,10
ESSFdh1,Tmax,40.3957494003092,0.117333333333333,10
ESSFdh2,MCMT,58.3652849175437,0.211666666666667,12
ESSFdh2,CMI,55.6664052764123,0.211666666666667,12
ESSFdh2,Tmax_wt,49.2421516898769,0.211666666666667,12
ESSFdh2,PPT_JAS,46.9750345560201,0.211666666666667,12
ESSFdh2,PPT_sp,46.8710304196839,0.211666666666667,12
ESSFdh2,DD_0_wt,46.5224806327451,0.211666666666667,12
ESSFdk_MT,Tmin_wt,89.5012730618011,0.128,20
ESSFdk_MT,PAS_at,89.018623184868,0.128,20
ESSFdk_MT,Eref_sm,88.0965664021444,0.128,20
ESSFdk_MT,EMT,86.3177897100154,0.128,20
ESSFdk_MT,Tmin_sp,76.1472308911202,0.128,20
ESSFdk_MT,Eref_at,71.8957350429896,0.128,20
ESSFdk1,Tmin_wt,123.877317672193,0.252631578947368,19
ESSFdk1,EMT,103.894269880624,0.252631578947368,19
ESSFdk1,MCMT,82.2318759150481,0.252631578947368,19
ESSFdk1,PAS_wt,81.6573878479989,0.252631578947368,19
ESSFdk1,Eref_sm,75.9442411871099,0.252631578947368,19
ESSFdk1,Eref,69.5700086026727,0.252631578947368,19
ESSFdk2,Tmin_wt,95.7825282107043,0.277083333333333,16
ESSFdk2,MCMT,82.3797880406504,0.277083333333333,16
ESSFdk2,EMT,76.238859426921,0.277083333333333,16
ESSFdk2,PAS_wt,72.1113813578068,0.277083333333333,16
ESSFdk2,Tmax_sp,71.3022523139681,0.277083333333333,16
ESSFdk2,Eref_at,68.1707710717303,0.277083333333333,16
ESSFdkp,EMT,81.4600035037636,0.286153846153846,13
ESSFdkp,Tmin_wt,75.2380857093772,0.286153846153846,13
ESSFdkp,PAS_wt,69.3445024747588,0.286153846153846,13
ESSFdkp,Eref_sm,67.4330199597003,0.286153846153846,13
ESSFdkp,TmaxJuly,55.7607909518727,0.286153846153846,13
ESSFdkp,Eref_at,46.7067391076962,0.286153846153846,13
ESSFdkw,Eref_sm,96.4878574451611,0.278245614035088,19
ESSFdkw,EMT,94.6887484619356,0.278245614035088,19
ESSFdkw,Tmin_wt,93.9177952425817,0.278245614035088,19
ESSFdkw,PAS_wt,86.1044758156009,0.278245614035088,19
ESSFdkw,TmaxJuly,80.6787304952836,0.278245614035088,19
ESSFdkw,PAS_at,79.6097410702607,0.278245614035088,19
ESSFdm_ID,Eref_at,149.362154578929,0.137146960268071,28
ESSFdm_ID,PPT_MJ,135.135688305921,0.137146960268071,28
ESSFdm_ID,Tmax_wt,124.005267634788,0.137146960268071,28
ESSFdm_ID,Tmin_wt,122.182675698579,0.137146960268071,28
ESSFdm_ID,PAS_wt,112.732343662875,0.137146960268071,28
ESSFdm_ID,Tmax_sm,111.530379051654,0.137146960268071,28
ESSFdv1,MCMT,38.6639979607937,0.242105263157895,7
ESSFdv1,Tave_wt,34.0287880682799,0.242105263157895,7
ESSFdv1,DD_18_wt,32.2035739649794,0.242105263157895,7
ESSFdv1,Tmax_wt,31.5519274297772,0.242105263157895,7
ESSFdv1,DD_0_wt,31.3560467658967,0.242105263157895,7
ESSFdv1,EMT,25.843210662788,0.242105263157895,7
ESSFdv2,PAS_wt,58.109414358905,0.215757575757576,11
ESSFdv2,CMI,58.0777421505324,0.215757575757576,11
ESSFdv2,PAS_at,50.4535705590577,0.215757575757576,11
ESSFdv2,Eref_sp,46.8769998964163,0.215757575757576,11
ESSFdv2,EMT,45.9041822837048,0.215757575757576,11
ESSFdv2,Tmin_wt,45.0379671807267,0.215757575757576,11
ESSFdvp,PAS_wt,67.2740042224193,0.248444444444444,15
ESSFdvp,Eref_at,66.7500272500798,0.248444444444444,15
ESSFdvp,EMT,66.7198434937731,0.248444444444444,15
ESSFdvp,PAS_at,66.513874432065,0.248444444444444,15
ESSFdvp,MCMT,62.0204755864021,0.248444444444444,15
ESSFdvp,Tmax_wt,61.2483233662927,0.248444444444444,15
ESSFdvw,DD_0_wt,75.601037304952,0.268333333333333,16
ESSFdvw,PAS_wt,71.5327509654498,0.268333333333333,16
ESSFdvw,CMI,70.1967307499377,0.268333333333333,16
ESSFdvw,MCMT,69.1095698333821,0.268333333333333,16
ESSFdvw,PPT_JAS,66.4904421049029,0.268333333333333,16
ESSFdvw,Tmax_wt,65.0622409790909,0.268333333333333,16
ESSFdw_ID,Eref_at,89.1964377611767,0.106316725978648,15
ESSFdw_ID,PAS_wt,75.9259063969701,0.106316725978648,15
ESSFdw_ID,PAS,66.4214643412687,0.106316725978648,15
ESSFdw_ID,CMD_sp,63.6346263202362,0.106316725978648,15
ESSFdw_ID,PPT_MJ,61.210795953774,0.106316725978648,15
ESSFdw_ID,PAS_at,60.390294790995,0.106316725978648,15
ESSFmc,Eref_at,114.512837245518,0.202424242424242,22
ESSFmc,Tmax_wt,103.947010427627,0.202424242424242,22
ESSFmc,CMDMax,89.3928155619722,0.202424242424242,22
ESSFmc,Tmin_sp,83.9115213601849,0.202424242424242,22
ESSFmc,Tave_wt,78.6569921083907,0.202424242424242,22
ESSFmc,CMI,71.3971163910173,0.202424242424242,22
ESSFmcp,CMDMax,71.1398133352933,0.233846153846154,13
ESSFmcp,Eref_at,60.4607259143467,0.233846153846154,13
ESSFmcp,EMT,50.1286796000287,0.233846153846154,13
ESSFmcp,Tmax_wt,49.6991414180043,0.233846153846154,13
ESSFmcp,MCMT,49.038469659134,0.233846153846154,13
ESSFmcp,Eref,47.3716610397475,0.233846153846154,13
ESSFmcw,CMDMax,80.6894295361522,0.247111111111111,15
ESSFmcw,Eref_at,74.7683297878886,0.247111111111111,15
ESSFmcw,Tmin_wt,59.022910871774,0.247111111111111,15
ESSFmcw,Tmax_sp,58.4110897816531,0.247111111111111,15
ESSFmcw,MCMT,57.3008458811876,0.247111111111111,15
ESSFmcw,Eref,54.4927179196942,0.247111111111111,15
ESSFmh,PAS_wt,55.8849962086993,0.223703703703704,9
ESSFmh,CMI,47.5818958538228,0.223703703703704,9
ESSFmh,AHM,46.3222009839596,0.223703703703704,9
ESSFmh,PPT_JAS,41.1383924459295,0.223703703703704,9
ESSFmh,CMD.total,40.0150868190785,0.223703703703704,9
ESSFmh,PAS_at,39.9815955420545,0.223703703703704,9
ESSFmk,PAS_wt,48.6531780629445,0.192666666666667,10
ESSFmk,bFFP,42.3890550819692,0.192666666666667,10
ESSFmk,CMI,41.7268235937578,0.192666666666667,10
ESSFmk,Tmin,40.1273301496676,0.192666666666667,10
ESSFmk,PAS,36.9305852252068,0.192666666666667,10
ESSFmk,FFP,36.8348695254343,0.192666666666667,10
ESSFmkp,PAS_wt,46.5146999016657,0.235757575757576,11
ESSFmkp,CMDMax,41.6559407385038,0.235757575757576,11
ESSFmkp,Eref_at,41.164695546627,0.235757575757576,11
ESSFmkp,Tmin_sp,41.1600623735468,0.235757575757576,11
ESSFmkp,Eref,41.0607996958451,0.235757575757576,11
ESSFmkp,CMI,38.0702733142164,0.235757575757576,11
ESSFmkw,PAS_wt,50.5087477755902,0.213333333333333,11
ESSFmkw,CMDMax,50.1728892615832,0.213333333333333,11
ESSFmkw,PAS_at,44.9677129929493,0.213333333333333,11
ESSFmkw,Eref_sm,43.3797197142221,0.213333333333333,11
ESSFmkw,CMI,41.3617637568917,0.213333333333333,11
ESSFmkw,Tmin_sp,41.2876287633507,0.213333333333333,11
ESSFmm1,PAS_wt,136.629211336702,0.249333333333333,20
ESSFmm1,EMT,109.04451707326,0.249333333333333,20
ESSFmm1,Tmin_wt,101.856198752379,0.249333333333333,20
ESSFmm1,MCMT,92.6159427643791,0.249333333333333,20
ESSFmm1,Tmin_at,83.6488004545946,0.249333333333333,20
ESSFmm1,Eref_at,78.9582642983464,0.249333333333333,20
ESSFmm2,EMT,69.628242115684,0.236363636363636,11
ESSFmm2,Tmin_wt,67.28266609766,0.236363636363636,11
ESSFmm2,PAS_wt,61.6077161974491,0.236363636363636,11
ESSFmm2,MCMT,57.1178334153471,0.236363636363636,11
ESSFmm2,Eref,40.5497586171705,0.236363636363636,11
ESSFmm2,Eref_sm,40.2279275481984,0.236363636363636,11
ESSFmm3,PAS_wt,87.4590449395728,0.281428571428571,14
ESSFmm3,Tmin_wt,81.5247681736707,0.281428571428571,14
ESSFmm3,EMT,66.0379835008247,0.281428571428571,14
ESSFmm3,PAS_at,58.481166023903,0.281428571428571,14
ESSFmm3,MCMT,57.971969782131,0.281428571428571,14
ESSFmm3,Eref,55.651369709948,0.281428571428571,14
ESSFmmp,PAS_wt,110.708674835946,0.320416666666667,16
ESSFmmp,Eref_at,102.939283527418,0.320416666666667,16
ESSFmmp,Tmin_wt,88.8069711667582,0.320416666666667,16
ESSFmmp,EMT,77.2753473646166,0.320416666666667,16
ESSFmmp,PAS_at,66.562236061923,0.320416666666667,16
ESSFmmp,PAS,59.2694465019096,0.320416666666667,16
ESSFmmw,PAS_wt,114.670244810166,0.320740740740741,18
ESSFmmw,EMT,84.266902249243,0.320740740740741,18
ESSFmmw,Tmin_wt,84.1647689906268,0.320740740740741,18
ESSFmmw,PAS_at,79.7977030028383,0.320740740740741,18
ESSFmmw,Eref_sm,74.7894694247825,0.320740740740741,18
ESSFmmw,Eref_at,72.9405414488862,0.320740740740741,18
ESSFmv1,Tave_sp,40.1910679041313,0.0522222222222222,6
ESSFmv1,Tmin,38.8202951047665,0.0522222222222222,6
ESSFmv1,Eref,38.6013949698589,0.0522222222222222,6
ESSFmv1,TmaxJuly,32.3548632361672,0.0522222222222222,6
ESSFmv1,DD_0_sp,26.0146197401237,0.0522222222222222,6
ESSFmv1,DD_18_sp,25.7265208923636,0.0522222222222222,6
ESSFmv2,PAS_wt,64.8897963671758,0.172121212121212,11
ESSFmv2,Eref_at,64.6216768894509,0.172121212121212,11
ESSFmv2,PAS_at,56.3487566017547,0.172121212121212,11
ESSFmv2,PPT_MJ,47.3341413676695,0.172121212121212,11
ESSFmv2,Tave_sm,45.5738506508314,0.172121212121212,11
ESSFmv2,Tmax_sm,41.24259541317,0.172121212121212,11
ESSFmv3,PPT_JAS,71.8273718275604,0.1979991663193,16
ESSFmv3,Tmin_wt,69.3595673138135,0.1979991663193,16
ESSFmv3,DD_18_wt,64.539549505838,0.1979991663193,16
ESSFmv3,DD_0_wt,62.9971475212613,0.1979991663193,16
ESSFmv3,Tave_wt,62.1695613291519,0.1979991663193,16
ESSFmv3,DD5_wt,60.6981545457571,0.1979991663193,16
ESSFmv4,PAS_wt,60.5762286605054,0.197619047619048,14
ESSFmv4,DD18_sm,59.4907982029355,0.197619047619048,14
ESSFmv4,Eref,54.8750989035625,0.197619047619048,14
ESSFmv4,DD18_sp,53.4274155309722,0.197619047619048,14
ESSFmv4,DD5_sp,53.325346261138,0.197619047619048,14
ESSFmv4,NFFD_sm,52.5559678181148,0.197619047619048,14
ESSFmvp,Eref,50.570709702046,0.191794871794872,13
ESSFmvp,DD5_sp,49.6630410292364,0.191794871794872,13
ESSFmvp,Eref_at,49.5837214122999,0.191794871794872,13
ESSFmvp,Tmin_wt,49.4702933817031,0.191794871794872,13
ESSFmvp,NFFD_sm,46.8994466933777,0.191794871794872,13
ESSFmvp,PAS_wt,44.724683751777,0.191794871794872,13
ESSFmw,Eref_at,108.770083676441,0.217037037037037,18
ESSFmw,PPT_JAS,92.8517120503152,0.217037037037037,18
ESSFmw,CMI,68.7840589737657,0.217037037037037,18
ESSFmw,Tmax_wt,68.3201273628398,0.217037037037037,18
ESSFmw,Tave_wt,65.3135280802344,0.217037037037037,18
ESSFmw,Tmin_wt,62.5351115468557,0.217037037037037,18
ESSFmw_WA,AHM,112.207866642749,0.134706373504036,24
ESSFmw_WA,PAS,106.840058956528,0.134706373504036,24
ESSFmw_WA,CMDMax,103.993562601204,0.134706373504036,24
ESSFmw_WA,PAS_wt,98.6766901076228,0.134706373504036,24
ESSFmw_WA,PAS_sp,96.5590262936515,0.134706373504036,24
ESSFmw_WA,CMI,93.6773704484813,0.134706373504036,24
ESSFmw1,CMDMax,73.2304465112802,0.202380952380952,14
ESSFmw1,PPT_JAS,69.9721048935128,0.202380952380952,14
ESSFmw1,DD5_sp,52.2712449782829,0.202380952380952,14
ESSFmw1,CMI,52.2444709479061,0.202380952380952,14
ESSFmw1,PAS_at,51.933363570115,0.202380952380952,14
ESSFmw1,PAS_wt,50.7350819072125,0.202380952380952,14
ESSFmw2,PPT_JAS,64.2993274823203,0.331904761904762,14
ESSFmw2,CMI,57.9265204429911,0.331904761904762,14
ESSFmw2,PPT_MJ,52.9800019621746,0.331904761904762,14
ESSFmw2,TmaxJuly,48.7567638573496,0.331904761904762,14
ESSFmw2,DD_18_sp,48.4182521258922,0.331904761904762,14
ESSFmw2,Tmax_sm,48.1192442373683,0.331904761904762,14
ESSFmwp,PPT_JAS,114.289047262643,0.268666666666667,20
ESSFmwp,Eref_at,113.38870283141,0.268666666666667,20
ESSFmwp,Tmax_wt,82.0305470601998,0.268666666666667,20
ESSFmwp,EMT,81.2880574653285,0.268666666666667,20
ESSFmwp,PAS_at,79.7896556849787,0.268666666666667,20
ESSFmwp,MCMT,74.9648901383785,0.268666666666667,20
ESSFmww,CMDMax,83.852539064198,0.260416666666667,16
ESSFmww,PPT_JAS,76.7620596823678,0.260416666666667,16
ESSFmww,Eref_at,72.0092131113779,0.260416666666667,16
ESSFmww,MCMT,64.0624303571311,0.260416666666667,16
ESSFmww,CMD_sm,62.5507670474257,0.260416666666667,16
ESSFmww,Tmax_wt,61.4279732753441,0.260416666666667,16
ESSFun,PAS_wt,77.0995584964357,0.241200444609115,18
ESSFun,Tmax_sm,77.0592396984166,0.241200444609115,18
ESSFun,Eref_sm,75.7540008918066,0.241200444609115,18
ESSFun,PAS_at,74.6839880176299,0.241200444609115,18
ESSFun,PPT_sp,73.4888233380071,0.241200444609115,18
ESSFun,CMI,71.5877707355403,0.241200444609115,18
ESSFvc,Tmax_sm,47.0432890324771,0.313333333333333,10
ESSFvc,PAS_wt,42.4608719145087,0.313333333333333,10
ESSFvc,Tmin_wt,41.4493880797849,0.313333333333333,10
ESSFvc,Eref,37.6111369601336,0.313333333333333,10
ESSFvc,MCMT,37.0221197289986,0.313333333333333,10
ESSFvc,DD5_sp,36.041763960404,0.313333333333333,10
ESSFvcp,PAS_wt,49.6761995942566,0.302857142857143,7
ESSFvcp,Eref_sm,26.7794705159991,0.302857142857143,7
ESSFvcp,EMT,25.4470933370144,0.302857142857143,7
ESSFvcp,EXT,25.0910003839005,0.302857142857143,7
ESSFvcp,Tmin,25.009563535718,0.302857142857143,7
ESSFvcp,Tmin_sp,24.9877648184612,0.302857142857143,7
ESSFvcw,PAS_wt,55.3601496611874,0.31,10
ESSFvcw,Eref_sm,41.9400742808173,0.31,10
ESSFvcw,CMI,40.6281861538844,0.31,10
ESSFvcw,Eref,37.8362724449874,0.31,10
ESSFvcw,EMT,37.6905137537896,0.31,10
ESSFvcw,PAS_at,36.8482148447127,0.31,10
ESSFwc2,PAS_wt,138.657378919181,0.267826086956522,23
ESSFwc2,PAS_at,103.631437807887,0.267826086956522,23
ESSFwc2,PAS,92.8692564361848,0.267826086956522,23
ESSFwc2,Tmin_wt,91.6255773178785,0.267826086956522,23
ESSFwc2,Tmax_wt,86.4805829009915,0.267826086956522,23
ESSFwc2,PPT_JAS,84.4284967034542,0.267826086956522,23
ESSFwc3,Tmin_wt,87.5286950535268,0.218222222222222,15
ESSFwc3,PAS_wt,80.2104419331581,0.218222222222222,15
ESSFwc3,EMT,75.7239172243189,0.218222222222222,15
ESSFwc3,Tmin_sm,65.0196815877103,0.218222222222222,15
ESSFwc3,MCMT,61.7195686512728,0.218222222222222,15
ESSFwc3,Eref_at,57.2893574081087,0.218222222222222,15
ESSFwc4,PAS_wt,66.9779371915825,0.231666666666667,16
ESSFwc4,CMI,65.3099907684198,0.231666666666667,16
ESSFwc4,Tmax_sp,63.1845273542318,0.231666666666667,16
ESSFwc4,DD_0_wt,60.1879666489434,0.231666666666667,16
ESSFwc4,DD5_wt,57.7922080263972,0.231666666666667,16
ESSFwc4,DD_18_sp,56.4797141701895,0.231666666666667,16
ESSFwcp,Eref_at,134.443058259939,0.267222222222222,24
ESSFwcp,PAS_wt,129.942980991087,0.267222222222222,24
ESSFwcp,EMT,118.315139777046,0.267222222222222,24
ESSFwcp,Tmin_wt,111.458654216634,0.267222222222222,24
ESSFwcp,PAS_at,88.8787059196332,0.267222222222222,24
ESSFwcp,CMI,87.7217002975557,0.267222222222222,24
ESSFwcw,PAS_wt,136.890868560885,0.274933333333333,25
ESSFwcw,PAS_at,128.53395151303,0.274933333333333,25
ESSFwcw,EMT,112.929775942802,0.274933333333333,25
ESSFwcw,Eref_at,111.47450997566,0.274933333333333,25
ESSFwcw,CMI,102.652935367072,0.274933333333333,25
ESSFwcw,Tmin_wt,99.7192561122148,0.274933333333333,25
ESSFwh_MT,NFFD_sp,79.2802814221602,0.113333333333333,16
ESSFwh_MT,PAS_wt,72.361822396629,0.113333333333333,16
ESSFwh_MT,Tmin_sp,71.666740619472,0.113333333333333,16
ESSFwh_MT,PAS,63.0735300401908,0.113333333333333,16
ESSFwh_MT,PPT_MJ,62.8193113938424,0.113333333333333,16
ESSFwh_MT,TmaxJuly,60.2768393759995,0.113333333333333,16
ESSFwh1,PPT_MJ,68.6581531722383,0.267142857142857,14
ESSFwh1,PPT_JAS,67.2824656402051,0.267142857142857,14
ESSFwh1,Tmax_sp,62.6569522281998,0.267142857142857,14
ESSFwh1,PPT_sp,60.0013555821086,0.267142857142857,14
ESSFwh1,CMDMax,58.676296426602,0.267142857142857,14
ESSFwh1,PAS_wt,56.244516458317,0.267142857142857,14
ESSFwh2,MCMT,65.4325472715536,0.193333333333333,9
ESSFwh2,PPT_JAS,61.8961800256978,0.193333333333333,9
ESSFwh2,EMT,57.7944965251447,0.193333333333333,9
ESSFwh2,Tmin_wt,47.2796012591209,0.193333333333333,9
ESSFwh2,CMDMax,43.6015617108386,0.193333333333333,9
ESSFwh2,Tmax_sp,38.9722475058122,0.193333333333333,9
ESSFwh3,CMDMax,50.8248695820115,0.162222222222222,9
ESSFwh3,PPT_sp,49.5676269131653,0.162222222222222,9
ESSFwh3,PPT_JAS,45.3207636867863,0.162222222222222,9
ESSFwh3,PPT_MJ,40.0880427327339,0.162222222222222,9
ESSFwh3,PAS_sp,38.773416012402,0.162222222222222,9
ESSFwh3,DD_0_at,37.3346627694175,0.162222222222222,9
ESSFwk1,EMT,108.807943476471,0.226666666666667,19
ESSFwk1,MCMT,107.450843613371,0.226666666666667,19
ESSFwk1,PPT_JAS,93.5878881824346,0.226666666666667,19
ESSFwk1,Tmax_wt,81.5518522363798,0.226666666666667,19
ESSFwk1,Tmin_wt,81.4430965599014,0.226666666666667,19
ESSFwk1,PAS_wt,77.8063251987197,0.226666666666667,19
ESSFwk2,MCMT,77.8750651291191,0.184888888888889,15
ESSFwk2,EMT,77.0616778392828,0.184888888888889,15
ESSFwk2,PAS_wt,67.4069824978974,0.184888888888889,15
ESSFwk2,PPT_JAS,66.4079935231897,0.184888888888889,15
ESSFwk2,Tmin_wt,65.3527160711266,0.184888888888889,15
ESSFwk2,DD_18_wt,52.945918052852,0.184888888888889,15
ESSFwm_MT,Tmin_wt,137.65083900167,0.141181880892159,29
ESSFwm_MT,Eref_at,119.3659206391,0.141181880892159,29
ESSFwm_MT,Tmin_sp,118.952737841316,0.141181880892159,29
ESSFwm_MT,DD_0_wt,112.28045772691,0.141181880892159,29
ESSFwm_MT,EMT,110.6679938709,0.141181880892159,29
ESSFwm_MT,PAS,104.757367716799,0.141181880892159,29
ESSFwm1,EMT,65.6105557881242,0.24,10
ESSFwm1,Tmin_wt,63.5995947462206,0.24,10
ESSFwm1,MCMT,49.8298755950101,0.24,10
ESSFwm1,Eref_sp,46.5148161743592,0.24,10
ESSFwm1,Tmax_sp,44.4242081606511,0.24,10
ESSFwm1,Eref_sm,43.0661473637509,0.24,10
ESSFwm2,Tmin_wt,54.8489340535722,0.241818181818182,11
ESSFwm2,CMDMax,54.3779002942116,0.241818181818182,11
ESSFwm2,PPT_JAS,47.9607935965752,0.241818181818182,11
ESSFwm2,EMT,46.0519047721953,0.241818181818182,11
ESSFwm2,Tmax_sp,43.4376279644183,0.241818181818182,11
ESSFwm2,Eref,42.3538326419267,0.241818181818182,11
ESSFwm3,CMDMax,42.9378050051609,0.1975,8
ESSFwm3,Tmax_sp,40.7325339841887,0.1975,8
ESSFwm3,PPT_JAS,37.6603991517794,0.1975,8
ESSFwm3,PPT_sp,32.7542585739803,0.1975,8
ESSFwm3,DD_0_at,30.7720947769976,0.1975,8
ESSFwm3,Eref_sm,29.3333375530767,0.1975,8
ESSFwm4,EMT,70.5637172419506,0.223809523809524,14
ESSFwm4,Eref_sm,65.8105243338679,0.223809523809524,14
ESSFwm4,Tmin_wt,63.9879738499274,0.223809523809524,14
ESSFwm4,Tmin,56.1681803629141,0.223809523809524,14
ESSFwm4,TmaxJuly,53.5483492572468,0.223809523809524,14
ESSFwm4,DD_0_wt,53.4560894609061,0.223809523809524,14
ESSFwmp,Eref_sm,42.5247392579776,0.311666666666667,8
ESSFwmp,Eref,35.4126808998876,0.311666666666667,8
ESSFwmp,Tmin_wt,33.7741797212465,0.311666666666667,8
ESSFwmp,Tmax_sm,32.2391087322007,0.311666666666667,8
ESSFwmp,DD18_sp,29.8424631295817,0.311666666666667,8
ESSFwmp,TmaxJuly,29.2660152148528,0.311666666666667,8
ESSFwmw,Tmin_wt,64.8240939010613,0.308571428571429,14
ESSFwmw,EMT,58.2403890730124,0.308571428571429,14
ESSFwmw,eFFP,55.5823437466039,0.308571428571429,14
ESSFwmw,PPT_JAS,50.1979420186067,0.308571428571429,14
ESSFwmw,Eref_sm,49.0373902706381,0.308571428571429,14
ESSFwmw,PAS_sp,47.8361511305063,0.308571428571429,14
ESSFwv,Tmax_sp,65.2580715462456,0.22,14
ESSFwv,PAS_at,64.6334052356759,0.22,14
ESSFwv,DD_18_sp,54.9117057542063,0.22,14
ESSFwv,PAS_wt,54.5156781800233,0.22,14
ESSFwv,Tmin_wt,54.2554485365956,0.22,14
ESSFwv,Eref_at,53.7821844583745,0.22,14
ESSFwvp,PAS_at,62.0521858060982,0.262424242424242,11
ESSFwvp,Tmax_sm,46.7220853018226,0.262424242424242,11
ESSFwvp,PAS_wt,43.5171269315063,0.262424242424242,11
ESSFwvp,Eref_sm,40.5821233083912,0.262424242424242,11
ESSFwvp,Tmax_wt,40.3792537286417,0.262424242424242,11
ESSFwvp,DD18_sp,40.0496330119067,0.262424242424242,11
ESSFwvw,PAS_at,59.2869033253511,0.271111111111111,12
ESSFwvw,PAS_wt,46.2441272311161,0.271111111111111,12
ESSFwvw,Tmax_sp,45.7936903637864,0.271111111111111,12
ESSFwvw,Tmax_sm,45.7774672448011,0.271111111111111,12
ESSFwvw,PAS,45.1918164941688,0.271111111111111,12
ESSFwvw,Tmin_wt,44.0973775491112,0.271111111111111,12
ESSFxc_CO,Eref_at,120.231332073752,0.116606616442843,21
ESSFxc_CO,PPT_MJ,114.576452028193,0.116606616442843,21
ESSFxc_CO,PPT_JAS,94.6989901819168,0.116606616442843,21
ESSFxc_CO,Eref_sp,93.0276679162593,0.116606616442843,21
ESSFxc_CO,Tmax_wt,92.54315713271,0.116606616442843,21
ESSFxc_CO,Tmin_wt,88.4237325983304,0.116606616442843,21
ESSFxc_WA,PPT_MJ,172.199728044386,0.125096079938509,35
ESSFxc_WA,Eref_at,166.014481166772,0.125096079938509,35
ESSFxc_WA,Tmin_wt,148.014216098519,0.125096079938509,35
ESSFxc_WA,PAS_sp,140.508231311964,0.125096079938509,35
ESSFxc_WA,PAS_wt,138.145634231971,0.125096079938509,35
ESSFxc_WA,PPT_sp,136.67635005282,0.125096079938509,35
ESSFxc1,Tave_sp,44.5779417972825,0.133333333333333,6
ESSFxc1,DD_18_sp,30.9023314796505,0.133333333333333,6
ESSFxc1,PAS_wt,29.1966885208166,0.133333333333333,6
ESSFxc1,Eref_sm,27.5590494592921,0.133333333333333,6
ESSFxc1,DD_0_sp,27.3662947099486,0.133333333333333,6
ESSFxc1,PPT_JAS,26.2179328044763,0.133333333333333,6
ESSFxc2,CMI,70.5490876575501,0.115757575757576,11
ESSFxc2,PPT_JAS,63.3077800592691,0.115757575757576,11
ESSFxc2,PAS_wt,56.5372553013143,0.115757575757576,11
ESSFxc2,PAS_sp,47.3753596754434,0.115757575757576,11
ESSFxc2,PPT_sp,47.0295107922865,0.115757575757576,11
ESSFxc2,PPT_MJ,45.5866867136613,0.115757575757576,11
ESSFxc3,PAS_at,61.0786737900755,0.173333333333333,11
ESSFxc3,Tmin_wt,49.6565645650706,0.173333333333333,11
ESSFxc3,EMT,48.2578015141584,0.173333333333333,11
ESSFxc3,PAS_wt,47.9512862522734,0.173333333333333,11
ESSFxc3,CMI,45.0632843845126,0.173333333333333,11
ESSFxc3,eFFP,42.2126323371818,0.173333333333333,11
ESSFxcp,PAS_wt,50.6603032536297,0.148888888888889,12
ESSFxcp,Eref_at,49.9018248303165,0.148888888888889,12
ESSFxcp,Eref,46.984500568025,0.148888888888889,12
ESSFxcp,CMDMax,46.0801677465931,0.148888888888889,12
ESSFxcp,PAS_at,45.0013576418489,0.148888888888889,12
ESSFxcp,Tmax_wt,44.1310435590429,0.148888888888889,12
ESSFxcw,PPT_JAS,69.7912995733791,0.175238095238095,14
ESSFxcw,PAS_wt,69.0935860394644,0.175238095238095,14
ESSFxcw,CMDMax,67.1701946552357,0.175238095238095,14
ESSFxcw,PAS_at,62.730812815814,0.175238095238095,14
ESSFxcw,Eref_sm,61.0994994641522,0.175238095238095,14
ESSFxcw,EMT,57.1124613260725,0.175238095238095,14
ESSFxh_WA,Tmin_wt,111.480074327709,0.109473684210526,19
ESSFxh_WA,PPT_MJ,104.803416893196,0.109473684210526,19
ESSFxh_WA,Eref_at,98.6236653267972,0.109473684210526,19
ESSFxh_WA,PAS_wt,86.404057935611,0.109473684210526,19
ESSFxh_WA,EMT,77.5385610763274,0.109473684210526,19
ESSFxh_WA,CMD.total,74.4766490423509,0.109473684210526,19
ESSFxk_MT,Eref_at,154.812913822625,0.136802973977695,27
ESSFxk_MT,PPT_JAS,130.888277284954,0.136802973977695,27
ESSFxk_MT,Tmin_sp,118.411311003131,0.136802973977695,27
ESSFxk_MT,Tmin_wt,117.599063643854,0.136802973977695,27
ESSFxk_MT,PPT_MJ,104.695099890248,0.136802973977695,27
ESSFxk_MT,CMD.total,102.212770060185,0.136802973977695,27
ESSFxk_UT,Eref_at,156.981368261763,0.142542652724271,25
ESSFxk_UT,PPT_MJ,139.311417569196,0.142542652724271,25
ESSFxk_UT,PAS_wt,113.38424928277,0.142542652724271,25
ESSFxk_UT,PPT_JAS,99.3063321624612,0.142542652724271,25
ESSFxk_UT,Tmin_wt,95.7944750610424,0.142542652724271,25
ESSFxk_UT,PAS,88.5707200907639,0.142542652724271,25
ESSFxk_WY,Eref_at,126.758938972832,0.146898520633273,26
ESSFxk_WY,PAS_wt,115.001683470432,0.146898520633273,26
ESSFxk_WY,Tmax_wt,110.815532373303,0.146898520633273,26
ESSFxk_WY,Tmin_wt,105.824989439511,0.146898520633273,26
ESSFxk_WY,CMDMax,104.847497472546,0.146898520633273,26
ESSFxk_WY,Tmax_sm,104.480717271577,0.146898520633273,26
ESSFxv1,PPT_JAS,97.2638758903776,0.191111111111111,18
ESSFxv1,Eref_at,92.4654440511029,0.191111111111111,18
ESSFxv1,Eref_sm,68.6759443145395,0.191111111111111,18
ESSFxv1,Tmin_wt,66.533943513103,0.191111111111111,18
ESSFxv1,CMI,65.6581943296605,0.191111111111111,18
ESSFxv1,EMT,65.4420103238575,0.191111111111111,18
ESSFxv2,EMT,75.5754418143351,0.176111111111111,12
ESSFxv2,PAS_at,55.1478984428002,0.176111111111111,12
ESSFxv2,Tmin_wt,52.4705268285538,0.176111111111111,12
ESSFxv2,Tmin_at,50.7811460249283,0.176111111111111,12
ESSFxv2,Eref_sp,50.1330744068035,0.176111111111111,12
ESSFxv2,eFFP,48.1803547530344,0.176111111111111,12
ESSFxvp,PPT_JAS,109.346978775621,0.254035087719298,19
ESSFxvp,PAS_at,99.3945879960019,0.254035087719298,19
ESSFxvp,Eref_at,88.7198663621883,0.254035087719298,19
ESSFxvp,CMI,79.8620345056057,0.254035087719298,19
ESSFxvp,PAS_wt,79.1209005276172,0.254035087719298,19
ESSFxvp,PAS,71.0466472063322,0.254035087719298,19
ESSFxvw,PAS_at,45.7857259042049,0.151666666666667,8
ESSFxvw,PAS_wt,43.5600312392733,0.151666666666667,8
ESSFxvw,EMT,36.5839971701349,0.151666666666667,8
ESSFxvw,Tmin_at,33.5366429435116,0.151666666666667,8
ESSFxvw,Eref_sp,30.8332857418906,0.151666666666667,8
ESSFxvw,PPT_JAS,30.4605469621836,0.151666666666667,8
ESSFxw_OR,Eref_at,195.868884371506,0.123688001646429,33
ESSFxw_OR,PPT_JAS,162.506474283659,0.123688001646429,33
ESSFxw_OR,Tmax_wt,148.839015701171,0.123688001646429,33
ESSFxw_OR,PPT_MJ,144.508758616368,0.123688001646429,33
ESSFxw_OR,PAS_wt,135.098112011652,0.123688001646429,33
ESSFxw_OR,Tmin_wt,128.674459520192,0.123688001646429,33
ESSFxx_WY,EXT,44.4727322735218,0.0781426953567384,6
ESSFxx_WY,Eref_at,43.2211025623912,0.0781426953567384,6
ESSFxx_WY,Tmax_sm,32.7616364482113,0.0781426953567384,6
ESSFxx_WY,TmaxJuly,29.3621297228102,0.0781426953567384,6
ESSFxx_WY,PPT_MJ,28.1108847843414,0.0781426953567384,6
ESSFxx_WY,CMD.total,26.866030617691,0.0781426953567384,6
FGff,Eref_at,64.2132326282958,0.127464465841357,15
FGff,CMDMax,63.9235390526464,0.127464465841357,15
FGff,AHM,58.402252079771,0.127464465841357,15
FGff,DD5_wt,55.240337411307,0.127464465841357,15
FGff,CMD_sm,54.7335496885509,0.127464465841357,15
FGff,PAS_at,53.6238844440739,0.127464465841357,15
FGnf,AHM,27.5769779955009,0.068,5
FGnf,CMDMax,26.7419549042676,0.068,5
FGnf,SHM,25.5168550203452,0.068,5
FGnf,CMD_sm,24.4739947953305,0.068,5
FGnf,NFFD_sm,21.9528669913695,0.068,5
FGnf,Eref_at,21.9106565949006,0.068,5
GBDdw_UT,PPT_JAS,54.8678641205314,0.0867052023121387,6
GBDdw_UT,EXT,40.8815492291242,0.0867052023121387,6
GBDdw_UT,DD_18_wt,25.0300514651085,0.0867052023121387,6
GBDdw_UT,MCMT,23.094284597199,0.0867052023121387,6
GBDdw_UT,Tmax_sm,20.9572669310149,0.0867052023121387,6
GBDdw_UT,Eref_at,20.7853848029032,0.0867052023121387,6
GBDxh_NV,PPT_JAS,102.017926141564,0.109375,20
GBDxh_NV,CMD.total,99.5657903629431,0.109375,20
GBDxh_NV,AHM,87.4434959647663,0.109375,20
GBDxh_NV,MWMT,68.2095213506115,0.109375,20
GBDxh_NV,SHM,67.1878054859145,0.109375,20
GBDxh_NV,Eref_at,64.7356352063448,0.109375,20
GBDxx_UT,Tave_wt,26.560125813766,0.103967168262654,6
GBDxx_UT,DD_18_wt,24.0882869163005,0.103967168262654,6
GBDxx_UT,EXT,22.9225815090987,0.103967168262654,6
GBDxx_UT,SHM,21.6237303072311,0.103967168262654,6
GBDxx_UT,DD_0_wt,21.3918738746375,0.103967168262654,6
GBDxx_UT,DD_0,21.2829337840215,0.103967168262654,6
ICHdh_ID,PPT_MJ,90.484333889054,0.137,20
ICHdh_ID,PAS,82.9465704160129,0.137,20
ICHdh_ID,CMD.total,79.7356774439737,0.137,20
ICHdh_ID,PAS_at,74.9292598824825,0.137,20
ICHdh_ID,AHM,72.6925597582698,0.137,20
ICHdh_ID,DD5_wt,70.2316708549776,0.137,20
ICHdk,EMT,53.4500075776895,0.103809523809524,7
ICHdk,Tmin_wt,46.0097472456502,0.103809523809524,7
ICHdk,SHM,37.0043104403112,0.103809523809524,7
ICHdk,PPT_JAS,36.0607038008665,0.103809523809524,7
ICHdk,CMI,31.5594803278298,0.103809523809524,7
ICHdk,CMD_sm,31.2821264870522,0.103809523809524,7
ICHdm,EMT,88.2960046221236,0.193333333333333,14
ICHdm,Tmin_wt,80.1420228458053,0.193333333333333,14
ICHdm,PPT_JAS,66.2883983137015,0.193333333333333,14
ICHdm,CMDMax,55.4956776609519,0.193333333333333,14
ICHdm,Eref_at,54.8806116065975,0.193333333333333,14
ICHdm,Tmin_sm,53.1817241838734,0.193333333333333,14
ICHdw_ID,PPT_MJ,245.018027023067,0.152238363474652,45
ICHdw_ID,Eref_at,198.820966662028,0.152238363474652,45
ICHdw_ID,PAS_wt,176.713246231169,0.152238363474652,45
ICHdw_ID,PPT_JAS,175.387217996394,0.152238363474652,45
ICHdw_ID,CMI,166.164018926692,0.152238363474652,45
ICHdw_ID,SHM,164.717015584747,0.152238363474652,45
ICHdw1,CMDMax,58.3888155684651,0.187333333333333,10
ICHdw1,PPT_JAS,57.0899933778441,0.187333333333333,10
ICHdw1,CMI,47.5212074206741,0.187333333333333,10
ICHdw1,PPT_MJ,46.0574366229636,0.187333333333333,10
ICHdw1,PAS_wt,43.2006152651182,0.187333333333333,10
ICHdw1,PPT_sp,42.4824349291183,0.187333333333333,10
ICHdw3,PAS_at,53.4770443380476,0.237954040029652,9
ICHdw3,TmaxJuly,48.6957420848238,0.237954040029652,9
ICHdw3,PAS_wt,48.4842467536422,0.237954040029652,9
ICHdw3,PAS,46.2258596853009,0.237954040029652,9
ICHdw3,Tmax_sm,45.1464321804597,0.237954040029652,9
ICHdw3,CMI,38.2427006968501,0.237954040029652,9
ICHdw4,PPT_sp,44.8686156167571,0.210124164278892,7
ICHdw4,CMI,44.8167939198444,0.210124164278892,7
ICHdw4,PAS_wt,43.9165877473093,0.210124164278892,7
ICHdw4,PPT_JAS,43.3841164300056,0.210124164278892,7
ICHdw4,MCMT,41.8309746968997,0.210124164278892,7
ICHdw4,PPT_MJ,30.3407298569708,0.210124164278892,7
ICHmc1,PPT_JAS,67.4573938961875,0.175333333333333,10
ICHmc1,PAS_wt,50.5437260183085,0.175333333333333,10
ICHmc1,CMI,49.4159744825234,0.175333333333333,10
ICHmc1,CMD.total,45.9037183767596,0.175333333333333,10
ICHmc1,PAS,44.8388956516942,0.175333333333333,10
ICHmc1,PPT_sp,42.3841187625151,0.175333333333333,10
ICHmc1a,PAS_wt,38.109619062338,0.129333333333333,5
ICHmc1a,PAS,32.0296569119014,0.129333333333333,5
ICHmc1a,PAS_at,30.2834086326933,0.129333333333333,5
ICHmc1a,Tmax_wt,26.7923649673069,0.129333333333333,5
ICHmc1a,PAS_sp,23.7835206319864,0.129333333333333,5
ICHmc1a,DD_0_wt,22.3190693998734,0.129333333333333,5
ICHmc2,CMI,49.7126766691473,0.104444444444444,6
ICHmc2,PPT_JAS,47.4570850731274,0.104444444444444,6
ICHmc2,DD_18_sp,26.58447910375,0.104444444444444,6
ICHmc2,CMD.total,26.5268875005059,0.104444444444444,6
ICHmc2,Tmin_wt,25.9103910419122,0.104444444444444,6
ICHmc2,PPT_sp,23.7509589262858,0.104444444444444,6
ICHmh_MT,PPT_MJ,63.4450216528729,0.0838095238095238,7
ICHmh_MT,Tmin_sp,34.6974528052552,0.0838095238095238,7
ICHmh_MT,Tave_sp,33.2912187640679,0.0838095238095238,7
ICHmh_MT,EMT,29.3757886679244,0.0838095238095238,7
ICHmh_MT,DD_0_wt,28.4921316803736,0.0838095238095238,7
ICHmh_MT,Tave_wt,26.812177914952,0.0838095238095238,7
ICHmk1,CMDMax,110.866279149789,0.214509803921569,17
ICHmk1,PPT_MJ,96.6642766028946,0.214509803921569,17
ICHmk1,PPT_JAS,93.420085584656,0.214509803921569,17
ICHmk1,CMD.total,76.7571781119867,0.214509803921569,17
ICHmk1,CMI,74.1524219090763,0.214509803921569,17
ICHmk1,PPT_sp,70.6318684733602,0.214509803921569,17
ICHmk2,PPT_JAS,85.9981299869398,0.2,14
ICHmk2,PAS_at,84.7837092813611,0.2,14
ICHmk2,MCMT,71.1405608513353,0.2,14
ICHmk2,PPT_sp,69.8975269915551,0.2,14
ICHmk2,PAS_wt,69.8109291496841,0.2,14
ICHmk2,CMI,57.5115324826871,0.2,14
ICHmk3,EMT,64.6043290689924,0.136969696969697,11
ICHmk3,PPT_JAS,59.0631141669951,0.136969696969697,11
ICHmk3,Tmin_wt,56.2120868494344,0.136969696969697,11
ICHmk3,PPT_MJ,52.7002708498153,0.136969696969697,11
ICHmk3,FFP,46.6374091441375,0.136969696969697,11
ICHmk3,Tmax_sm,46.1413522427992,0.136969696969697,11
ICHmk4,Tmin_wt,63.7494584662391,0.189166666666667,8
ICHmk4,EMT,50.966545194225,0.189166666666667,8
ICHmk4,MCMT,40.6405310227073,0.189166666666667,8
ICHmk4,Tmax_sp,32.9357491145514,0.189166666666667,8
ICHmk4,EXT,32.4406418674743,0.189166666666667,8
ICHmk4,MWMT,29.8897836600827,0.189166666666667,8
ICHmk5,Eref_at,49.3505147946171,0.229166666666667,8
ICHmk5,MCMT,46.871611046548,0.229166666666667,8
ICHmk5,Tmax_sp,42.100065667635,0.229166666666667,8
ICHmk5,Tmax_wt,35.284146545425,0.229166666666667,8
ICHmk5,Eref_sp,33.0168397638322,0.229166666666667,8
ICHmk5,PAS_wt,32.4661819347178,0.229166666666667,8
ICHmm,MCMT,82.8371227480876,0.216969696969697,11
ICHmm,Tmin_wt,69.6847759211512,0.216969696969697,11
ICHmm,EMT,65.5236405333445,0.216969696969697,11
ICHmm,PAS_wt,46.9141748683894,0.216969696969697,11
ICHmm,Tmin_at,46.7914862076787,0.216969696969697,11
ICHmm,DD_18_wt,38.7731110706366,0.216969696969697,11
ICHmw_MT,PPT_MJ,103.290192770734,0.126666666666667,18
ICHmw_MT,PPT_sp,76.3223520528691,0.126666666666667,18
ICHmw_MT,Eref_at,74.4962563072882,0.126666666666667,18
ICHmw_MT,PAS_sp,74.2267553709995,0.126666666666667,18
ICHmw_MT,Tmax_wt,70.1923599720207,0.126666666666667,18
ICHmw_MT,Tmin_sp,69.1337655831642,0.126666666666667,18
ICHmw1,Eref_at,53.1350712210255,0.248148148148148,9
ICHmw1,Tmin_wt,52.0902752062865,0.248148148148148,9
ICHmw1,EMT,43.2675646802399,0.248148148148148,9
ICHmw1,PAS_wt,43.0410638379823,0.248148148148148,9
ICHmw1,PAS_at,37.441753845134,0.248148148148148,9
ICHmw1,MCMT,34.6698755490644,0.248148148148148,9
ICHmw2,PPT_JAS,73.8555166607281,0.25,14
ICHmw2,CMDMax,63.6993548941291,0.25,14
ICHmw2,PPT_sp,62.4194778147339,0.25,14
ICHmw2,PAS_wt,61.6395871455666,0.25,14
ICHmw2,PPT_MJ,59.9819213418385,0.25,14
ICHmw2,CMD_sp,55.6705140935186,0.25,14
ICHmw3,PPT_MJ,73.2964468128496,0.248,15
ICHmw3,PAS_wt,73.1111074796763,0.248,15
ICHmw3,CMI,70.2602540866844,0.248,15
ICHmw3,PPT_JAS,67.110465711371,0.248,15
ICHmw3,AHM,60.2121169302311,0.248,15
ICHmw3,PAS_at,57.4384531801719,0.248,15
ICHmw4,CMDMax,61.3571936160617,0.128333333333333,8
ICHmw4,PPT_JAS,40.9320154347276,0.128333333333333,8
ICHmw4,PPT_sp,39.4889171832056,0.128333333333333,8
ICHmw4,Tmax_sp,36.1629802013665,0.128333333333333,8
ICHmw4,DD_0_sp,33.3671071790028,0.128333333333333,8
ICHmw4,CMD_sp,31.1435424482566,0.128333333333333,8
ICHmw5,CMDMax,69.1740969476411,0.206060606060606,11
ICHmw5,PPT_JAS,61.2916133909685,0.206060606060606,11
ICHmw5,PAS,52.8678674840721,0.206060606060606,11
ICHmw5,PAS_wt,51.9080759114988,0.206060606060606,11
ICHmw5,PPT_sp,50.6114988711794,0.206060606060606,11
ICHmw5,PAS_at,50.5080382305048,0.206060606060606,11
ICHvc,Tmax_wt,54.7831813741566,0.112380952380952,7
ICHvc,MCMT,54.3004054928655,0.112380952380952,7
ICHvc,DD_0_wt,35.5396096397169,0.112380952380952,7
ICHvc,DD_18_wt,30.993367560443,0.112380952380952,7
ICHvc,Tmin_wt,30.4112440416384,0.112380952380952,7
ICHvc,PAS_wt,28.8262694032824,0.112380952380952,7
ICHvk1,PAS_wt,66.0381270593172,0.256363636363636,11
ICHvk1,MCMT,52.2856153374091,0.256363636363636,11
ICHvk1,Tmin_wt,50.7054979245578,0.256363636363636,11
ICHvk1,EMT,50.6618171327031,0.256363636363636,11
ICHvk1,Tmax_wt,50.5291725463839,0.256363636363636,11
ICHvk1,Eref_at,48.2007675599997,0.256363636363636,11
ICHvk2,Tmin_wt,48.5860335127093,0.168732125834128,7
ICHvk2,MCMT,48.5703784967598,0.168732125834128,7
ICHvk2,EMT,40.869627076109,0.168732125834128,7
ICHvk2,DD_18_wt,33.0429277855337,0.168732125834128,7
ICHvk2,PPT_JAS,31.9051755557134,0.168732125834128,7
ICHvk2,DD_0_wt,27.9265302563295,0.168732125834128,7
ICHwc,TmaxJuly,53.8131407810442,0.177037037037037,9
ICHwc,DD_0_wt,39.1292492813269,0.177037037037037,9
ICHwc,Tmax_sm,38.8885067236962,0.177037037037037,9
ICHwc,EXT,37.4818205460886,0.177037037037037,9
ICHwc,DD_18_wt,36.4831856687763,0.177037037037037,9
ICHwc,MCMT,35.8927860153069,0.177037037037037,9
ICHwk1,MCMT,89.9229696987609,0.244166666666667,16
ICHwk1,PAS_wt,75.8514149761776,0.244166666666667,16
ICHwk1,PAS_at,71.8888926634941,0.244166666666667,16
ICHwk1,CMDMax,68.4367538974666,0.244166666666667,16
ICHwk1,PPT_JAS,64.7839466179572,0.244166666666667,16
ICHwk1,EMT,63.1852791650164,0.244166666666667,16
ICHwk2,CMI,40.7316276628653,0.120114394661582,7
ICHwk2,Tave_sm,32.7189364438942,0.120114394661582,7
ICHwk2,DD18_sp,28.4916725553536,0.120114394661582,7
ICHwk2,Tmin_sm,28.4715880817758,0.120114394661582,7
ICHwk2,DD5_sp,27.3308587735204,0.120114394661582,7
ICHwk2,PPT_sp,26.7673973518916,0.120114394661582,7
ICHwk3,MCMT,49.3807580932009,0.174166666666667,8
ICHwk3,EMT,38.3342105534481,0.174166666666667,8
ICHwk3,Tmin_wt,35.8343715056343,0.174166666666667,8
ICHwk3,DD_0_wt,35.2279934112347,0.174166666666667,8
ICHwk3,DD_18_wt,35.0480638152853,0.174166666666667,8
ICHwk3,Eref_at,34.1783569575572,0.174166666666667,8
ICHwk4,Tmin_wt,46.2633252967012,0.163167938931298,7
ICHwk4,EMT,34.3000496895806,0.163167938931298,7
ICHwk4,MCMT,30.3235425516201,0.163167938931298,7
ICHwk4,PPT_JAS,28.9210467849719,0.163167938931298,7
ICHwk4,DD_0_wt,28.2430752612647,0.163167938931298,7
ICHwk4,CMI,27.7736113789929,0.163167938931298,7
ICHxh_ID,Eref_at,98.5735706358372,0.128673196794301,15
ICHxh_ID,CMD.total,77.2088803087066,0.128673196794301,15
ICHxh_ID,AHM,72.5581274171235,0.128673196794301,15
ICHxh_ID,PPT_MJ,68.0427252590811,0.128673196794301,15
ICHxh_ID,PAS_wt,64.2812962727848,0.128673196794301,15
ICHxh_ID,CMD.grow,63.6734991502345,0.128673196794301,15
ICHxm1,PPT_MJ,100.469107026723,0.243076923076923,13
ICHxm1,PPT_sp,94.4991199555308,0.243076923076923,13
ICHxm1,PPT_JAS,80.2831660798308,0.243076923076923,13
ICHxm1,PAS_wt,62.1481540285639,0.243076923076923,13
ICHxm1,PAS_sp,57.2346347083354,0.243076923076923,13
ICHxm1,MCMT,52.0871787796057,0.243076923076923,13
ICHxw,PAS,51.1226460286859,0.164666666666667,10
ICHxw,PPT_JAS,50.9736233070128,0.164666666666667,10
ICHxw,CMI,45.849291192867,0.164666666666667,10
ICHxw,PAS_at,45.260126602744,0.164666666666667,10
ICHxw,PAS_wt,43.0270449571901,0.164666666666667,10
ICHxw,CMDMax,42.3489464495135,0.164666666666667,10
ICHxw_ID,PAS_wt,60.2145009623454,0.123333333333333,12
ICHxw_ID,Tmax_wt,55.4276452041025,0.123333333333333,12
ICHxw_ID,CMI,54.4703019245979,0.123333333333333,12
ICHxw_ID,NFFD_sp,50.3627145493802,0.123333333333333,12
ICHxw_ID,MCMT,47.1623554697185,0.123333333333333,12
ICHxw_ID,Tave_wt,45.7982042596104,0.123333333333333,12
ICHxw_WA,Eref_at,159.430440460027,0.131273176761434,27
ICHxw_WA,PPT_MJ,134.811790703481,0.131273176761434,27
ICHxw_WA,PAS_wt,125.681151888687,0.131273176761434,27
ICHxw_WA,Tmax_wt,115.223312817693,0.131273176761434,27
ICHxw_WA,PPT_JAS,113.130723310927,0.131273176761434,27
ICHxw_WA,SHM,106.458629863198,0.131273176761434,27
ICHxwa,Tmin_sm,31.5249843448623,0.141333333333333,5
ICHxwa,CMI,31.2680755669768,0.141333333333333,5
ICHxwa,PPT_sp,28.8159008966778,0.141333333333333,5
ICHxwa,CMD.total,27.8278271875679,0.141333333333333,5
ICHxwa,AHM,22.8195283869506,0.141333333333333,5
ICHxwa,PAS,21.4441819177171,0.141333333333333,5
IDFdc,CMI,86.7358089344868,0.176969696969697,11
IDFdc,PAS_wt,56.6782041299131,0.176969696969697,11
IDFdc,PPT_sp,55.5890245069391,0.176969696969697,11
IDFdc,Tave_at,53.4440242361704,0.176969696969697,11
IDFdc,CMD.total,45.762991964365,0.176969696969697,11
IDFdc,Tmin_wt,44.4042350858829,0.176969696969697,11
IDFdh,PAS_wt,50.1448677549254,0.145,8
IDFdh,PPT_JAS,41.8290999860048,0.145,8
IDFdh,PAS_at,36.093794202783,0.145,8
IDFdh,AHM,32.2703140069382,0.145,8
IDFdh,PAS_sp,31.762528327986,0.145,8
IDFdh,DD_0_wt,31.4175134579466,0.145,8
IDFdh_MT,Eref_at,151.038630151093,0.124560843181092,21
IDFdh_MT,PAS_wt,117.112554718517,0.124560843181092,21
IDFdh_MT,CMD.total,112.332905290085,0.124560843181092,21
IDFdh_MT,PPT_JAS,95.2825172484222,0.124560843181092,21
IDFdh_MT,Tmin_wt,87.2990441111907,0.124560843181092,21
IDFdh_MT,SHM,82.1925151498281,0.124560843181092,21
IDFdh_UT,Eref_at,293.864969356165,0.145643693107932,55
IDFdh_UT,PPT_JAS,278.716115585646,0.145643693107932,55
IDFdh_UT,PPT_MJ,246.645783020016,0.145643693107932,55
IDFdh_UT,PAS_wt,234.286100224063,0.145643693107932,55
IDFdh_UT,SHM,227.482552407085,0.145643693107932,55
IDFdh_UT,CMD.total,190.306310472109,0.145643693107932,55
IDFdh_WA,Eref_at,187.522090076608,0.134773218142549,31
IDFdh_WA,PPT_JAS,173.83664249885,0.134773218142549,31
IDFdh_WA,PPT_MJ,157.130426724305,0.134773218142549,31
IDFdh_WA,Tmax_wt,142.456622052058,0.134773218142549,31
IDFdh_WA,SHM,132.251087633847,0.134773218142549,31
IDFdh_WA,PAS_wt,122.2752087304,0.134773218142549,31
IDFdk_MT,PAS_wt,110.005681962658,0.142070165265294,23
IDFdk_MT,DD18_sp,90.1936856080625,0.142070165265294,23
IDFdk_MT,PAS_at,87.0271347467282,0.142070165265294,23
IDFdk_MT,DD5_sp,86.1125224372516,0.142070165265294,23
IDFdk_MT,Tmin_wt,85.036648814696,0.142070165265294,23
IDFdk_MT,PAS,84.1319981207901,0.142070165265294,23
IDFdk_WA,Eref_at,144.770893941229,0.0988604866030182,22
IDFdk_WA,PPT_MJ,134.204437596344,0.0988604866030182,22
IDFdk_WA,PPT_JAS,119.594869205882,0.0988604866030182,22
IDFdk_WA,PAS_wt,98.2590491487113,0.0988604866030182,22
IDFdk_WA,SHM,93.1586736984888,0.0988604866030182,22
IDFdk_WA,CMD.total,86.5983264760044,0.0988604866030182,22
IDFdk1,PPT_JAS,106.977818174406,0.168235294117647,17
IDFdk1,PAS_wt,94.7519188444882,0.168235294117647,17
IDFdk1,PPT_MJ,93.2849458945871,0.168235294117647,17
IDFdk1,CMI,87.734549064014,0.168235294117647,17
IDFdk1,PPT_sp,85.6669367317549,0.168235294117647,17
IDFdk1,Tmin_wt,70.6560405249995,0.168235294117647,17
IDFdk2,CMI,83.7382377584672,0.197619047619048,14
IDFdk2,PPT_JAS,75.4537983962362,0.197619047619048,14
IDFdk2,PAS_wt,73.5937250368151,0.197619047619048,14
IDFdk2,PPT_sp,67.3675094719099,0.197619047619048,14
IDFdk2,PPT_MJ,67.2042986603612,0.197619047619048,14
IDFdk2,AHM,60.253243140816,0.197619047619048,14
IDFdk3,Tmin_wt,66.5731591350344,0.184102564102564,13
IDFdk3,PPT_MJ,59.1861633353502,0.184102564102564,13
IDFdk3,PPT_JAS,58.7596966174132,0.184102564102564,13
IDFdk3,CMD.grow,55.0977191333407,0.184102564102564,13
IDFdk3,EMT,52.7682495171257,0.184102564102564,13
IDFdk3,SHM,47.3666468690917,0.184102564102564,13
IDFdk4,Tmin,42.9914943178268,0.1425,8
IDFdk4,PAS_at,38.8564876363257,0.1425,8
IDFdk4,Tmin_sm,35.7953611232809,0.1425,8
IDFdk4,Tmin_wt,32.0222677450479,0.1425,8
IDFdk4,EMT,31.6247974452531,0.1425,8
IDFdk4,Eref_sm,29.3237176475344,0.1425,8
IDFdk5,MCMT,44.4428615992357,0.178888888888889,6
IDFdk5,DD_18_wt,37.4393493205594,0.178888888888889,6
IDFdk5,Eref_sp,32.2590781108778,0.178888888888889,6
IDFdk5,DD_0_wt,28.691615204954,0.178888888888889,6
IDFdk5,Tave_wt,25.1584014430488,0.178888888888889,6
IDFdk5,DD5_wt,24.1571125569404,0.178888888888889,6
IDFdkx_MT,PPT_JAS,255.802043102934,0.15530136383634,48
IDFdkx_MT,Eref_at,255.602225848561,0.15530136383634,48
IDFdkx_MT,PPT_MJ,214.529761495374,0.15530136383634,48
IDFdkx_MT,PAS_wt,199.049364007884,0.15530136383634,48
IDFdkx_MT,Tmin_wt,191.278174771993,0.15530136383634,48
IDFdkx_MT,SHM,167.641961178615,0.15530136383634,48
IDFdm_MT,Eref_at,229.341733689727,0.142498325519089,40
IDFdm_MT,PAS_wt,208.511821330269,0.142498325519089,40
IDFdm_MT,PPT_MJ,192.357490885872,0.142498325519089,40
IDFdm_MT,CMD.total,174.011988210367,0.142498325519089,40
IDFdm_MT,PPT_JAS,172.160887884064,0.142498325519089,40
IDFdm_MT,Tmax_wt,156.238924132199,0.142498325519089,40
IDFdm_WA,PPT_MJ,168.828421474372,0.11789038262668,26
IDFdm_WA,SHM,153.364643040713,0.11789038262668,26
IDFdm_WA,PPT_JAS,149.793471185398,0.11789038262668,26
IDFdm_WA,PAS_wt,142.321698270399,0.11789038262668,26
IDFdm_WA,Eref_at,115.763070152133,0.11789038262668,26
IDFdm_WA,DD_0_sp,102.084476742609,0.11789038262668,26
IDFdm1,PPT_MJ,82.999085196668,0.131333333333333,10
IDFdm1,PPT_JAS,81.9850061654384,0.131333333333333,10
IDFdm1,CMDMax,79.5109948016182,0.131333333333333,10
IDFdm1,SHM,70.6902020118856,0.131333333333333,10
IDFdm1,CMD_sm,61.4754110930819,0.131333333333333,10
IDFdm1,CMD.grow,55.3858565074926,0.131333333333333,10
IDFdm2,EMT,53.3445270317584,0.151666666666667,8
IDFdm2,Tmin_wt,52.2479679145941,0.151666666666667,8
IDFdm2,MCMT,46.5487954185681,0.151666666666667,8
IDFdm2,DD_0_wt,40.0139492336633,0.151666666666667,8
IDFdm2,DD_18_wt,39.4652133426774,0.151666666666667,8
IDFdm2,PPT_JAS,33.951495214918,0.151666666666667,8
IDFdw,DD_0,52.9162744593241,0.162,10
IDFdw,CMD,49.5046671717937,0.162,10
IDFdw,Tmin_sp,45.4802637191362,0.162,10
IDFdw,Tave_at,45.0862883440547,0.162,10
IDFdw,DD_0_at,41.2318959624588,0.162,10
IDFdw,DD5_wt,40.9641980299423,0.162,10
IDFdx_MT,Eref_at,252.314711413006,0.148527528809219,49
IDFdx_MT,PPT_MJ,223.190019717566,0.148527528809219,49
IDFdx_MT,PAS_wt,216.221208395237,0.148527528809219,49
IDFdx_MT,PPT_JAS,210.300464872141,0.148527528809219,49
IDFdx_MT,SHM,198.306836860915,0.148527528809219,49
IDFdx_MT,Tmin_wt,160.053166462294,0.148527528809219,49
IDFdxx_WY,PPT_MJ,130.264599746507,0.140505943309966,24
IDFdxx_WY,Eref_at,121.342308071956,0.140505943309966,24
IDFdxx_WY,SHM,103.606693664946,0.140505943309966,24
IDFdxx_WY,PAS_wt,97.605517401994,0.140505943309966,24
IDFdxx_WY,CMD.total,90.072987536682,0.140505943309966,24
IDFdxx_WY,DD18_sp,85.261873036509,0.140505943309966,24
IDFmw2,PPT_JAS,97.5283557267899,0.213333333333333,14
IDFmw2,PPT_MJ,92.8706504875734,0.213333333333333,14
IDFmw2,Tmin_wt,78.6987432375741,0.213333333333333,14
IDFmw2,PPT_sp,59.3911101027418,0.213333333333333,14
IDFmw2,MCMT,57.6580710748659,0.213333333333333,14
IDFmw2,EMT,57.2456296153228,0.213333333333333,14
IDFww,Eref_at,122.18341959598,0.199365079365079,21
IDFww,CMI,102.617026656484,0.199365079365079,21
IDFww,PPT_JAS,85.9343465063999,0.199365079365079,21
IDFww,PPT_sp,82.3350680872778,0.199365079365079,21
IDFww,Tmin_wt,82.0304302657111,0.199365079365079,21
IDFww,PAS_wt,78.8072339438946,0.199365079365079,21
IDFww1,CMI,51.7355400777038,0.219047619047619,7
IDFww1,PPT_sp,47.5010564359525,0.219047619047619,7
IDFww1,AHM,36.1033458909156,0.219047619047619,7
IDFww1,Tmax_wt,32.575161598984,0.219047619047619,7
IDFww1,PPT_JAS,29.9548003658849,0.219047619047619,7
IDFww1,PPT_MJ,28.6561151846379,0.219047619047619,7
IDFxc,CMI,80.9954284431291,0.166666666666667,9
IDFxc,PAS_wt,71.2989002085412,0.166666666666667,9
IDFxc,CMD.total,41.7836226732219,0.166666666666667,9
IDFxc,AHM,39.0450700380849,0.166666666666667,9
IDFxc,PAS,38.9184908729275,0.166666666666667,9
IDFxc,PPT_sp,37.2007075183805,0.166666666666667,9
IDFxh_ID,Eref_at,221.498358462577,0.141748577340921,39
IDFxh_ID,PPT_JAS,203.086229407529,0.141748577340921,39
IDFxh_ID,PPT_MJ,197.329684854887,0.141748577340921,39
IDFxh_ID,PAS_wt,161.118101800779,0.141748577340921,39
IDFxh_ID,SHM,160.158383825724,0.141748577340921,39
IDFxh_ID,Tmin_wt,157.090319757352,0.141748577340921,39
IDFxh_OR,PPT_JAS,86.8713581272171,0.118042226487524,14
IDFxh_OR,Eref_at,74.2480957601387,0.118042226487524,14
IDFxh_OR,CMD.total,70.1396089142686,0.118042226487524,14
IDFxh_OR,PPT_MJ,61.4854689382315,0.118042226487524,14
IDFxh_OR,MWMT,53.506639958646,0.118042226487524,14
IDFxh_OR,NFFD_sp,53.436800007309,0.118042226487524,14
IDFxh_WA,PPT_JAS,186.787683039708,0.123272884283247,31
IDFxh_WA,PPT_MJ,178.024246260233,0.123272884283247,31
IDFxh_WA,Eref_at,166.654513395322,0.123272884283247,31
IDFxh_WA,PAS_wt,156.149567425751,0.123272884283247,31
IDFxh_WA,SHM,142.585545760794,0.123272884283247,31
IDFxh_WA,Tmin_wt,125.526279372604,0.123272884283247,31
IDFxh1,PPT_JAS,69.7009133811003,0.146666666666667,10
IDFxh1,PPT_MJ,62.9103845490364,0.146666666666667,10
IDFxh1,PPT_sp,55.3311071487928,0.146666666666667,10
IDFxh1,PAS_at,48.4253736318432,0.146666666666667,10
IDFxh1,CMDMax,48.0584446928542,0.146666666666667,10
IDFxh1,SHM,47.6941471458175,0.146666666666667,10
IDFxh2,CMI,101.319214048078,0.196190476190476,14
IDFxh2,PAS_wt,92.9752069808434,0.196190476190476,14
IDFxh2,PPT_JAS,85.2802078095139,0.196190476190476,14
IDFxh2,PPT_sp,85.1119527515855,0.196190476190476,14
IDFxh2,PAS,69.5114261724051,0.196190476190476,14
IDFxh2,PPT_MJ,68.6758225326495,0.196190476190476,14
IDFxk,Tmin_wt,31.6317447233173,0.0666666666666667,3
IDFxk,Tave_wt,21.5374215907026,0.0666666666666667,3
IDFxk,MCMT,20.9921650070287,0.0666666666666667,3
IDFxk,DD_0_wt,16.0870573536723,0.0666666666666667,3
IDFxk,DD_18_wt,15.0385581861276,0.0666666666666667,3
IDFxk,DD_0_at,13.1431631578791,0.0666666666666667,3
IDFxm,PPT_JAS,69.3331313988324,0.0971428571428571,7
IDFxm,PPT_MJ,61.8221151806261,0.0971428571428571,7
IDFxm,Tmin,37.1518928388553,0.0971428571428571,7
IDFxm,bFFP,33.574351032378,0.0971428571428571,7
IDFxm,SHM,32.4403131892878,0.0971428571428571,7
IDFxm,CMD.grow,29.3351055472947,0.0971428571428571,7
IDFxm_CO,PPT_JAS,166.670385001195,0.141810344827586,35
IDFxm_CO,Eref_at,163.126286202825,0.141810344827586,35
IDFxm_CO,PPT_MJ,140.975714457826,0.141810344827586,35
IDFxm_CO,PAS_wt,140.97331183348,0.141810344827586,35
IDFxm_CO,SHM,133.567253755569,0.141810344827586,35
IDFxm_CO,Tmin_wt,113.067315409754,0.141810344827586,35
IDFxw,Tmin_wt,58.0079905620113,0.174814814814815,9
IDFxw,EMT,49.9206420988615,0.174814814814815,9
IDFxw,PPT_JAS,48.1702686726284,0.174814814814815,9
IDFxw,MCMT,44.7917633537436,0.174814814814815,9
IDFxw,CMI,38.5775999935349,0.174814814814815,9
IDFxw,PAS_wt,36.921195470303,0.174814814814815,9
IDFxx_MT,Eref_at,100.933212855405,0.108310358408822,17
IDFxx_MT,PPT_JAS,99.7816277616199,0.108310358408822,17
IDFxx_MT,Tmax_wt,99.2511078499929,0.108310358408822,17
IDFxx_MT,PAS_wt,84.2882199702768,0.108310358408822,17
IDFxx_MT,CMD.total,83.5252891026525,0.108310358408822,17
IDFxx_MT,PPT_MJ,82.869072606842,0.108310358408822,17
IDFxx_WA,Eref_wt,61.047835554871,0.0921855921855922,11
IDFxx_WA,PAS_wt,49.5710188966029,0.0921855921855922,11
IDFxx_WA,PAS,49.5580440474953,0.0921855921855922,11
IDFxx_WA,Eref_at,48.0792724190254,0.0921855921855922,11
IDFxx_WA,AHM,47.157399410854,0.0921855921855922,11
IDFxx_WA,CMI,46.9772751699817,0.0921855921855922,11
IDFxx1,PAS_wt,47.3801195542145,0.0973333333333333,5
IDFxx1,PAS,32.5794178536117,0.0973333333333333,5
IDFxx1,Tmax_wt,29.248336502947,0.0973333333333333,5
IDFxx1,PAS_at,27.0108677829039,0.0973333333333333,5
IDFxx1,AHM,19.9579278344212,0.0973333333333333,5
IDFxx1,PPT_JAS,18.562126445229,0.0973333333333333,5
IDFxx2,SHM,14.3153818492391,0.09,2
IDFxx2,AHM,12.6309580384715,0.09,2
IDFxx2,CMD.total,11.5202815939947,0.09,2
IDFxx2,CMD.grow,8.86275378396172,0.09,2
IDFxx2,PAS_at,8.76839529828999,0.09,2
IDFxx2,CMDMax,8.23049918499005,0.09,2
IGFdk_WA,Eref_at,127.508152327271,0.108011444921316,28
IGFdk_WA,PPT_MJ,120.205803910152,0.108011444921316,28
IGFdk_WA,PAS_sp,117.464713351423,0.108011444921316,28
IGFdk_WA,PPT_JAS,113.774370375134,0.108011444921316,28
IGFdk_WA,CMI,109.800819522487,0.108011444921316,28
IGFdk_WA,CMDMax,105.816533326797,0.108011444921316,28
IGFdw_OR,CMD.total,149.463924198307,0.129939718687207,30
IGFdw_OR,SHM,137.435710775975,0.129939718687207,30
IGFdw_OR,PPT_MJ,129.645518569261,0.129939718687207,30
IGFdw_OR,AHM,126.351542597594,0.129939718687207,30
IGFdw_OR,CMDMax,122.345764823951,0.129939718687207,30
IGFdw_OR,PAS_sp,120.095686943717,0.129939718687207,30
IGFmh_OR,Eref_at,148.551075425545,0.125707814269536,24
IGFmh_OR,PPT_JAS,138.744705108325,0.125707814269536,24
IGFmh_OR,PAS_wt,129.168456852128,0.125707814269536,24
IGFmh_OR,PPT_MJ,113.545364393596,0.125707814269536,24
IGFmh_OR,CMD.total,106.446744097881,0.125707814269536,24
IGFmh_OR,Tmin_wt,95.4084047648975,0.125707814269536,24
IGFmm_OR,Eref_at,309.297601785695,0.149622851490046,55
IGFmm_OR,PPT_JAS,274.871645184992,0.149622851490046,55
IGFmm_OR,PAS_wt,272.622469349582,0.149622851490046,55
IGFmm_OR,PPT_MJ,271.387430798281,0.149622851490046,55
IGFmm_OR,Tmin_wt,220.859386979532,0.149622851490046,55
IGFmm_OR,CMD.total,195.295248201943,0.149622851490046,55
IGFxm_OR,PPT_MJ,225.46369846445,0.127805937726285,38
IGFxm_OR,PPT_JAS,194.507438588117,0.127805937726285,38
IGFxm_OR,PAS_wt,176.537984684993,0.127805937726285,38
IGFxm_OR,Eref_at,160.962545843825,0.127805937726285,38
IGFxm_OR,Tmin_wt,155.46159221912,0.127805937726285,38
IGFxm_OR,MCMT,148.451012057061,0.127805937726285,38
IMAab,Eref_at,104.241985431633,0.228888888888889,15
IMAab,PAS_wt,91.526688078366,0.228888888888889,15
IMAab,EMT,83.4979802701359,0.228888888888889,15
IMAab,Tmin_wt,79.7974040502783,0.228888888888889,15
IMAab,Eref_sm,68.5168370841858,0.228888888888889,15
IMAab,PAS_at,64.0856738609502,0.228888888888889,15
IMAun,PAS_wt,151.399163085803,0.246666666666667,29
IMAun,Tmin_wt,136.276057183616,0.246666666666667,29
IMAun,Eref_at,128.6474072474,0.246666666666667,29
IMAun,MCMT,120.709496380299,0.246666666666667,29
IMAun,EMT,116.518362368904,0.246666666666667,29
IMAun,PAS_at,112.87511877107,0.246666666666667,29
IWFdm_CO,SHM,88.8795715857331,0.124203821656051,17
IWFdm_CO,EXT,81.4738010268728,0.124203821656051,17
IWFdm_CO,PPT_JAS,79.6615845788874,0.124203821656051,17
IWFdm_CO,PPT_MJ,74.1848800046985,0.124203821656051,17
IWFdm_CO,Eref_at,67.3215035317877,0.124203821656051,17
IWFdm_CO,TmaxJuly,64.9570337625945,0.124203821656051,17
IWFdw_OR,Eref_at,202.724641526723,0.12570735650768,34
IWFdw_OR,CMD.total,159.463068921392,0.12570735650768,34
IWFdw_OR,PPT_MJ,155.399879511408,0.12570735650768,34
IWFdw_OR,PAS_wt,147.207830019486,0.12570735650768,34
IWFdw_OR,CMI,135.169440843876,0.12570735650768,34
IWFdw_OR,AHM,129.459387392256,0.12570735650768,34
IWFxk_NV,Eref_at,267.561106173125,0.141263940520446,37
IWFxk_NV,PPT_JAS,233.595864799023,0.141263940520446,37
IWFxk_NV,PAS_wt,173.818972555143,0.141263940520446,37
IWFxk_NV,PPT_MJ,167.235721312325,0.141263940520446,37
IWFxk_NV,Tmin_wt,142.306100671881,0.141263940520446,37
IWFxk_NV,EXT,136.890907079004,0.141263940520446,37
IWFxm_CA,AHM,73.1894479432137,0.127584170112227,12
IWFxm_CA,PAS_wt,68.7614989643811,0.127584170112227,12
IWFxm_CA,EMT,55.1275478168125,0.127584170112227,12
IWFxm_CA,CMD.total,50.3890034334036,0.127584170112227,12
IWFxm_CA,Tmin_wt,49.2134345428381,0.127584170112227,12
IWFxm_CA,PAS,47.5475438731086,0.127584170112227,12
JPWdm_WY,Eref_at,159.447600708913,0.125764993880049,23
JPWdm_WY,PPT_JAS,130.587976807823,0.125764993880049,23
JPWdm_WY,PPT_MJ,119.839815364312,0.125764993880049,23
JPWdm_WY,PAS_wt,93.4576536331655,0.125764993880049,23
JPWdm_WY,SHM,93.0566268585744,0.125764993880049,23
JPWdm_WY,EXT,72.3389917171225,0.125764993880049,23
JPWdw_UT,PPT_JAS,160.097545238346,0.122757560225525,30
JPWdw_UT,PPT_MJ,156.999463889554,0.122757560225525,30
JPWdw_UT,SHM,135.420366510299,0.122757560225525,30
JPWdw_UT,PAS_wt,128.551852424966,0.122757560225525,30
JPWdw_UT,Eref_at,118.767314697554,0.122757560225525,30
JPWdw_UT,CMD.total,112.138538635952,0.122757560225525,30
JPWwm_CO,EXT,33.2096007161666,0.0962099125364431,8
JPWwm_CO,MWMT,28.9674183190522,0.0962099125364431,8
JPWwm_CO,TmaxJuly,27.5054065225564,0.0962099125364431,8
JPWwm_CO,Tmax_sm,27.1029556721758,0.0962099125364431,8
JPWwm_CO,DD18_sm,24.3150461096493,0.0962099125364431,8
JPWwm_CO,PAS_at,21.4564465758932,0.0962099125364431,8
JPWxh_CA,CMI,65.3834553496246,0.0943296237413885,17
JPWxh_CA,CMD.total,62.9339951311365,0.0943296237413885,17
JPWxh_CA,AHM,60.4998883228569,0.0943296237413885,17
JPWxh_CA,PPT_sp,55.2494452682291,0.0943296237413885,17
JPWxh_CA,PAS_sp,53.9218924019265,0.0943296237413885,17
JPWxh_CA,MCMT,51.3018909511577,0.0943296237413885,17
JPWxw_NV,Eref_at,343.030310580253,0.138364779874214,69
JPWxw_NV,PPT_JAS,324.902003746212,0.138364779874214,69
JPWxw_NV,PAS_wt,293.387073496274,0.138364779874214,69
JPWxw_NV,PPT_MJ,289.711651128487,0.138364779874214,69
JPWxw_NV,CMD.total,247.943385559415,0.138364779874214,69
JPWxw_NV,SHM,236.481985501081,0.138364779874214,69
MGPdm,Eref_sm,24.2198751368196,0.0561594202898551,4
MGPdm,Eref_at,23.6364708386759,0.0561594202898551,4
MGPdm,Eref,23.2181323456855,0.0561594202898551,4
MGPdm,CMD.total,22.8391670365857,0.0561594202898551,4
MGPdm,SHM,21.9903936701422,0.0561594202898551,4
MGPdm,CMD_sm,21.4434848464749,0.0561594202898551,4
MGPmg,EXT,27.9332065701509,0.0614849187935035,6
MGPmg,AHM,27.6373206448226,0.0614849187935035,6
MGPmg,CMD,25.5116539556384,0.0614849187935035,6
MGPmg,CMD_sp,24.7844595662063,0.0614849187935035,6
MGPmg,DD18_sm,24.7466254599145,0.0614849187935035,6
MGPmg,CMD.total,24.1451678591404,0.0614849187935035,6
MGPmw_MT,Eref_at,123.658388530638,0.124425476034143,25
MGPmw_MT,PPT_JAS,117.712908928846,0.124425476034143,25
MGPmw_MT,PPT_MJ,105.605654400994,0.124425476034143,25
MGPmw_MT,SHM,102.587509615051,0.124425476034143,25
MGPmw_MT,CMD.grow,73.1208991942338,0.124425476034143,25
MGPmw_MT,CMD_sm,69.4743071592287,0.124425476034143,25
MHdm_OR,Eref_at,91.0572169199387,0.120592383638928,19
MHdm_OR,CMDMax,90.8020126838184,0.120592383638928,19
MHdm_OR,CMD.total,80.1360249886058,0.120592383638928,19
MHdm_OR,CMD,79.4735784438214,0.120592383638928,19
MHdm_OR,PPT_JAS,75.7576670386763,0.120592383638928,19
MHdm_OR,CMD.grow,73.5122113036366,0.120592383638928,19
MHds_OR,Tmax_wt,77.0176527117489,0.0868635002139495,16
MHds_OR,Eref_at,76.7240644779713,0.0868635002139495,16
MHds_OR,PAS_sp,68.1979905664182,0.0868635002139495,16
MHds_OR,PPT_MJ,63.5396457972852,0.0868635002139495,16
MHds_OR,PPT_sp,61.3563692573923,0.0868635002139495,16
MHds_OR,CMI,59.821743975558,0.0868635002139495,16
MHds_WA,CMDMax,70.4293036571714,0.152820512820513,13
MHds_WA,CMD,67.9774882996463,0.152820512820513,13
MHds_WA,CMD.grow,61.9326989931626,0.152820512820513,13
MHds_WA,CMD.total,58.464164186529,0.152820512820513,13
MHds_WA,CMD_sm,55.9536127393339,0.152820512820513,13
MHds_WA,MCMT,48.3810629849631,0.152820512820513,13
MHmm_WA,Eref_at,102.188076599531,0.138823529411765,17
MHmm_WA,CMDMax,95.0879294378266,0.138823529411765,17
MHmm_WA,CMD.grow,73.2575127375471,0.138823529411765,17
MHmm_WA,CMD.total,70.2038627530161,0.138823529411765,17
MHmm_WA,CMD_sm,67.761584156938,0.138823529411765,17
MHmm_WA,CMD,61.7184506206015,0.138823529411765,17
MHmm1,Eref_at,183.241163489025,0.226666666666667,18
MHmm1,Eref_sm,80.3377171915382,0.226666666666667,18
MHmm1,Eref,78.5308619424771,0.226666666666667,18
MHmm1,DD5_sp,73.3630151538339,0.226666666666667,18
MHmm1,DD18_sp,69.1941424533256,0.226666666666667,18
MHmm1,DD_0_sp,66.4336041638398,0.226666666666667,18
MHmm2,Eref_at,313.116578411852,0.2465,40
MHmm2,MCMT,170.342295952912,0.2465,40
MHmm2,Tmax_wt,165.128728295782,0.2465,40
MHmm2,PPT_JAS,148.236337729967,0.2465,40
MHmm2,Tmin_wt,140.028474572998,0.2465,40
MHmm2,PAS_sp,133.365747020297,0.2465,40
MHmmp,Eref_at,135.66261271286,0.241130968258202,25
MHmmp,Tmax_wt,118.974156560703,0.241130968258202,25
MHmmp,MCMT,99.6627465630196,0.241130968258202,25
MHmmp,PPT_JAS,94.5984316042581,0.241130968258202,25
MHmmp,Tmin_sp,93.871243586005,0.241130968258202,25
MHmmp,Eref_sm,91.9627018440264,0.241130968258202,25
MHms_WA,CMDMax,89.7312211150882,0.141333333333333,15
MHms_WA,CMD.total,68.7682338246082,0.141333333333333,15
MHms_WA,CMD.grow,68.0672764261054,0.141333333333333,15
MHms_WA,CMD_sm,66.7167065843343,0.141333333333333,15
MHms_WA,CMD,65.9955411119921,0.141333333333333,15
MHms_WA,Eref_at,59.4445966134911,0.141333333333333,15
MHRFdm_OR,PPT_MJ,82.3492697483096,0.120340356564019,17
MHRFdm_OR,Eref_at,73.3230160688306,0.120340356564019,17
MHRFdm_OR,Tmin_sp,70.4837993878589,0.120340356564019,17
MHRFdm_OR,CMI,68.6051855677001,0.120340356564019,17
MHRFdm_OR,SHM,65.2314435714817,0.120340356564019,17
MHRFdm_OR,NFFD_sp,63.4481986063954,0.120340356564019,17
MHRFds_CA,Eref_at,120.220045457365,0.102328632338472,21
MHRFds_CA,PPT_MJ,94.1781615270942,0.102328632338472,21
MHRFds_CA,CMD.total,79.7034491207716,0.102328632338472,21
MHRFds_CA,AHM,77.0199880124598,0.102328632338472,21
MHRFds_CA,SHM,76.5628206928037,0.102328632338472,21
MHRFds_CA,CMI,72.8623220001855,0.102328632338472,21
MHRFmm_OR,PPT_MJ,73.7563360131961,0.112987012987013,16
MHRFmm_OR,NFFD_sp,72.0123432714554,0.112987012987013,16
MHRFmm_OR,PAS_sp,65.2090599793428,0.112987012987013,16
MHRFmm_OR,Tmin_sp,65.1335047563135,0.112987012987013,16
MHRFmm_OR,CMD.grow,62.0306486279016,0.112987012987013,16
MHRFmm_OR,Tmax_wt,59.8235892567076,0.112987012987013,16
MHun,CMI,34.003413681494,0.0616666666666667,4
MHun,PAS,26.9418039117317,0.0616666666666667,4
MHun,bFFP,25.8218181942383,0.0616666666666667,4
MHun,PAS_at,23.8733597602916,0.0616666666666667,4
MHun,Tmin_sm,17.8332419730737,0.0616666666666667,4
MHun,NFFD_sm,17.6236538615369,0.0616666666666667,4
MHwh,DD_18_wt,32.6850826157619,0.117333333333333,5
MHwh,Tave_wt,30.9191355442255,0.117333333333333,5
MHwh,Tmin,30.4791982696278,0.117333333333333,5
MHwh,DD_0_wt,30.2718069233287,0.117333333333333,5
MHwh,NFFD_sp,27.5369322962625,0.117333333333333,5
MHwh,Tmin_at,25.6913248725484,0.117333333333333,5
MHwh1,Tave_sp,42.0949155170546,0.175,8
MHwh1,Eref_at,41.0331377717486,0.175,8
MHwh1,DD_18_sp,39.3526668153061,0.175,8
MHwh1,DD_0_sp,36.7469007430395,0.175,8
MHwh1,Tmin_sm,34.9437673106166,0.175,8
MHwh1,PAS_sp,34.9304583706314,0.175,8
MHwhp,Tmax_sp,55.6074403960159,0.167980594299576,11
MHwhp,Tave_sp,54.9048042228662,0.167980594299576,11
MHwhp,DD_18_sp,54.116731483477,0.167980594299576,11
MHwhp,DD_0_sp,53.2493811115544,0.167980594299576,11
MHwhp,DD18_sp,44.9126840162274,0.167980594299576,11
MHwhp,Tmin_wt,43.3236691902663,0.167980594299576,11
MMMdk_NV,PPT_JAS,109.879033171961,0.100076103500761,18
MMMdk_NV,Eref_at,102.819089010791,0.100076103500761,18
MMMdk_NV,Tmax_sm,88.3490186225164,0.100076103500761,18
MMMdk_NV,CMD.total,84.0210013038445,0.100076103500761,18
MMMdk_NV,Tmin_wt,83.6599134967401,0.100076103500761,18
MMMdk_NV,EXT,79.8113715719244,0.100076103500761,18
MSabN,Tmin_wt,49.5093126466633,0.104166666666667,8
MSabN,PAS,42.2986128837445,0.104166666666667,8
MSabN,MCMT,41.6550890314682,0.104166666666667,8
MSabN,PAS_wt,40.4491774741029,0.104166666666667,8
MSabN,EMT,40.0386105162185,0.104166666666667,8
MSabN,PAS_at,37.6363748115787,0.104166666666667,8
MSabS,DD18_sp,80.4773738975095,0.123809523809524,14
MSabS,PAS_at,71.1392735213711,0.123809523809524,14
MSabS,EMT,70.3398280896584,0.123809523809524,14
MSabS,Tmin_wt,66.3302744526638,0.123809523809524,14
MSabS,PAS_wt,65.7023572786037,0.123809523809524,14
MSabS,DD5_sp,63.1772171890929,0.123809523809524,14
MSdc1,EMT,39.4341892074939,0.260740740740741,9
MSdc1,PPT_sp,39.3880221684078,0.260740740740741,9
MSdc1,CMI,39.0002175420251,0.260740740740741,9
MSdc1,Tmax_wt,36.0579386816878,0.260740740740741,9
MSdc1,Tmin_wt,35.366867125161,0.260740740740741,9
MSdc1,PAS_wt,35.1253336916659,0.260740740740741,9
MSdc2,PPT_JAS,48.9096038868399,0.18,10
MSdc2,eFFP,47.5245147915396,0.18,10
MSdc2,DD5_wt,41.5977716649996,0.18,10
MSdc2,DD_0,39.2472534821098,0.18,10
MSdc2,DD_0_at,38.8835327640145,0.18,10
MSdc2,Tave_wt,37.5127607651728,0.18,10
MSdc3,CMI,61.3997908705634,0.174285714285714,7
MSdc3,CMD.total,42.2306714434592,0.174285714285714,7
MSdc3,PAS_wt,41.0897698403372,0.174285714285714,7
MSdc3,PAS_sp,33.7435090925158,0.174285714285714,7
MSdc3,AHM,30.8097500520804,0.174285714285714,7
MSdc3,PAS,30.6216896808088,0.174285714285714,7
MSdh_MT,Eref_at,163.626248175715,0.147589098532495,32
MSdh_MT,Tmin_wt,134.145945194193,0.147589098532495,32
MSdh_MT,PAS_wt,128.677633372879,0.147589098532495,32
MSdh_MT,CMD.total,124.251046792161,0.147589098532495,32
MSdh_MT,PAS_at,122.992443496689,0.147589098532495,32
MSdh_MT,PPT_JAS,122.913033207573,0.147589098532495,32
MSdh_UT,Eref_at,237.991468146195,0.143537414965986,41
MSdh_UT,PPT_JAS,190.498167708218,0.143537414965986,41
MSdh_UT,PPT_MJ,182.451255600229,0.143537414965986,41
MSdh_UT,PAS_wt,172.506442000166,0.143537414965986,41
MSdh_UT,EXT,156.201694688135,0.143537414965986,41
MSdh_UT,Tmax_wt,150.255011486539,0.143537414965986,41
MSdh_WY,Eref_at,233.343893208224,0.15129425766141,46
MSdh_WY,PPT_MJ,205.866244403705,0.15129425766141,46
MSdh_WY,PAS_wt,202.518392379704,0.15129425766141,46
MSdh_WY,CMD.total,183.194313300648,0.15129425766141,46
MSdh_WY,PPT_JAS,181.383272946918,0.15129425766141,46
MSdh_WY,Tmin_wt,171.022259216311,0.15129425766141,46
MSdk,Eref_at,75.4874834261212,0.216923076923077,13
MSdk,Tmin_wt,70.6376006030739,0.216923076923077,13
MSdk,Eref_sp,65.4757172595449,0.216923076923077,13
MSdk,EMT,57.698819634096,0.216923076923077,13
MSdk,Tmax_sp,53.2711066748966,0.216923076923077,13
MSdk,MCMT,52.9189401026735,0.216923076923077,13
MSdk_CO,SHM,82.684051363259,0.129126213592233,16
MSdk_CO,PPT_JAS,73.1451843075361,0.129126213592233,16
MSdk_CO,PAS_wt,63.5279444442226,0.129126213592233,16
MSdk_CO,PPT_MJ,61.3605297170335,0.129126213592233,16
MSdk_CO,Eref_at,60.1477864889526,0.129126213592233,16
MSdk_CO,EXT,58.7780935281478,0.129126213592233,16
MSdm_WA,PPT_MJ,188.069878880269,0.132794001578532,34
MSdm_WA,PAS_wt,173.87419854793,0.132794001578532,34
MSdm_WA,PPT_JAS,173.628126260538,0.132794001578532,34
MSdm_WA,Eref_at,159.845086345789,0.132794001578532,34
MSdm_WA,SHM,143.464845728477,0.132794001578532,34
MSdm_WA,Tmin_wt,141.453656807311,0.132794001578532,34
MSdm1,CMD.total,40.0586386017343,0.203333333333333,8
MSdm1,PAS,39.059844084011,0.203333333333333,8
MSdm1,PAS_at,37.2283585412535,0.203333333333333,8
MSdm1,PAS_wt,34.1525082126387,0.203333333333333,8
MSdm1,AHM,33.1900947199982,0.203333333333333,8
MSdm1,CMI,31.7545946623674,0.203333333333333,8
MSdm2,CMI,91.9011924612583,0.145833333333333,16
MSdm2,PAS_wt,88.2794581734268,0.145833333333333,16
MSdm2,PPT_JAS,83.1920462158233,0.145833333333333,16
MSdm2,PPT_sp,78.9672363616608,0.145833333333333,16
MSdm2,Tmax_sp,72.8459208823402,0.145833333333333,16
MSdm2,PAS_at,67.4900844146174,0.145833333333333,16
MSdm3,PPT_JAS,84.7042532278388,0.212820512820513,13
MSdm3,PPT_sp,61.7085440967064,0.212820512820513,13
MSdm3,CMI,58.7678838111495,0.212820512820513,13
MSdm3,PPT_MJ,58.283199683203,0.212820512820513,13
MSdm3,PAS_wt,52.7059013497102,0.212820512820513,13
MSdm3,CMDMax,48.1959072554721,0.212820512820513,13
MSdv,eFFP,42.2902335882417,0.125555555555556,6
MSdv,PPT_sp,28.288814699389,0.125555555555556,6
MSdv,Tmax,27.3993515027493,0.125555555555556,6
MSdv,DD_0,22.8805388278527,0.125555555555556,6
MSdv,CMD_sp,22.2872580826983,0.125555555555556,6
MSdv,Tmin_at,19.8163644446897,0.125555555555556,6
MSdw,EMT,90.8000520002559,0.20047619047619,14
MSdw,Tmin_wt,78.9761070410717,0.20047619047619,14
MSdw,PAS_wt,69.0160706721521,0.20047619047619,14
MSdw,MCMT,61.3004164345319,0.20047619047619,14
MSdw,PAS_at,56.2684118758437,0.20047619047619,14
MSdw,Eref_at,53.5232235694312,0.20047619047619,14
MSdw_MT,PPT_MJ,209.120525903906,0.158451277045713,41
MSdw_MT,Eref_at,197.91480602362,0.158451277045713,41
MSdw_MT,PAS_wt,190.92754686167,0.158451277045713,41
MSdw_MT,Tmin_wt,183.853102943789,0.158451277045713,41
MSdw_MT,PAS_at,165.197389136304,0.158451277045713,41
MSdw_MT,EMT,160.521179436761,0.158451277045713,41
MSmm_ID,Eref_at,177.656612165478,0.135753450557761,36
MSmm_ID,PAS_wt,153.829445524548,0.135753450557761,36
MSmm_ID,Tmax_wt,150.77246146556,0.135753450557761,36
MSmm_ID,PPT_JAS,149.883065481739,0.135753450557761,36
MSmm_ID,PPT_MJ,146.152202253761,0.135753450557761,36
MSmm_ID,CMD.total,142.996653093396,0.135753450557761,36
MSxh_OR,CMD.total,127.398815386204,0.123292127521145,21
MSxh_OR,Eref_at,114.966420731445,0.123292127521145,21
MSxh_OR,PAS_wt,102.905329567314,0.123292127521145,21
MSxh_OR,PPT_JAS,93.0038684656981,0.123292127521145,21
MSxh_OR,EXT,90.8559530743422,0.123292127521145,21
MSxh_OR,AHM,80.6047905564058,0.123292127521145,21
MSxk_WA,Eref_at,179.075452111443,0.116428900138058,29
MSxk_WA,PPT_MJ,164.232004739664,0.116428900138058,29
MSxk_WA,PAS_wt,155.289343354827,0.116428900138058,29
MSxk_WA,PPT_JAS,124.201822589727,0.116428900138058,29
MSxk_WA,Tmax_wt,111.859607669819,0.116428900138058,29
MSxk_WA,Tmin_wt,110.977548603387,0.116428900138058,29
MSxk1,CMDMax,36.334899373328,0.170833333333333,8
MSxk1,Tmax_sp,34.0562090205494,0.170833333333333,8
MSxk1,DD5_sp,33.3045800015726,0.170833333333333,8
MSxk1,DD18_sp,31.8497134861427,0.170833333333333,8
MSxk1,Eref_sp,31.7898065117826,0.170833333333333,8
MSxk1,CMI,28.8974062284939,0.170833333333333,8
MSxk2,CMI,47.3719764330356,0.154219793564056,11
MSxk2,Tmin_wt,46.7067311479067,0.154219793564056,11
MSxk2,Tmax_sp,45.8231057475313,0.154219793564056,11
MSxk2,CMD_sp,44.9262970781237,0.154219793564056,11
MSxk2,PPT_JAS,44.8381714275227,0.154219793564056,11
MSxk2,DD_18_wt,44.6370132320027,0.154219793564056,11
MSxk3,EMT,82.4115273540405,0.142993326978074,14
MSxk3,Tmin_wt,81.7095881136767,0.142993326978074,14
MSxk3,PAS_at,69.2235680600413,0.142993326978074,14
MSxk3,MCMT,65.024385511947,0.142993326978074,14
MSxk3,PAS_wt,63.0423127979135,0.142993326978074,14
MSxk3,CMI,55.1311800189612,0.142993326978074,14
MSxm_CO,Eref_at,163.817266326474,0.132634807053412,27
MSxm_CO,PPT_MJ,131.208955337679,0.132634807053412,27
MSxm_CO,PPT_JAS,117.245466240422,0.132634807053412,27
MSxm_CO,Eref_sp,111.801143662923,0.132634807053412,27
MSxm_CO,EXT,111.245376651229,0.132634807053412,27
MSxm_CO,SHM,108.506663311989,0.132634807053412,27
MSxv,Eref_at,119.628586087701,0.162666666666667,20
MSxv,PAS_at,118.395935095699,0.162666666666667,20
MSxv,PPT_JAS,91.1180026826103,0.162666666666667,20
MSxv,Tmax_wt,87.6199166563991,0.162666666666667,20
MSxv,PAS,80.7831348949016,0.162666666666667,20
MSxv,EMT,71.0369412191802,0.162666666666667,20
MSxx_NV,Eref_at,169.400580966079,0.112280701754386,25
MSxx_NV,EXT,119.153221800413,0.112280701754386,25
MSxx_NV,Tmin_wt,116.699912579488,0.112280701754386,25
MSxx_NV,PAS_wt,116.183462983569,0.112280701754386,25
MSxx_NV,TmaxJuly,111.952888324508,0.112280701754386,25
MSxx_NV,PPT_JAS,109.820008170031,0.112280701754386,25
OWdm_OR,CMD.total,73.7867021775606,0.104562737642586,12
OWdm_OR,CMI,64.8158200676525,0.104562737642586,12
OWdm_OR,AHM,57.6869895270863,0.104562737642586,12
OWdm_OR,PAS_wt,56.255478273902,0.104562737642586,12
OWdm_OR,PAS,54.8449663148131,0.104562737642586,12
OWdm_OR,PPT_sp,51.8640091242289,0.104562737642586,12
OWmm_OR,Tmin_sp,24.4017213588376,0.0592216582064298,4
OWmm_OR,SHM,22.1627643969621,0.0592216582064298,4
OWmm_OR,NFFD_sp,22.1261537007928,0.0592216582064298,4
OWmm_OR,Tmax_wt,21.6922233752276,0.0592216582064298,4
OWmm_OR,CMD.grow,20.3559528528785,0.0592216582064298,4
OWmm_OR,PPT_JAS,20.2342770295453,0.0592216582064298,4
PPmx_WY,DD18_sp,33.0984758854254,0.109170305676856,8
PPmx_WY,Tmax_sp,24.4616479246491,0.109170305676856,8
PPmx_WY,Eref_at,22.9314104369707,0.109170305676856,8
PPmx_WY,DD5_sp,22.3757157443315,0.109170305676856,8
PPmx_WY,Eref_sm,22.1649857710704,0.109170305676856,8
PPmx_WY,EXT,20.7616031896624,0.109170305676856,8
PPxh_CO,PPT_JAS,86.4816515676937,0.112470862470862,15
PPxh_CO,SHM,81.3578945810535,0.112470862470862,15
PPxh_CO,CMDMax,55.5816896604658,0.112470862470862,15
PPxh_CO,PAS_at,42.6143186959,0.112470862470862,15
PPxh_CO,CMD_sm,41.1933625641464,0.112470862470862,15
PPxh_CO,AHM,37.2462775046762,0.112470862470862,15
PPxh_WA,Eref_at,203.386283180627,0.0961169702780441,28
PPxh_WA,PPT_MJ,177.534007644514,0.0961169702780441,28
PPxh_WA,PPT_JAS,153.581934645665,0.0961169702780441,28
PPxh_WA,PAS_wt,116.605486777119,0.0961169702780441,28
PPxh_WA,SHM,109.739017497984,0.0961169702780441,28
PPxh_WA,Tmin_wt,106.833794301023,0.0961169702780441,28
PPxh1,CMD_sm,48.6052317842354,0.07,6
PPxh1,CMDMax,41.3744555832881,0.07,6
PPxh1,CMD.grow,40.1962326603293,0.07,6
PPxh1,PPT_JAS,35.0896258363286,0.07,6
PPxh1,PPT_MJ,32.8531357075654,0.07,6
PPxh1,EXT,28.6848413613874,0.07,6
PPxh2,CMI,54.6066347687978,0.151666666666667,8
PPxh2,PAS_at,47.340396052272,0.151666666666667,8
PPxh2,CMD.total,45.8434507166991,0.151666666666667,8
PPxh2,PAS_wt,42.3172759298319,0.151666666666667,8
PPxh2,PAS,41.0596303520413,0.151666666666667,8
PPxh2,AHM,38.9787090051685,0.151666666666667,8
PPxk_OR,AHM,42.852768203017,0.116186693147964,7
PPxk_OR,PAS_wt,37.3093127336801,0.116186693147964,7
PPxk_OR,PAS,37.0643230215165,0.116186693147964,7
PPxk_OR,CMI,33.7665815311793,0.116186693147964,7
PPxk_OR,PPT_sp,30.3147923991105,0.116186693147964,7
PPxk_OR,PAS_sp,27.8500570183472,0.116186693147964,7
PPxm_OR,CMD.total,146.624639419752,0.130868677704695,30
PPxm_OR,Eref_at,142.232379170754,0.130868677704695,30
PPxm_OR,AHM,137.416640242639,0.130868677704695,30
PPxm_OR,PAS_wt,134.568504600881,0.130868677704695,30
PPxm_OR,PPT_MJ,131.800412397781,0.130868677704695,30
PPxm_OR,SHM,125.677247162206,0.130868677704695,30
PPxw_MT,Eref_at,141.845161296495,0.135990264679039,24
PPxw_MT,PPT_MJ,109.715983179396,0.135990264679039,24
PPxw_MT,PAS_wt,108.951742346119,0.135990264679039,24
PPxw_MT,PPT_JAS,105.834868504361,0.135990264679039,24
PPxw_MT,SHM,97.0788389929048,0.135990264679039,24
PPxw_MT,Tmin_wt,93.3497322318186,0.135990264679039,24
PPxw_WY,PPT_MJ,80.6200551515673,0.13477366255144,16
PPxw_WY,PPT_JAS,64.252219776957,0.13477366255144,16
PPxw_WY,SHM,58.9500519437015,0.13477366255144,16
PPxw_WY,DD5_sp,52.2711690516427,0.13477366255144,16
PPxw_WY,EXT,50.5192536903637,0.13477366255144,16
PPxw_WY,AHM,46.6810042348078,0.13477366255144,16
PPxx_OR,Tmax_wt,68.8268674347679,0.0700365408038977,11
PPxx_OR,AHM,67.7286791453266,0.0700365408038977,11
PPxx_OR,CMD.total,64.9518513010388,0.0700365408038977,11
PPxx_OR,PAS,57.4960148973721,0.0700365408038977,11
PPxx_OR,Eref_at,48.0701232895701,0.0700365408038977,11
PPxx_OR,Eref_wt,44.9127335366227,0.0700365408038977,11
SASbo,Tmax,18.3338564090224,0.0688888888888889,3
SASbo,bFFP,17.6590293405362,0.0688888888888889,3
SASbo,DD5_sp,15.1914689150835,0.0688888888888889,3
SASbo,NFFD_sm,14.413372200007,0.0688888888888889,3
SASbo,DD_18_sp,14.3786624684728,0.0688888888888889,3
SASbo,AHM,13.1850780684287,0.0688888888888889,3
SBAPcp,Eref_sm,25.8505637647412,0.0826666666666667,5
SBAPcp,CMD_sm,24.4137345180583,0.0826666666666667,5
SBAPcp,AHM,21.8001002238511,0.0826666666666667,5
SBAPcp,Eref,21.7958676496224,0.0826666666666667,5
SBAPcp,CMD.grow,21.4422671173305,0.0826666666666667,5
SBAPcp,EMT,20.2966230496739,0.0826666666666667,5
SBAPfp,CMDMax,34.5585113853228,0.0695238095238095,7
SBAPfp,CMD_sm,33.7964831924386,0.0695238095238095,7
SBAPfp,Eref_sm,30.4458434366164,0.0695238095238095,7
SBAPfp,Tmin_wt,28.902861364281,0.0695238095238095,7
SBAPfp,NFFD_sp,28.7450195456377,0.0695238095238095,7
SBAPfp,DD18_sp,28.4132536175324,0.0695238095238095,7
SBPSdc,Eref_at,53.7518729644744,0.137037037037037,9
SBPSdc,PPT_MJ,44.8871500160944,0.137037037037037,9
SBPSdc,CMD.grow,44.4914045960397,0.137037037037037,9
SBPSdc,PPT_JAS,38.7712017422952,0.137037037037037,9
SBPSdc,Eref,38.448872650984,0.137037037037037,9
SBPSdc,DD18_sp,35.3277619514751,0.137037037037037,9
SBPSmc,Eref_at,73.8661944441356,0.139259259259259,9
SBPSmc,Tmax_wt,43.2838228116957,0.139259259259259,9
SBPSmc,PPT_MJ,42.2454393177503,0.139259259259259,9
SBPSmc,Eref,41.502435851016,0.139259259259259,9
SBPSmc,CMD.grow,39.8943539375255,0.139259259259259,9
SBPSmc,PPT_JAS,37.6195151161552,0.139259259259259,9
SBPSmk,PPT_MJ,88.9250422529757,0.133809523809524,14
SBPSmk,PPT_JAS,78.292295718725,0.133809523809524,14
SBPSmk,CMD.grow,55.8744571369602,0.133809523809524,14
SBPSmk,MCMT,55.4432008850503,0.133809523809524,14
SBPSmk,Eref,51.8241109175609,0.133809523809524,14
SBPSmk,Eref_at,51.3240576925292,0.133809523809524,14
SBPSxc,PAS_at,46.0251430319484,0.13,10
SBPSxc,PPT_JAS,42.9879021129861,0.13,10
SBPSxc,DD5_wt,40.787711127779,0.13,10
SBPSxc,PPT_MJ,39.7318692478094,0.13,10
SBPSxc,PAS_sp,38.4686521224962,0.13,10
SBPSxc,DD_0_wt,36.5157977117357,0.13,10
SBSdh1,MCMT,38.2988739592846,0.145555555555556,6
SBSdh1,Tmin_at,32.0205307337773,0.145555555555556,6
SBSdh1,DD_0_wt,27.1864817611331,0.145555555555556,6
SBSdh1,Tmin,25.2637892589748,0.145555555555556,6
SBSdh1,Tave_wt,23.2956069544009,0.145555555555556,6
SBSdh1,eFFP,23.1771582392595,0.145555555555556,6
SBSdh2,MCMT,45.2007318506815,0.135287485907554,6
SBSdh2,PAS_wt,38.196427647017,0.135287485907554,6
SBSdh2,Tmin_wt,37.4336203906626,0.135287485907554,6
SBSdh2,Tmin_at,30.1620581458932,0.135287485907554,6
SBSdh2,EMT,22.4926201731395,0.135287485907554,6
SBSdh2,PAS_at,21.7821721426852,0.135287485907554,6
SBSdk,Eref_at,67.7913129885518,0.118787878787879,11
SBSdk,Tmin_wt,66.653185464806,0.118787878787879,11
SBSdk,PPT_MJ,61.0558322081845,0.118787878787879,11
SBSdk,PPT_JAS,55.3706297428357,0.118787878787879,11
SBSdk,EMT,47.7565138123215,0.118787878787879,11
SBSdk,SHM,42.7833497867094,0.118787878787879,11
SBSdw1,EMT,72.8925375475084,0.157777777777778,12
SBSdw1,Tmin_wt,67.6502980315788,0.157777777777778,12
SBSdw1,MCMT,58.8034530607159,0.157777777777778,12
SBSdw1,DD_0_wt,46.0957263191994,0.157777777777778,12
SBSdw1,Eref_at,45.0980588716956,0.157777777777778,12
SBSdw1,Tmin_sm,44.5368539218549,0.157777777777778,12
SBSdw2,PPT_MJ,77.420748551633,0.155897435897436,13
SBSdw2,PPT_JAS,74.0798199702617,0.155897435897436,13
SBSdw2,Eref_at,64.1820758718497,0.155897435897436,13
SBSdw2,SHM,59.5340761948433,0.155897435897436,13
SBSdw2,CMD.grow,49.6565339579636,0.155897435897436,13
SBSdw2,CMI,46.2543130624942,0.155897435897436,13
SBSdw3,PPT_MJ,45.1301919374381,0.0986646884272997,9
SBSdw3,PPT_JAS,44.7457391014953,0.0986646884272997,9
SBSdw3,DD18_sm,42.7010735070913,0.0986646884272997,9
SBSdw3,Tmin_sp,37.9372957978457,0.0986646884272997,9
SBSdw3,Tmax_wt,36.6155788169784,0.0986646884272997,9
SBSdw3,MCMT,36.1350869656928,0.0986646884272997,9
SBSmc1,PPT_MJ,43.9190862692475,0.14,9
SBSmc1,PPT_JAS,43.0130277449738,0.14,9
SBSmc1,Tmin_wt,40.2217718516923,0.14,9
SBSmc1,EMT,38.81225239484,0.14,9
SBSmc1,Tmax_sp,37.6210946693737,0.14,9
SBSmc1,PPT_sp,36.4086026501995,0.14,9
SBSmc2,Eref_at,138.304356633054,0.175652173913043,23
SBSmc2,PAS_wt,105.913561522748,0.175652173913043,23
SBSmc2,Tmax_wt,103.478662233333,0.175652173913043,23
SBSmc2,PPT_JAS,100.113193711821,0.175652173913043,23
SBSmc2,MCMT,97.4663162547881,0.175652173913043,23
SBSmc2,DD5_wt,94.2725093561282,0.175652173913043,23
SBSmc3,Eref_at,66.8705074553751,0.1447631754503,10
SBSmc3,PPT_MJ,45.8863548099619,0.1447631754503,10
SBSmc3,NFFD_sm,40.9982043456003,0.1447631754503,10
SBSmc3,Tmin_sm,39.4253697717364,0.1447631754503,10
SBSmc3,PAS_at,37.7282207030722,0.1447631754503,10
SBSmc3,Tmax_wt,36.3935487341476,0.1447631754503,10
SBSmh,PPT_JAS,99.8728528887787,0.141333333333333,10
SBSmh,PAS_wt,60.2687216429421,0.141333333333333,10
SBSmh,PPT_MJ,54.5654126973763,0.141333333333333,10
SBSmh,CMD.total,47.3541474088313,0.141333333333333,10
SBSmh,Eref_at,46.8755941577437,0.141333333333333,10
SBSmh,PPT_sp,44.8571739055923,0.141333333333333,10
SBSmk1,PPT_MJ,74.6228813728206,0.113918017159199,14
SBSmk1,PPT_JAS,70.4716642965833,0.113918017159199,14
SBSmk1,PPT_sp,65.9396811563569,0.113918017159199,14
SBSmk1,DD5_wt,61.4186231039793,0.113918017159199,14
SBSmk1,Tmax_wt,59.524076445584,0.113918017159199,14
SBSmk1,Tave_wt,58.2219511628091,0.113918017159199,14
SBSmk2,PPT_JAS,45.2033688411271,0.155555555555556,9
SBSmk2,PPT_MJ,38.8797846751749,0.155555555555556,9
SBSmk2,CMDMax,38.8006974271389,0.155555555555556,9
SBSmk2,CMI,38.058101842015,0.155555555555556,9
SBSmk2,DD_0_at,36.2732470457645,0.155555555555556,9
SBSmk2,Tmin_sp,35.080785524128,0.155555555555556,9
SBSmm,PPT_MJ,68.6291469552103,0.188911704312115,13
SBSmm,Tmin_wt,67.7542879416079,0.188911704312115,13
SBSmm,CMI,64.7625929007159,0.188911704312115,13
SBSmm,PPT_JAS,60.6920789000819,0.188911704312115,13
SBSmm,EMT,60.135347738849,0.188911704312115,13
SBSmm,PAS_wt,56.1992028795719,0.188911704312115,13
SBSmw,PPT_JAS,64.7405493023627,0.150666666666667,10
SBSmw,PPT_MJ,51.0894490779387,0.150666666666667,10
SBSmw,Tmin_wt,47.0600137238515,0.150666666666667,10
SBSmw,DD18_sp,41.506558710626,0.150666666666667,10
SBSmw,Eref_at,41.4437680500941,0.150666666666667,10
SBSmw,PPT_sp,38.2714292639823,0.150666666666667,10
SBSun,PPT_MJ,49.8728347080991,0.146666666666667,9
SBSun,PAS_wt,45.4680778454566,0.146666666666667,9
SBSun,PPT_sp,37.5984226438999,0.146666666666667,9
SBSun,CMD_sp,37.4271626027116,0.146666666666667,9
SBSun,Tmax_wt,37.3756690971044,0.146666666666667,9
SBSun,PAS_sp,33.9385494478091,0.146666666666667,9
SBSvk,MCMT,73.2816499973956,0.191794871794872,13
SBSvk,DD5_wt,70.8061650588029,0.191794871794872,13
SBSvk,Tmin_wt,69.7376304951559,0.191794871794872,13
SBSvk,Tave_wt,62.2068228664519,0.191794871794872,13
SBSvk,DD_18_wt,60.9633676648568,0.191794871794872,13
SBSvk,DD_0_wt,55.3637948104786,0.191794871794872,13
SBSwk1,PPT_JAS,60.8496916642883,0.146,10
SBSwk1,Tmin_wt,49.5067334129294,0.146,10
SBSwk1,CMDMax,38.375695216016,0.146,10
SBSwk1,MCMT,35.6263738594352,0.146,10
SBSwk1,DD5_wt,35.1279508501302,0.146,10
SBSwk1,DD_18_sp,35.0486202181063,0.146,10
SBSwk2,PAS_wt,73.5504745393309,0.154871794871795,13
SBSwk2,PPT_MJ,68.9167051733899,0.154871794871795,13
SBSwk2,CMDMax,66.4128622384916,0.154871794871795,13
SBSwk2,MCMT,59.8609215812415,0.154871794871795,13
SBSwk2,Tmin_wt,59.8019870228514,0.154871794871795,13
SBSwk2,PPT_JAS,59.0755170537129,0.154871794871795,13
SBSwk3,PPT_JAS,30.9834319655727,0.124444444444444,6
SBSwk3,DD_0_wt,30.9231019295079,0.124444444444444,6
SBSwk3,DD5_wt,29.452239933469,0.124444444444444,6
SBSwk3,MCMT,28.6431220340598,0.124444444444444,6
SBSwk3,DD_18_wt,27.6024174790593,0.124444444444444,6
SBSwk3,Tave_wt,27.5791173644977,0.124444444444444,6
SBSwk3a,Tmax_wt,38.1962833966821,0.1225,8
SBSwk3a,PPT_JAS,37.9012732586193,0.1225,8
SBSwk3a,PPT_sp,37.7781373776079,0.1225,8
SBSwk3a,DD_18_wt,32.4697177270567,0.1225,8
SBSwk3a,Tave_wt,30.6305200581156,0.1225,8
SBSwk3a,MCMT,29.4942188410977,0.1225,8
SGPdm_CO,PPT_MJ,39.1223380557281,0.0688405797101449,9
SGPdm_CO,SHM,30.2494143951095,0.0688405797101449,9
SGPdm_CO,CMD_sp,27.8430205425425,0.0688405797101449,9
SGPdm_CO,EXT,26.820455855735,0.0688405797101449,9
SGPdm_CO,MWMT,22.7107878119828,0.0688405797101449,9
SGPdm_CO,DD5_sp,22.6539094645848,0.0688405797101449,9
SWBmk,PAS_wt,95.1681380186024,0.195686274509804,17
SWBmk,Tmax_sm,72.4720005100677,0.195686274509804,17
SWBmk,Eref_at,70.4507942663045,0.195686274509804,17
SWBmk,PPT_MJ,70.1237868978074,0.195686274509804,17
SWBmk,PAS_at,62.0744531208037,0.195686274509804,17
SWBmk,Tmax_sp,60.0789963224163,0.195686274509804,17
SWBmks,Eref_at,55.5731121999088,0.227878787878788,11
SWBmks,PAS_at,52.9770979080946,0.227878787878788,11
SWBmks,PAS_wt,43.3313412200346,0.227878787878788,11
SWBmks,Tmax_sp,43.0441327806456,0.227878787878788,11
SWBmks,DD_0_at,41.8252082429275,0.227878787878788,11
SWBmks,Eref,40.9175759081014,0.227878787878788,11
SWBun,PAS_wt,57.6953629514722,0.187272727272727,11
SWBun,Eref_sm,50.3755554507899,0.187272727272727,11
SWBun,Tmax_sm,45.7000750466359,0.187272727272727,11
SWBun,PAS_at,43.8910024207985,0.187272727272727,11
SWBun,Tmin_wt,41.7511348843427,0.187272727272727,11
SWBun,DD18_sm,41.0693828834026,0.187272727272727,11
SWBvk,DD18_sp,35.5434586040157,0.167777777777778,6
SWBvk,DD5_sp,28.7467554236179,0.167777777777778,6
SWBvk,CMI,27.8629860217975,0.167777777777778,6
SWBvk,Eref_sp,25.7194006998813,0.167777777777778,6
SWBvk,Tmax_sp,25.6217186182,0.167777777777778,6
SWBvk,Eref,25.1131694432071,0.167777777777778,6
SWBvks,CMD_sp,37.3231958803527,0.17,6
SWBvks,Tave_sp,27.6049789761411,0.17,6
SWBvks,Tmax_sp,25.5095653361358,0.17,6
SWBvks,DD18_sp,25.2676097805653,0.17,6
SWBvks,PPT_JAS,23.9986906215174,0.17,6
SWBvks,Tmin,23.8643630616433,0.17,6
WJPxm_OR,PPT_MJ,160.931120037297,0.133346581875994,35
WJPxm_OR,Eref_at,157.000272022202,0.133346581875994,35
WJPxm_OR,PPT_JAS,147.794537978358,0.133346581875994,35
WJPxm_OR,PAS_wt,147.073898699041,0.133346581875994,35
WJPxm_OR,AHM,142.033577875284,0.133346581875994,35
WJPxm_OR,CMD.total,141.708089464309,0.133346581875994,35
